id,year,part,main,sub,points,theme,ask,keywords,type,cluster,difficulty,importance,textbook,heading,related,memo,pdf_page,internal_page,source,question_page,problem_pdf_page,answer_pdf_page,problem_path,textbook_path,answer_path,official_primary_title,official_primary_url,official_related_titles,official_related_urls,official_ref_count,references_json,reference_count,reference_summary,official_display_section,official_display_excerpt,official_exam_url
H10-Q1(1),H10,第Ⅰ部,問題1,(1),,調整保険料方式,計算・選択,解約返戻金 / 調整保険料方式 / adjusted / premium / method / 解約返戻金 / 5年経過後 / 解約返戻金,計算型,解約返戻金,4,A,hoken1-seiho_02.pdf,第2章 解約および解約返戻金,2.4～2.7 解約返戻金・MVA・流動性リスク,平成10～19年度追加分：問題文キーワードから教科書・公式資料へ初期対応。必要に応じて後続で小見出し単位に精密化。,10,2,H10seiho1.pdf,p.1,1,4,exams/H10seiho1.pdf#page=1,textbooks/hoken1-seiho_02.pdf#page=10,exams/H10seiho1.pdf#page=4,,,,,,"[{""type"": ""教科書"", ""category"": ""教科書"", ""title"": ""第2章 解約および解約返戻金"", ""source"": ""hoken1-seiho_02.pdf"", ""usage"": ""2.4～2.7 解約返戻金・MVA・流動性リスク"", ""url"": ""textbooks/hoken1-seiho_02.pdf#page=10"", ""reason"": ""平成10～19年度追加分の初期マッピング。問題文キーワードから対応章に紐づけ。"", ""pdf_page"": ""10"", ""internal_page"": ""2""}, {""id"": ""ACT-H10seiho1"", ""category"": ""過去問原本"", ""title"": ""H10年度 生保1（問題）PDF p.1"", ""source"": ""日本アクチュアリー会"", ""usage"": ""問題原本の公式PDF。問題・解答の対応確認、PDF本文確認用。"", ""url"": ""https://www.actuaries.jp/lib/collection/books/H10/H10seiho1.pdf#page=1"", ""type"": ""公式"", ""reason"": ""日本アクチュアリー会公開の過去問原本PDF。"", ""section_hint"": ""H10年度 生保1（問題） p.1"", ""excerpt"": ""この設問の問題文は、同会公開PDFの p.1 に対応。ローカル同梱PDFと同一内容の公式原本として確認可能。"", ""display_mode"": ""official_panel""}]",2,教科書：第2章 解約および解約返戻金 ／ 公式原本：日本アクチュアリー会 H10問題PDF p.1,,,https://www.actuaries.jp/lib/collection/books/H10/H10seiho1.pdf#page=1
H10-Q1(2),H10,第Ⅰ部,問題1,(2),, 契約者が個人である個人保険の場合、相続開始の時において、保険事故は発生,計算・選択,契約者 / 個人保険 / 相続開始 / 保険事故 / 保険料 / 被相続人 / 課税対象 / 評価額,計算型,その他,4,A,,,,平成10～19年度追加分：問題文キーワードから教科書・公式資料へ初期対応。必要に応じて後続で小見出し単位に精密化。,,,H10seiho1.pdf,p.1,1,4,exams/H10seiho1.pdf#page=1,,exams/H10seiho1.pdf#page=4,,,,,,"[{""id"": ""ACT-H10seiho1"", ""category"": ""過去問原本"", ""title"": ""H10年度 生保1（問題）PDF p.1"", ""source"": ""日本アクチュアリー会"", ""usage"": ""問題原本の公式PDF。問題・解答の対応確認、PDF本文確認用。"", ""url"": ""https://www.actuaries.jp/lib/collection/books/H10/H10seiho1.pdf#page=1"", ""type"": ""公式"", ""reason"": ""日本アクチュアリー会公開の過去問原本PDF。"", ""section_hint"": ""H10年度 生保1（問題） p.1"", ""excerpt"": ""この設問の問題文は、同会公開PDFの p.1 に対応。ローカル同梱PDFと同一内容の公式原本として確認可能。"", ""display_mode"": ""official_panel""}]",1,公式原本：日本アクチュアリー会 H10問題PDF p.1,,,https://www.actuaries.jp/lib/collection/books/H10/H10seiho1.pdf#page=1
H10-Q1(3),H10,第Ⅰ部,問題1,(3),,営業保険料・料率設定： 付加保険料を賦課する場合の考え方として・r[蔓コ」また,語句記入,付加保険料 / r実費主義 / ・付加保険料 / 保険種類毎 / 実際経費 / 保険商品 / 付加保険料,知識型,営業保険料・料率設定,3,S,hoken1-seiho_01.pdf,第1章 営業保険料,1.2～1.5 営業保険料・計算基礎率・料率区分,平成10～19年度追加分：問題文キーワードから教科書・公式資料へ初期対応。必要に応じて後続で小見出し単位に精密化。,4,1,H10seiho1.pdf,p.1,1,4,exams/H10seiho1.pdf#page=1,textbooks/hoken1-seiho_01.pdf#page=4,exams/H10seiho1.pdf#page=4,,,,,,"[{""type"": ""教科書"", ""category"": ""教科書"", ""title"": ""第1章 営業保険料"", ""source"": ""hoken1-seiho_01.pdf"", ""usage"": ""1.2～1.5 営業保険料・計算基礎率・料率区分"", ""url"": ""textbooks/hoken1-seiho_01.pdf#page=4"", ""reason"": ""平成10～19年度追加分の初期マッピング。問題文キーワードから対応章に紐づけ。"", ""pdf_page"": ""4"", ""internal_page"": ""1""}, {""id"": ""ACT-H10seiho1"", ""category"": ""過去問原本"", ""title"": ""H10年度 生保1（問題）PDF p.1"", ""source"": ""日本アクチュアリー会"", ""usage"": ""問題原本の公式PDF。問題・解答の対応確認、PDF本文確認用。"", ""url"": ""https://www.actuaries.jp/lib/collection/books/H10/H10seiho1.pdf#page=1"", ""type"": ""公式"", ""reason"": ""日本アクチュアリー会公開の過去問原本PDF。"", ""section_hint"": ""H10年度 生保1（問題） p.1"", ""excerpt"": ""この設問の問題文は、同会公開PDFの p.1 に対応。ローカル同梱PDFと同一内容の公式原本として確認可能。"", ""display_mode"": ""official_panel""}]",2,教科書：第1章 営業保険料 ／ 公式原本：日本アクチュアリー会 H10問題PDF p.1,,,https://www.actuaries.jp/lib/collection/books/H10/H10seiho1.pdf#page=1
H10-Q1(4),H10,第Ⅰ部,問題1,(4),,再保険： 非比例再保険方式の代表的なものとして、一定期間における,語句記入,非比例再保険方式 / 代表的 / 一定期間 / 保険金支払総額 / 再保険金杜 / 超過分 / 保険金支払総額 / 再保険会社,知識型,再保険,3,S,hoken1-seiho_08.pdf,第8章 再保険,8.2～8.3 再保険の目的・方式・非伝統的再保険,平成10～19年度追加分：問題文キーワードから教科書・公式資料へ初期対応。必要に応じて後続で小見出し単位に精密化。,5,8,H10seiho1.pdf,p.1,1,4,exams/H10seiho1.pdf#page=1,textbooks/hoken1-seiho_08.pdf#page=5,exams/H10seiho1.pdf#page=4,,,,,,"[{""type"": ""教科書"", ""category"": ""教科書"", ""title"": ""第8章 再保険"", ""source"": ""hoken1-seiho_08.pdf"", ""usage"": ""8.2～8.3 再保険の目的・方式・非伝統的再保険"", ""url"": ""textbooks/hoken1-seiho_08.pdf#page=5"", ""reason"": ""平成10～19年度追加分の初期マッピング。問題文キーワードから対応章に紐づけ。"", ""pdf_page"": ""5"", ""internal_page"": ""8""}, {""id"": ""ACT-H10seiho1"", ""category"": ""過去問原本"", ""title"": ""H10年度 生保1（問題）PDF p.1"", ""source"": ""日本アクチュアリー会"", ""usage"": ""問題原本の公式PDF。問題・解答の対応確認、PDF本文確認用。"", ""url"": ""https://www.actuaries.jp/lib/collection/books/H10/H10seiho1.pdf#page=1"", ""type"": ""公式"", ""reason"": ""日本アクチュアリー会公開の過去問原本PDF。"", ""section_hint"": ""H10年度 生保1（問題） p.1"", ""excerpt"": ""この設問の問題文は、同会公開PDFの p.1 に対応。ローカル同梱PDFと同一内容の公式原本として確認可能。"", ""display_mode"": ""official_panel""}]",2,教科書：第8章 再保険 ／ 公式原本：日本アクチュアリー会 H10問題PDF p.1,,,https://www.actuaries.jp/lib/collection/books/H10/H10seiho1.pdf#page=1
H10-Q1(5),H10,第Ⅰ部,問題1,(5),,責任準備金,計算・選択,適当・ / 第一種 / 計算基礎率 / 責任準備金評価 / 蔓コ確保 / シミュレ / 基礎率,計算型,その他,4,A,,,,平成10～19年度追加分：問題文キーワードから教科書・公式資料へ初期対応。必要に応じて後続で小見出し単位に精密化。,,,H10seiho1.pdf,p.2,2,4,exams/H10seiho1.pdf#page=2,,exams/H10seiho1.pdf#page=4,,,,,,"[{""id"": ""ACT-H10seiho1"", ""category"": ""過去問原本"", ""title"": ""H10年度 生保1（問題）PDF p.2"", ""source"": ""日本アクチュアリー会"", ""usage"": ""問題原本の公式PDF。問題・解答の対応確認、PDF本文確認用。"", ""url"": ""https://www.actuaries.jp/lib/collection/books/H10/H10seiho1.pdf#page=2"", ""type"": ""公式"", ""reason"": ""日本アクチュアリー会公開の過去問原本PDF。"", ""section_hint"": ""H10年度 生保1（問題） p.2"", ""excerpt"": ""この設問の問題文は、同会公開PDFの p.2 に対応。ローカル同梱PDFと同一内容の公式原本として確認可能。"", ""display_mode"": ""official_panel""}]",1,公式原本：日本アクチュアリー会 H10問題PDF p.2,,,https://www.actuaries.jp/lib/collection/books/H10/H10seiho1.pdf#page=2
H10-Q1(6),H10,第Ⅰ部,問題1,(6),,団体生命保険： 団体生命保険における経験料率方式のうち、配当精算法では,計算・選択,団体生命保険 / 経験料率方式 / 配当精算法 / 保険料十発生利息一事業費一 / 亜コ費用一 / 剰余金 / 経験配当金 / 契約者,計算型,団体生命保険,4,A,hoken1-seiho_06.pdf,第6章 団体生命保険,6.2～6.7 団体生命保険の特質・保険料・配当,平成10～19年度追加分：問題文キーワードから教科書・公式資料へ初期対応。必要に応じて後続で小見出し単位に精密化。,5,6,H10seiho1.pdf,p.2,2,4,exams/H10seiho1.pdf#page=2,textbooks/hoken1-seiho_06.pdf#page=5,exams/H10seiho1.pdf#page=4,,,,,,"[{""type"": ""教科書"", ""category"": ""教科書"", ""title"": ""第6章 団体生命保険"", ""source"": ""hoken1-seiho_06.pdf"", ""usage"": ""6.2～6.7 団体生命保険の特質・保険料・配当"", ""url"": ""textbooks/hoken1-seiho_06.pdf#page=5"", ""reason"": ""平成10～19年度追加分の初期マッピング。問題文キーワードから対応章に紐づけ。"", ""pdf_page"": ""5"", ""internal_page"": ""6""}, {""id"": ""ACT-H10seiho1"", ""category"": ""過去問原本"", ""title"": ""H10年度 生保1（問題）PDF p.2"", ""source"": ""日本アクチュアリー会"", ""usage"": ""問題原本の公式PDF。問題・解答の対応確認、PDF本文確認用。"", ""url"": ""https://www.actuaries.jp/lib/collection/books/H10/H10seiho1.pdf#page=2"", ""type"": ""公式"", ""reason"": ""日本アクチュアリー会公開の過去問原本PDF。"", ""section_hint"": ""H10年度 生保1（問題） p.2"", ""excerpt"": ""この設問の問題文は、同会公開PDFの p.2 に対応。ローカル同梱PDFと同一内容の公式原本として確認可能。"", ""display_mode"": ""official_panel""}]",2,教科書：第6章 団体生命保険 ／ 公式原本：日本アクチュアリー会 H10問題PDF p.2,,,https://www.actuaries.jp/lib/collection/books/H10/H10seiho1.pdf#page=2
H10-Q1(7),H10,第Ⅰ部,問題1,(7),,変額保険,計算・選択,個人変額保険 / 特別勘定設定日 / 経過t日 / 特別勘定指数I / 365 / 率十匝コ / 365 / 365,計算型,変額年金・変額保険,4,A,hoken1-seiho_05.pdf,第5章 変額年金保険,5章 変額年金保険・最低保証リスク,平成10～19年度追加分：問題文キーワードから教科書・公式資料へ初期対応。必要に応じて後続で小見出し単位に精密化。,6,5,H10seiho1.pdf,p.2,2,4,exams/H10seiho1.pdf#page=2,textbooks/hoken1-seiho_05.pdf#page=6,exams/H10seiho1.pdf#page=4,,,,,,"[{""type"": ""教科書"", ""category"": ""教科書"", ""title"": ""第5章 変額年金保険"", ""source"": ""hoken1-seiho_05.pdf"", ""usage"": ""5章 変額年金保険・最低保証リスク"", ""url"": ""textbooks/hoken1-seiho_05.pdf#page=6"", ""reason"": ""平成10～19年度追加分の初期マッピング。問題文キーワードから対応章に紐づけ。"", ""pdf_page"": ""6"", ""internal_page"": ""5""}, {""id"": ""ACT-H10seiho1"", ""category"": ""過去問原本"", ""title"": ""H10年度 生保1（問題）PDF p.2"", ""source"": ""日本アクチュアリー会"", ""usage"": ""問題原本の公式PDF。問題・解答の対応確認、PDF本文確認用。"", ""url"": ""https://www.actuaries.jp/lib/collection/books/H10/H10seiho1.pdf#page=2"", ""type"": ""公式"", ""reason"": ""日本アクチュアリー会公開の過去問原本PDF。"", ""section_hint"": ""H10年度 生保1（問題） p.2"", ""excerpt"": ""この設問の問題文は、同会公開PDFの p.2 に対応。ローカル同梱PDFと同一内容の公式原本として確認可能。"", ""display_mode"": ""official_panel""}]",2,教科書：第5章 変額年金保険 ／ 公式原本：日本アクチュアリー会 H10問題PDF p.2,,,https://www.actuaries.jp/lib/collection/books/H10/H10seiho1.pdf#page=2
H10-Q1(8),H10,第Ⅰ部,問題1,(8),,アセット・シェア,設問,Projectedassets / 期間付配当支払 / 配当率 / Equationt卵e / 保険料 / アクチェアリ / 利益発生 / 保険料,知識型,アセット・シェア,3,S,hoken1-seiho_03.pdf,第3章 アセット・シェア,3章 アセット・シェアの計算・活用,平成10～19年度追加分：問題文キーワードから教科書・公式資料へ初期対応。必要に応じて後続で小見出し単位に精密化。,5,3,H10seiho1.pdf,p.2,2,4,exams/H10seiho1.pdf#page=2,textbooks/hoken1-seiho_03.pdf#page=5,exams/H10seiho1.pdf#page=4,,,,,,"[{""type"": ""教科書"", ""category"": ""教科書"", ""title"": ""第3章 アセット・シェア"", ""source"": ""hoken1-seiho_03.pdf"", ""usage"": ""3章 アセット・シェアの計算・活用"", ""url"": ""textbooks/hoken1-seiho_03.pdf#page=5"", ""reason"": ""平成10～19年度追加分の初期マッピング。問題文キーワードから対応章に紐づけ。"", ""pdf_page"": ""5"", ""internal_page"": ""3""}, {""id"": ""ACT-H10seiho1"", ""category"": ""過去問原本"", ""title"": ""H10年度 生保1（問題）PDF p.2"", ""source"": ""日本アクチュアリー会"", ""usage"": ""問題原本の公式PDF。問題・解答の対応確認、PDF本文確認用。"", ""url"": ""https://www.actuaries.jp/lib/collection/books/H10/H10seiho1.pdf#page=2"", ""type"": ""公式"", ""reason"": ""日本アクチュアリー会公開の過去問原本PDF。"", ""section_hint"": ""H10年度 生保1（問題） p.2"", ""excerpt"": ""この設問の問題文は、同会公開PDFの p.2 に対応。ローカル同梱PDFと同一内容の公式原本として確認可能。"", ""display_mode"": ""official_panel""}]",2,教科書：第3章 アセット・シェア ／ 公式原本：日本アクチュアリー会 H10問題PDF p.2,,,https://www.actuaries.jp/lib/collection/books/H10/H10seiho1.pdf#page=2
H10-Q1(9),H10,第Ⅰ部,問題1,(9),,リバ ショテリ ・ボ ナス(reVerSionaWbomS)について、簡,説明,ショテリ / reVerSionaWbomS,知識型,その他,3,A,,,,平成10～19年度追加分：問題文キーワードから教科書・公式資料へ初期対応。必要に応じて後続で小見出し単位に精密化。,,,H10seiho1.pdf,p.3,3,4,exams/H10seiho1.pdf#page=3,,exams/H10seiho1.pdf#page=4,,,,,,"[{""id"": ""ACT-H10seiho1"", ""category"": ""過去問原本"", ""title"": ""H10年度 生保1（問題）PDF p.3"", ""source"": ""日本アクチュアリー会"", ""usage"": ""問題原本の公式PDF。問題・解答の対応確認、PDF本文確認用。"", ""url"": ""https://www.actuaries.jp/lib/collection/books/H10/H10seiho1.pdf#page=3"", ""type"": ""公式"", ""reason"": ""日本アクチュアリー会公開の過去問原本PDF。"", ""section_hint"": ""H10年度 生保1（問題） p.3"", ""excerpt"": ""この設問の問題文は、同会公開PDFの p.3 に対応。ローカル同梱PDFと同一内容の公式原本として確認可能。"", ""display_mode"": ""official_panel""}]",1,公式原本：日本アクチュアリー会 H10問題PDF p.3,,,https://www.actuaries.jp/lib/collection/books/H10/H10seiho1.pdf#page=3
H10-Q1(10),H10,第Ⅰ部,問題1,(10),,団体保険の危険選択,選択,団体保険 / 危険選択 / グレッグ / 問題2 / 2一回圭選択 / 50点,知識型,団体生命保険,3,A,hoken1-seiho_06.pdf,第6章 団体生命保険,6.2～6.7 団体生命保険の特質・保険料・配当,平成10～19年度追加分：問題文キーワードから教科書・公式資料へ初期対応。必要に応じて後続で小見出し単位に精密化。,5,6,H10seiho1.pdf,p.3,3,4,exams/H10seiho1.pdf#page=3,textbooks/hoken1-seiho_06.pdf#page=5,exams/H10seiho1.pdf#page=4,,,,,,"[{""type"": ""教科書"", ""category"": ""教科書"", ""title"": ""第6章 団体生命保険"", ""source"": ""hoken1-seiho_06.pdf"", ""usage"": ""6.2～6.7 団体生命保険の特質・保険料・配当"", ""url"": ""textbooks/hoken1-seiho_06.pdf#page=5"", ""reason"": ""平成10～19年度追加分の初期マッピング。問題文キーワードから対応章に紐づけ。"", ""pdf_page"": ""5"", ""internal_page"": ""6""}, {""id"": ""ACT-H10seiho1"", ""category"": ""過去問原本"", ""title"": ""H10年度 生保1（問題）PDF p.3"", ""source"": ""日本アクチュアリー会"", ""usage"": ""問題原本の公式PDF。問題・解答の対応確認、PDF本文確認用。"", ""url"": ""https://www.actuaries.jp/lib/collection/books/H10/H10seiho1.pdf#page=3"", ""type"": ""公式"", ""reason"": ""日本アクチュアリー会公開の過去問原本PDF。"", ""section_hint"": ""H10年度 生保1（問題） p.3"", ""excerpt"": ""この設問の問題文は、同会公開PDFの p.3 に対応。ローカル同梱PDFと同一内容の公式原本として確認可能。"", ""display_mode"": ""official_panel""}]",2,教科書：第6章 団体生命保険 ／ 公式原本：日本アクチュアリー会 H10問題PDF p.3,,,https://www.actuaries.jp/lib/collection/books/H10/H10seiho1.pdf#page=3
H10-Q2(1),H10,第Ⅰ部,問題2,(1),,医療保険,計算・選択,通院等 / 給付金 / 医療保険 / 医療保険 / 事故発生率 / 死亡率 / 医療保険 / 保険料計算基礎率,計算型,医療保険・第三分野,4,S,hoken1-seiho_07.pdf,第7章 医療保険,7.3～7.5 医療保険・第三分野商品の基礎率とリスク管理,平成10～19年度追加分：問題文キーワードから教科書・公式資料へ初期対応。必要に応じて後続で小見出し単位に精密化。,5,7,H10seiho1.pdf,p.3,3,5,exams/H10seiho1.pdf#page=3,textbooks/hoken1-seiho_07.pdf#page=5,exams/H10seiho1.pdf#page=5,,,,,,"[{""type"": ""教科書"", ""category"": ""教科書"", ""title"": ""第7章 医療保険"", ""source"": ""hoken1-seiho_07.pdf"", ""usage"": ""7.3～7.5 医療保険・第三分野商品の基礎率とリスク管理"", ""url"": ""textbooks/hoken1-seiho_07.pdf#page=5"", ""reason"": ""平成10～19年度追加分の初期マッピング。問題文キーワードから対応章に紐づけ。"", ""pdf_page"": ""5"", ""internal_page"": ""7""}, {""id"": ""ACT-H10seiho1"", ""category"": ""過去問原本"", ""title"": ""H10年度 生保1（問題）PDF p.3"", ""source"": ""日本アクチュアリー会"", ""usage"": ""問題原本の公式PDF。問題・解答の対応確認、PDF本文確認用。"", ""url"": ""https://www.actuaries.jp/lib/collection/books/H10/H10seiho1.pdf#page=3"", ""type"": ""公式"", ""reason"": ""日本アクチュアリー会公開の過去問原本PDF。"", ""section_hint"": ""H10年度 生保1（問題） p.3"", ""excerpt"": ""この設問の問題文は、同会公開PDFの p.3 に対応。ローカル同梱PDFと同一内容の公式原本として確認可能。"", ""display_mode"": ""official_panel""}]",2,教科書：第7章 医療保険 ／ 公式原本：日本アクチュアリー会 H10問題PDF p.3,,,https://www.actuaries.jp/lib/collection/books/H10/H10seiho1.pdf#page=3
H10-Q2(2),H10,第Ⅰ部,問題2,(2),,付加保険料方式,所見,付加保険料方式 / 問題点 / 低金利下 / 平準払 / 貯蓄性商品 / 付加保険料方式 / 問題点 / 顧客二一ズ,所見型,営業保険料・料率設定,4,S,hoken1-seiho_01.pdf,第1章 営業保険料,1.2～1.5 営業保険料・計算基礎率・料率区分,平成10～19年度追加分：問題文キーワードから教科書・公式資料へ初期対応。必要に応じて後続で小見出し単位に精密化。,4,1,H10seiho1.pdf,p.3,3,9,exams/H10seiho1.pdf#page=3,textbooks/hoken1-seiho_01.pdf#page=4,exams/H10seiho1.pdf#page=9,,,,,,"[{""type"": ""教科書"", ""category"": ""教科書"", ""title"": ""第1章 営業保険料"", ""source"": ""hoken1-seiho_01.pdf"", ""usage"": ""1.2～1.5 営業保険料・計算基礎率・料率区分"", ""url"": ""textbooks/hoken1-seiho_01.pdf#page=4"", ""reason"": ""平成10～19年度追加分の初期マッピング。問題文キーワードから対応章に紐づけ。"", ""pdf_page"": ""4"", ""internal_page"": ""1""}, {""id"": ""ACT-H10seiho1"", ""category"": ""過去問原本"", ""title"": ""H10年度 生保1（問題）PDF p.3"", ""source"": ""日本アクチュアリー会"", ""usage"": ""問題原本の公式PDF。問題・解答の対応確認、PDF本文確認用。"", ""url"": ""https://www.actuaries.jp/lib/collection/books/H10/H10seiho1.pdf#page=3"", ""type"": ""公式"", ""reason"": ""日本アクチュアリー会公開の過去問原本PDF。"", ""section_hint"": ""H10年度 生保1（問題） p.3"", ""excerpt"": ""この設問の問題文は、同会公開PDFの p.3 に対応。ローカル同梱PDFと同一内容の公式原本として確認可能。"", ""display_mode"": ""official_panel""}]",2,教科書：第1章 営業保険料 ／ 公式原本：日本アクチュアリー会 H10問題PDF p.3,,,https://www.actuaries.jp/lib/collection/books/H10/H10seiho1.pdf#page=3
H10-Q2(3),H10,第Ⅰ部,問題2,(3),,料率設定,選択,引受リスク / 細分化 / 保険料率 / 性別等 / 保険料率設定パラメ / 喫煙習慣 / 保険料率 / 細分化,所見型,営業保険料・料率設定,4,S,hoken1-seiho_01.pdf,第1章 営業保険料,1.2～1.5 営業保険料・計算基礎率・料率区分,平成10～19年度追加分：問題文キーワードから教科書・公式資料へ初期対応。必要に応じて後続で小見出し単位に精密化。,4,1,H10seiho1.pdf,p.3,3,11,exams/H10seiho1.pdf#page=3,textbooks/hoken1-seiho_01.pdf#page=4,exams/H10seiho1.pdf#page=11,,,,,,"[{""type"": ""教科書"", ""category"": ""教科書"", ""title"": ""第1章 営業保険料"", ""source"": ""hoken1-seiho_01.pdf"", ""usage"": ""1.2～1.5 営業保険料・計算基礎率・料率区分"", ""url"": ""textbooks/hoken1-seiho_01.pdf#page=4"", ""reason"": ""平成10～19年度追加分の初期マッピング。問題文キーワードから対応章に紐づけ。"", ""pdf_page"": ""4"", ""internal_page"": ""1""}, {""id"": ""ACT-H10seiho1"", ""category"": ""過去問原本"", ""title"": ""H10年度 生保1（問題）PDF p.3"", ""source"": ""日本アクチュアリー会"", ""usage"": ""問題原本の公式PDF。問題・解答の対応確認、PDF本文確認用。"", ""url"": ""https://www.actuaries.jp/lib/collection/books/H10/H10seiho1.pdf#page=3"", ""type"": ""公式"", ""reason"": ""日本アクチュアリー会公開の過去問原本PDF。"", ""section_hint"": ""H10年度 生保1（問題） p.3"", ""excerpt"": ""この設問の問題文は、同会公開PDFの p.3 に対応。ローカル同梱PDFと同一内容の公式原本として確認可能。"", ""display_mode"": ""official_panel""}]",2,教科書：第1章 営業保険料 ／ 公式原本：日本アクチュアリー会 H10問題PDF p.3,,,https://www.actuaries.jp/lib/collection/books/H10/H10seiho1.pdf#page=3
H11-Q1(1),H11,第Ⅰ部,問題1,(1),,医療保険,設問,医療保険 / 入院給付 / 継続関数 / Continuance / Function / 入院給付 / 平均給付目数 / 入院給付,知識型,医療保険・第三分野,3,S,hoken1-seiho_07.pdf,第7章 医療保険,7.3～7.5 医療保険・第三分野商品の基礎率とリスク管理,平成10～19年度追加分：問題文キーワードから教科書・公式資料へ初期対応。必要に応じて後続で小見出し単位に精密化。,5,7,H11seiho1.pdf,p.1,1,4,exams/H11seiho1.pdf#page=1,textbooks/hoken1-seiho_07.pdf#page=5,exams/H11seiho1.pdf#page=4,,,,,,"[{""type"": ""教科書"", ""category"": ""教科書"", ""title"": ""第7章 医療保険"", ""source"": ""hoken1-seiho_07.pdf"", ""usage"": ""7.3～7.5 医療保険・第三分野商品の基礎率とリスク管理"", ""url"": ""textbooks/hoken1-seiho_07.pdf#page=5"", ""reason"": ""平成10～19年度追加分の初期マッピング。問題文キーワードから対応章に紐づけ。"", ""pdf_page"": ""5"", ""internal_page"": ""7""}, {""id"": ""ACT-H11seiho1"", ""category"": ""過去問原本"", ""title"": ""H11年度 生保1（問題）PDF p.1"", ""source"": ""日本アクチュアリー会"", ""usage"": ""問題原本の公式PDF。問題・解答の対応確認、PDF本文確認用。"", ""url"": ""https://www.actuaries.jp/lib/collection/books/H11/H11seiho1.pdf#page=1"", ""type"": ""公式"", ""reason"": ""日本アクチュアリー会公開の過去問原本PDF。"", ""section_hint"": ""H11年度 生保1（問題） p.1"", ""excerpt"": ""この設問の問題文は、同会公開PDFの p.1 に対応。ローカル同梱PDFと同一内容の公式原本として確認可能。"", ""display_mode"": ""official_panel""}]",2,教科書：第7章 医療保険 ／ 公式原本：日本アクチュアリー会 H11問題PDF p.1,,,https://www.actuaries.jp/lib/collection/books/H11/H11seiho1.pdf#page=1
H11-Q1(2),H11,第Ⅰ部,問題1,(2),,長期医療介護保障,語句記入,長期医療介護保障 / LongTerm / Care / 要介護状態 / 半1j定 / 認知障害 / 一般的 / 不可欠,知識型,医療保険・第三分野,3,S,hoken1-seiho_07.pdf,第7章 医療保険,7.3～7.5 医療保険・第三分野商品の基礎率とリスク管理,平成10～19年度追加分：問題文キーワードから教科書・公式資料へ初期対応。必要に応じて後続で小見出し単位に精密化。,5,7,H11seiho1.pdf,p.1,1,4,exams/H11seiho1.pdf#page=1,textbooks/hoken1-seiho_07.pdf#page=5,exams/H11seiho1.pdf#page=4,,,,,,"[{""type"": ""教科書"", ""category"": ""教科書"", ""title"": ""第7章 医療保険"", ""source"": ""hoken1-seiho_07.pdf"", ""usage"": ""7.3～7.5 医療保険・第三分野商品の基礎率とリスク管理"", ""url"": ""textbooks/hoken1-seiho_07.pdf#page=5"", ""reason"": ""平成10～19年度追加分の初期マッピング。問題文キーワードから対応章に紐づけ。"", ""pdf_page"": ""5"", ""internal_page"": ""7""}, {""id"": ""ACT-H11seiho1"", ""category"": ""過去問原本"", ""title"": ""H11年度 生保1（問題）PDF p.1"", ""source"": ""日本アクチュアリー会"", ""usage"": ""問題原本の公式PDF。問題・解答の対応確認、PDF本文確認用。"", ""url"": ""https://www.actuaries.jp/lib/collection/books/H11/H11seiho1.pdf#page=1"", ""type"": ""公式"", ""reason"": ""日本アクチュアリー会公開の過去問原本PDF。"", ""section_hint"": ""H11年度 生保1（問題） p.1"", ""excerpt"": ""この設問の問題文は、同会公開PDFの p.1 に対応。ローカル同梱PDFと同一内容の公式原本として確認可能。"", ""display_mode"": ""official_panel""}]",2,教科書：第7章 医療保険 ／ 公式原本：日本アクチュアリー会 H11問題PDF p.1,,,https://www.actuaries.jp/lib/collection/books/H11/H11seiho1.pdf#page=1
H11-Q1(3),H11,第Ⅰ部,問題1,(3),,団体生命保険： 一般に、我が国の団体生命保険の死差配当は、[Φ]方式の,計算・選択,団体生命保険 / 死差配当 / 配当精算 / 不足額 / 具体的 / 配当金 / 配当係数 / 険準備金積立,計算型,団体生命保険,4,A,hoken1-seiho_06.pdf,第6章 団体生命保険,6.2～6.7 団体生命保険の特質・保険料・配当,平成10～19年度追加分：問題文キーワードから教科書・公式資料へ初期対応。必要に応じて後続で小見出し単位に精密化。,5,6,H11seiho1.pdf,p.1,1,4,exams/H11seiho1.pdf#page=1,textbooks/hoken1-seiho_06.pdf#page=5,exams/H11seiho1.pdf#page=4,,,,,,"[{""type"": ""教科書"", ""category"": ""教科書"", ""title"": ""第6章 団体生命保険"", ""source"": ""hoken1-seiho_06.pdf"", ""usage"": ""6.2～6.7 団体生命保険の特質・保険料・配当"", ""url"": ""textbooks/hoken1-seiho_06.pdf#page=5"", ""reason"": ""平成10～19年度追加分の初期マッピング。問題文キーワードから対応章に紐づけ。"", ""pdf_page"": ""5"", ""internal_page"": ""6""}, {""id"": ""ACT-H11seiho1"", ""category"": ""過去問原本"", ""title"": ""H11年度 生保1（問題）PDF p.1"", ""source"": ""日本アクチュアリー会"", ""usage"": ""問題原本の公式PDF。問題・解答の対応確認、PDF本文確認用。"", ""url"": ""https://www.actuaries.jp/lib/collection/books/H11/H11seiho1.pdf#page=1"", ""type"": ""公式"", ""reason"": ""日本アクチュアリー会公開の過去問原本PDF。"", ""section_hint"": ""H11年度 生保1（問題） p.1"", ""excerpt"": ""この設問の問題文は、同会公開PDFの p.1 に対応。ローカル同梱PDFと同一内容の公式原本として確認可能。"", ""display_mode"": ""official_panel""}]",2,教科書：第6章 団体生命保険 ／ 公式原本：日本アクチュアリー会 H11問題PDF p.1,,,https://www.actuaries.jp/lib/collection/books/H11/H11seiho1.pdf#page=1
H11-Q1(4),H11,第Ⅰ部,問題1,(4),,再保険： 再保険の有する機能の中で、最も重要なものは[亘]機能で,語句記入,再保険 / 保険金額 / イ1被保険者 / 欠陥度合 / 亘コ危険 / 飛行機事故 / 保険金 / 一定期間,知識型,再保険,3,S,hoken1-seiho_08.pdf,第8章 再保険,8.2～8.3 再保険の目的・方式・非伝統的再保険,平成10～19年度追加分：問題文キーワードから教科書・公式資料へ初期対応。必要に応じて後続で小見出し単位に精密化。,5,8,H11seiho1.pdf,p.1,1,4,exams/H11seiho1.pdf#page=1,textbooks/hoken1-seiho_08.pdf#page=5,exams/H11seiho1.pdf#page=4,,,,,,"[{""type"": ""教科書"", ""category"": ""教科書"", ""title"": ""第8章 再保険"", ""source"": ""hoken1-seiho_08.pdf"", ""usage"": ""8.2～8.3 再保険の目的・方式・非伝統的再保険"", ""url"": ""textbooks/hoken1-seiho_08.pdf#page=5"", ""reason"": ""平成10～19年度追加分の初期マッピング。問題文キーワードから対応章に紐づけ。"", ""pdf_page"": ""5"", ""internal_page"": ""8""}, {""id"": ""ACT-H11seiho1"", ""category"": ""過去問原本"", ""title"": ""H11年度 生保1（問題）PDF p.1"", ""source"": ""日本アクチュアリー会"", ""usage"": ""問題原本の公式PDF。問題・解答の対応確認、PDF本文確認用。"", ""url"": ""https://www.actuaries.jp/lib/collection/books/H11/H11seiho1.pdf#page=1"", ""type"": ""公式"", ""reason"": ""日本アクチュアリー会公開の過去問原本PDF。"", ""section_hint"": ""H11年度 生保1（問題） p.1"", ""excerpt"": ""この設問の問題文は、同会公開PDFの p.1 に対応。ローカル同梱PDFと同一内容の公式原本として確認可能。"", ""display_mode"": ""official_panel""}]",2,教科書：第8章 再保険 ／ 公式原本：日本アクチュアリー会 H11問題PDF p.1,,,https://www.actuaries.jp/lib/collection/books/H11/H11seiho1.pdf#page=1
H11-Q1(5),H11,第Ⅰ部,問題1,(5),,標準生命表,計算・選択,生保標準生命表1996 / 死亡保険用 / 作成概要 / 基礎デ / 標準生命表 / 標準生命表 / 死亡率 / 安定性・安全性,計算型,営業保険料・料率設定,4,S,hoken1-seiho_01.pdf,第1章 営業保険料,1.2～1.5 営業保険料・計算基礎率・料率区分,平成10～19年度追加分：問題文キーワードから教科書・公式資料へ初期対応。必要に応じて後続で小見出し単位に精密化。,4,1,H11seiho1.pdf,p.2,2,4,exams/H11seiho1.pdf#page=2,textbooks/hoken1-seiho_01.pdf#page=4,exams/H11seiho1.pdf#page=4,,,,,,"[{""type"": ""教科書"", ""category"": ""教科書"", ""title"": ""第1章 営業保険料"", ""source"": ""hoken1-seiho_01.pdf"", ""usage"": ""1.2～1.5 営業保険料・計算基礎率・料率区分"", ""url"": ""textbooks/hoken1-seiho_01.pdf#page=4"", ""reason"": ""平成10～19年度追加分の初期マッピング。問題文キーワードから対応章に紐づけ。"", ""pdf_page"": ""4"", ""internal_page"": ""1""}, {""id"": ""ACT-H11seiho1"", ""category"": ""過去問原本"", ""title"": ""H11年度 生保1（問題）PDF p.2"", ""source"": ""日本アクチュアリー会"", ""usage"": ""問題原本の公式PDF。問題・解答の対応確認、PDF本文確認用。"", ""url"": ""https://www.actuaries.jp/lib/collection/books/H11/H11seiho1.pdf#page=2"", ""type"": ""公式"", ""reason"": ""日本アクチュアリー会公開の過去問原本PDF。"", ""section_hint"": ""H11年度 生保1（問題） p.2"", ""excerpt"": ""この設問の問題文は、同会公開PDFの p.2 に対応。ローカル同梱PDFと同一内容の公式原本として確認可能。"", ""display_mode"": ""official_panel""}]",2,教科書：第1章 営業保険料 ／ 公式原本：日本アクチュアリー会 H11問題PDF p.2,,,https://www.actuaries.jp/lib/collection/books/H11/H11seiho1.pdf#page=2
H11-Q1(6),H11,第Ⅰ部,問題1,(6),,営業保険料・料率設定： pをある商品の保険料率、f(p)を保険料率pに対する新,計算・選択,保険料率 / 保険料率p / 新契約高 / 新契約 / 収入保険料 / 価格弾力性E / 変動率 / 新契約高,計算型,営業保険料・料率設定,4,S,hoken1-seiho_01.pdf,第1章 営業保険料,1.2～1.5 営業保険料・計算基礎率・料率区分,平成10～19年度追加分：問題文キーワードから教科書・公式資料へ初期対応。必要に応じて後続で小見出し単位に精密化。,4,1,H11seiho1.pdf,p.2,2,4,exams/H11seiho1.pdf#page=2,textbooks/hoken1-seiho_01.pdf#page=4,exams/H11seiho1.pdf#page=4,,,,,,"[{""type"": ""教科書"", ""category"": ""教科書"", ""title"": ""第1章 営業保険料"", ""source"": ""hoken1-seiho_01.pdf"", ""usage"": ""1.2～1.5 営業保険料・計算基礎率・料率区分"", ""url"": ""textbooks/hoken1-seiho_01.pdf#page=4"", ""reason"": ""平成10～19年度追加分の初期マッピング。問題文キーワードから対応章に紐づけ。"", ""pdf_page"": ""4"", ""internal_page"": ""1""}, {""id"": ""ACT-H11seiho1"", ""category"": ""過去問原本"", ""title"": ""H11年度 生保1（問題）PDF p.2"", ""source"": ""日本アクチュアリー会"", ""usage"": ""問題原本の公式PDF。問題・解答の対応確認、PDF本文確認用。"", ""url"": ""https://www.actuaries.jp/lib/collection/books/H11/H11seiho1.pdf#page=2"", ""type"": ""公式"", ""reason"": ""日本アクチュアリー会公開の過去問原本PDF。"", ""section_hint"": ""H11年度 生保1（問題） p.2"", ""excerpt"": ""この設問の問題文は、同会公開PDFの p.2 に対応。ローカル同梱PDFと同一内容の公式原本として確認可能。"", ""display_mode"": ""official_panel""}]",2,教科書：第1章 営業保険料 ／ 公式原本：日本アクチュアリー会 H11問題PDF p.2,,,https://www.actuaries.jp/lib/collection/books/H11/H11seiho1.pdf#page=2
H11-Q1(7),H11,第Ⅰ部,問題1,(7),,営業保険料・料率設定： 優良体適格かどうかは複数のリスク・ファクタ の結果から,選択,優良体適格 / リスク・ファクタ / 総合的 / 判定方法 / 各リスク・ファクタ / 境界値 / リスク・ファクタ / 境界内,計算型,営業保険料・料率設定,4,S,hoken1-seiho_01.pdf,第1章 営業保険料,1.2～1.5 営業保険料・計算基礎率・料率区分,平成10～19年度追加分：問題文キーワードから教科書・公式資料へ初期対応。必要に応じて後続で小見出し単位に精密化。,4,1,H11seiho1.pdf,p.2,2,4,exams/H11seiho1.pdf#page=2,textbooks/hoken1-seiho_01.pdf#page=4,exams/H11seiho1.pdf#page=4,,,,,,"[{""type"": ""教科書"", ""category"": ""教科書"", ""title"": ""第1章 営業保険料"", ""source"": ""hoken1-seiho_01.pdf"", ""usage"": ""1.2～1.5 営業保険料・計算基礎率・料率区分"", ""url"": ""textbooks/hoken1-seiho_01.pdf#page=4"", ""reason"": ""平成10～19年度追加分の初期マッピング。問題文キーワードから対応章に紐づけ。"", ""pdf_page"": ""4"", ""internal_page"": ""1""}, {""id"": ""ACT-H11seiho1"", ""category"": ""過去問原本"", ""title"": ""H11年度 生保1（問題）PDF p.2"", ""source"": ""日本アクチュアリー会"", ""usage"": ""問題原本の公式PDF。問題・解答の対応確認、PDF本文確認用。"", ""url"": ""https://www.actuaries.jp/lib/collection/books/H11/H11seiho1.pdf#page=2"", ""type"": ""公式"", ""reason"": ""日本アクチュアリー会公開の過去問原本PDF。"", ""section_hint"": ""H11年度 生保1（問題） p.2"", ""excerpt"": ""この設問の問題文は、同会公開PDFの p.2 に対応。ローカル同梱PDFと同一内容の公式原本として確認可能。"", ""display_mode"": ""official_panel""}]",2,教科書：第1章 営業保険料 ／ 公式原本：日本アクチュアリー会 H11問題PDF p.2,,,https://www.actuaries.jp/lib/collection/books/H11/H11seiho1.pdf#page=2
H11-Q1(8),H11,第Ⅰ部,問題1,(8),,団体生命保険：次の①～⑤について、正しいものにはO、誤りのあるものには,設問,団体定期保険 / 従業員 / 保険料 / 保険金受取人 / 配偶者 / 生命保険料控除 / 団体信用生命保険 / 債権者,知識型,団体生命保険,3,A,hoken1-seiho_06.pdf,第6章 団体生命保険,6.2～6.7 団体生命保険の特質・保険料・配当,平成10～19年度追加分：問題文キーワードから教科書・公式資料へ初期対応。必要に応じて後続で小見出し単位に精密化。,5,6,H11seiho1.pdf,p.2,2,4,exams/H11seiho1.pdf#page=2,textbooks/hoken1-seiho_06.pdf#page=5,exams/H11seiho1.pdf#page=4,,,,,,"[{""type"": ""教科書"", ""category"": ""教科書"", ""title"": ""第6章 団体生命保険"", ""source"": ""hoken1-seiho_06.pdf"", ""usage"": ""6.2～6.7 団体生命保険の特質・保険料・配当"", ""url"": ""textbooks/hoken1-seiho_06.pdf#page=5"", ""reason"": ""平成10～19年度追加分の初期マッピング。問題文キーワードから対応章に紐づけ。"", ""pdf_page"": ""5"", ""internal_page"": ""6""}, {""id"": ""ACT-H11seiho1"", ""category"": ""過去問原本"", ""title"": ""H11年度 生保1（問題）PDF p.2"", ""source"": ""日本アクチュアリー会"", ""usage"": ""問題原本の公式PDF。問題・解答の対応確認、PDF本文確認用。"", ""url"": ""https://www.actuaries.jp/lib/collection/books/H11/H11seiho1.pdf#page=2"", ""type"": ""公式"", ""reason"": ""日本アクチュアリー会公開の過去問原本PDF。"", ""section_hint"": ""H11年度 生保1（問題） p.2"", ""excerpt"": ""この設問の問題文は、同会公開PDFの p.2 に対応。ローカル同梱PDFと同一内容の公式原本として確認可能。"", ""display_mode"": ""official_panel""}]",2,教科書：第6章 団体生命保険 ／ 公式原本：日本アクチュアリー会 H11問題PDF p.2,,,https://www.actuaries.jp/lib/collection/books/H11/H11seiho1.pdf#page=2
H11-Q1(9),H11,第Ⅰ部,問題1,(9),,米国におけるユニバ サル保険の特徴について、簡潔に説明せよ。,説明,ユニバ / サル保険,知識型,その他,3,A,,,,平成10～19年度追加分：問題文キーワードから教科書・公式資料へ初期対応。必要に応じて後続で小見出し単位に精密化。,,,H11seiho1.pdf,p.3,3,4,exams/H11seiho1.pdf#page=3,,exams/H11seiho1.pdf#page=4,,,,,,"[{""id"": ""ACT-H11seiho1"", ""category"": ""過去問原本"", ""title"": ""H11年度 生保1（問題）PDF p.3"", ""source"": ""日本アクチュアリー会"", ""usage"": ""問題原本の公式PDF。問題・解答の対応確認、PDF本文確認用。"", ""url"": ""https://www.actuaries.jp/lib/collection/books/H11/H11seiho1.pdf#page=3"", ""type"": ""公式"", ""reason"": ""日本アクチュアリー会公開の過去問原本PDF。"", ""section_hint"": ""H11年度 生保1（問題） p.3"", ""excerpt"": ""この設問の問題文は、同会公開PDFの p.3 に対応。ローカル同梱PDFと同一内容の公式原本として確認可能。"", ""display_mode"": ""official_panel""}]",1,公式原本：日本アクチュアリー会 H11問題PDF p.3,,,https://www.actuaries.jp/lib/collection/books/H11/H11seiho1.pdf#page=3
H11-Q1(10),H11,第Ⅰ部,問題1,(10),,商品毎収益検証：プロフィット・マ ジンの計算において現在価値を求める際、,計算・選択,プロフィット・マ / 現在価値 / 資産運用利回 / 危険割弓一1率 / 問題2 / 50点,計算型,商品毎収益検証,4,S,hoken1-seiho_10.pdf,第10章 商品毎収益検証,10.2～10.11 商品毎収益検証の目的・モデル・指標・シナリオ,平成10～19年度追加分：問題文キーワードから教科書・公式資料へ初期対応。必要に応じて後続で小見出し単位に精密化。,8,10,H11seiho1.pdf,p.3,3,4,exams/H11seiho1.pdf#page=3,textbooks/hoken1-seiho_10.pdf#page=8,exams/H11seiho1.pdf#page=4,,,,,,"[{""type"": ""教科書"", ""category"": ""教科書"", ""title"": ""第10章 商品毎収益検証"", ""source"": ""hoken1-seiho_10.pdf"", ""usage"": ""10.2～10.11 商品毎収益検証の目的・モデル・指標・シナリオ"", ""url"": ""textbooks/hoken1-seiho_10.pdf#page=8"", ""reason"": ""平成10～19年度追加分の初期マッピング。問題文キーワードから対応章に紐づけ。"", ""pdf_page"": ""8"", ""internal_page"": ""10""}, {""id"": ""ACT-H11seiho1"", ""category"": ""過去問原本"", ""title"": ""H11年度 生保1（問題）PDF p.3"", ""source"": ""日本アクチュアリー会"", ""usage"": ""問題原本の公式PDF。問題・解答の対応確認、PDF本文確認用。"", ""url"": ""https://www.actuaries.jp/lib/collection/books/H11/H11seiho1.pdf#page=3"", ""type"": ""公式"", ""reason"": ""日本アクチュアリー会公開の過去問原本PDF。"", ""section_hint"": ""H11年度 生保1（問題） p.3"", ""excerpt"": ""この設問の問題文は、同会公開PDFの p.3 に対応。ローカル同梱PDFと同一内容の公式原本として確認可能。"", ""display_mode"": ""official_panel""}]",2,教科書：第10章 商品毎収益検証 ／ 公式原本：日本アクチュアリー会 H11問題PDF p.3,,,https://www.actuaries.jp/lib/collection/books/H11/H11seiho1.pdf#page=3
H11-Q2(1),H11,第Ⅰ部,問題2,(1),,予定利率,計算・選択,保険料計算基礎率 / 予定利率 / 予定利率設定 / 一般的 / 標準責任準備金対象契約 / 標準利率 / 予定1利率,計算型,営業保険料・料率設定,4,S,hoken1-seiho_01.pdf,第1章 営業保険料,1.2～1.5 営業保険料・計算基礎率・料率区分,平成10～19年度追加分：問題文キーワードから教科書・公式資料へ初期対応。必要に応じて後続で小見出し単位に精密化。,4,1,H11seiho1.pdf,p.3,3,5,exams/H11seiho1.pdf#page=3,textbooks/hoken1-seiho_01.pdf#page=4,exams/H11seiho1.pdf#page=5,,,,,,"[{""type"": ""教科書"", ""category"": ""教科書"", ""title"": ""第1章 営業保険料"", ""source"": ""hoken1-seiho_01.pdf"", ""usage"": ""1.2～1.5 営業保険料・計算基礎率・料率区分"", ""url"": ""textbooks/hoken1-seiho_01.pdf#page=4"", ""reason"": ""平成10～19年度追加分の初期マッピング。問題文キーワードから対応章に紐づけ。"", ""pdf_page"": ""4"", ""internal_page"": ""1""}, {""id"": ""ACT-H11seiho1"", ""category"": ""過去問原本"", ""title"": ""H11年度 生保1（問題）PDF p.3"", ""source"": ""日本アクチュアリー会"", ""usage"": ""問題原本の公式PDF。問題・解答の対応確認、PDF本文確認用。"", ""url"": ""https://www.actuaries.jp/lib/collection/books/H11/H11seiho1.pdf#page=3"", ""type"": ""公式"", ""reason"": ""日本アクチュアリー会公開の過去問原本PDF。"", ""section_hint"": ""H11年度 生保1（問題） p.3"", ""excerpt"": ""この設問の問題文は、同会公開PDFの p.3 に対応。ローカル同梱PDFと同一内容の公式原本として確認可能。"", ""display_mode"": ""official_panel""}]",2,教科書：第1章 営業保険料 ／ 公式原本：日本アクチュアリー会 H11問題PDF p.3,,,https://www.actuaries.jp/lib/collection/books/H11/H11seiho1.pdf#page=3
H11-Q2(2),H11,第Ⅰ部,問題2,(2),,アセット・シェア,所見,解約返戻金 / r解約控除 / アセット・シェア / 解約返戻金,所見型,アセット・シェア,4,S,hoken1-seiho_03.pdf,第3章 アセット・シェア,3章 アセット・シェアの計算・活用,平成10～19年度追加分：問題文キーワードから教科書・公式資料へ初期対応。必要に応じて後続で小見出し単位に精密化。,5,3,H11seiho1.pdf,p.3,3,9,exams/H11seiho1.pdf#page=3,textbooks/hoken1-seiho_03.pdf#page=5,exams/H11seiho1.pdf#page=9,,,,,,"[{""type"": ""教科書"", ""category"": ""教科書"", ""title"": ""第3章 アセット・シェア"", ""source"": ""hoken1-seiho_03.pdf"", ""usage"": ""3章 アセット・シェアの計算・活用"", ""url"": ""textbooks/hoken1-seiho_03.pdf#page=5"", ""reason"": ""平成10～19年度追加分の初期マッピング。問題文キーワードから対応章に紐づけ。"", ""pdf_page"": ""5"", ""internal_page"": ""3""}, {""id"": ""ACT-H11seiho1"", ""category"": ""過去問原本"", ""title"": ""H11年度 生保1（問題）PDF p.3"", ""source"": ""日本アクチュアリー会"", ""usage"": ""問題原本の公式PDF。問題・解答の対応確認、PDF本文確認用。"", ""url"": ""https://www.actuaries.jp/lib/collection/books/H11/H11seiho1.pdf#page=3"", ""type"": ""公式"", ""reason"": ""日本アクチュアリー会公開の過去問原本PDF。"", ""section_hint"": ""H11年度 生保1（問題） p.3"", ""excerpt"": ""この設問の問題文は、同会公開PDFの p.3 に対応。ローカル同梱PDFと同一内容の公式原本として確認可能。"", ""display_mode"": ""official_panel""}]",2,教科書：第3章 アセット・シェア ／ 公式原本：日本アクチュアリー会 H11問題PDF p.3,,,https://www.actuaries.jp/lib/collection/books/H11/H11seiho1.pdf#page=3
H11-Q2(3),H11,第Ⅰ部,問題2,(3),,商品毎収益検証,所見,商品毎収益検証 / 商品毎収益検証 / 分析手法 / 死亡率 / シナリオ / 一107一,所見型,商品毎収益検証,4,S,hoken1-seiho_10.pdf,第10章 商品毎収益検証,10.2～10.11 商品毎収益検証の目的・モデル・指標・シナリオ,平成10～19年度追加分：問題文キーワードから教科書・公式資料へ初期対応。必要に応じて後続で小見出し単位に精密化。,8,10,H11seiho1.pdf,p.3,3,12,exams/H11seiho1.pdf#page=3,textbooks/hoken1-seiho_10.pdf#page=8,exams/H11seiho1.pdf#page=12,,,,,,"[{""type"": ""教科書"", ""category"": ""教科書"", ""title"": ""第10章 商品毎収益検証"", ""source"": ""hoken1-seiho_10.pdf"", ""usage"": ""10.2～10.11 商品毎収益検証の目的・モデル・指標・シナリオ"", ""url"": ""textbooks/hoken1-seiho_10.pdf#page=8"", ""reason"": ""平成10～19年度追加分の初期マッピング。問題文キーワードから対応章に紐づけ。"", ""pdf_page"": ""8"", ""internal_page"": ""10""}, {""id"": ""ACT-H11seiho1"", ""category"": ""過去問原本"", ""title"": ""H11年度 生保1（問題）PDF p.3"", ""source"": ""日本アクチュアリー会"", ""usage"": ""問題原本の公式PDF。問題・解答の対応確認、PDF本文確認用。"", ""url"": ""https://www.actuaries.jp/lib/collection/books/H11/H11seiho1.pdf#page=3"", ""type"": ""公式"", ""reason"": ""日本アクチュアリー会公開の過去問原本PDF。"", ""section_hint"": ""H11年度 生保1（問題） p.3"", ""excerpt"": ""この設問の問題文は、同会公開PDFの p.3 に対応。ローカル同梱PDFと同一内容の公式原本として確認可能。"", ""display_mode"": ""official_panel""}]",2,教科書：第10章 商品毎収益検証 ／ 公式原本：日本アクチュアリー会 H11問題PDF p.3,,,https://www.actuaries.jp/lib/collection/books/H11/H11seiho1.pdf#page=3
H12-Q1(1),H12,第Ⅰ部,問題1,(1),,内部収益率,選択,保険契約 / 新契約1件当 / 各年度 / 保険料収入 / 連用収益 / 保険金等 / 支払額 / 事業費,計算型,商品毎収益検証,4,S,hoken1-seiho_10.pdf,第10章 商品毎収益検証,10.2～10.11 商品毎収益検証の目的・モデル・指標・シナリオ,平成10～19年度追加分：問題文キーワードから教科書・公式資料へ初期対応。必要に応じて後続で小見出し単位に精密化。,8,10,H12G.pdf,p.1,1,4,exams/H12G.pdf#page=1,textbooks/hoken1-seiho_10.pdf#page=8,exams/H12G.pdf#page=4,,,,,,"[{""type"": ""教科書"", ""category"": ""教科書"", ""title"": ""第10章 商品毎収益検証"", ""source"": ""hoken1-seiho_10.pdf"", ""usage"": ""10.2～10.11 商品毎収益検証の目的・モデル・指標・シナリオ"", ""url"": ""textbooks/hoken1-seiho_10.pdf#page=8"", ""reason"": ""平成10～19年度追加分の初期マッピング。問題文キーワードから対応章に紐づけ。"", ""pdf_page"": ""8"", ""internal_page"": ""10""}, {""id"": ""ACT-H12G"", ""category"": ""過去問原本"", ""title"": ""H12年度 生保1（問題）PDF p.1"", ""source"": ""日本アクチュアリー会"", ""usage"": ""問題原本の公式PDF。問題・解答の対応確認、PDF本文確認用。"", ""url"": ""https://www.actuaries.jp/lib/collection/books/H12/H12G.pdf#page=1"", ""type"": ""公式"", ""reason"": ""日本アクチュアリー会公開の過去問原本PDF。"", ""section_hint"": ""H12年度 生保1（問題） p.1"", ""excerpt"": ""この設問の問題文は、同会公開PDFの p.1 に対応。ローカル同梱PDFと同一内容の公式原本として確認可能。"", ""display_mode"": ""official_panel""}]",2,教科書：第10章 商品毎収益検証 ／ 公式原本：日本アクチュアリー会 H12問題PDF p.1,,,https://www.actuaries.jp/lib/collection/books/H12/H12G.pdf#page=1
H12-Q1(2),H12,第Ⅰ部,問題1,(2),,再保険：次の①～⑤を適当な語句または算式(文章中の記号を用いるこ,計算・選択,文章中 / 比例再保険方式 / 代表的 / プラス方式 / 亜コ方式 / 保険金額 / 保有額 / 一定金額,計算型,再保険,4,S,hoken1-seiho_08.pdf,第8章 再保険,8.2～8.3 再保険の目的・方式・非伝統的再保険,平成10～19年度追加分：問題文キーワードから教科書・公式資料へ初期対応。必要に応じて後続で小見出し単位に精密化。,5,8,H12G.pdf,p.1,1,4,exams/H12G.pdf#page=1,textbooks/hoken1-seiho_08.pdf#page=5,exams/H12G.pdf#page=4,,,,,,"[{""type"": ""教科書"", ""category"": ""教科書"", ""title"": ""第8章 再保険"", ""source"": ""hoken1-seiho_08.pdf"", ""usage"": ""8.2～8.3 再保険の目的・方式・非伝統的再保険"", ""url"": ""textbooks/hoken1-seiho_08.pdf#page=5"", ""reason"": ""平成10～19年度追加分の初期マッピング。問題文キーワードから対応章に紐づけ。"", ""pdf_page"": ""5"", ""internal_page"": ""8""}, {""id"": ""ACT-H12G"", ""category"": ""過去問原本"", ""title"": ""H12年度 生保1（問題）PDF p.1"", ""source"": ""日本アクチュアリー会"", ""usage"": ""問題原本の公式PDF。問題・解答の対応確認、PDF本文確認用。"", ""url"": ""https://www.actuaries.jp/lib/collection/books/H12/H12G.pdf#page=1"", ""type"": ""公式"", ""reason"": ""日本アクチュアリー会公開の過去問原本PDF。"", ""section_hint"": ""H12年度 生保1（問題） p.1"", ""excerpt"": ""この設問の問題文は、同会公開PDFの p.1 に対応。ローカル同梱PDFと同一内容の公式原本として確認可能。"", ""display_mode"": ""official_panel""}]",2,教科書：第8章 再保険 ／ 公式原本：日本アクチュアリー会 H12問題PDF p.1,,,https://www.actuaries.jp/lib/collection/books/H12/H12G.pdf#page=1
H12-Q1(3),H12,第Ⅰ部,問題1,(3),,特別勘定,選択,変額商品 / 年金給付額 / 実質価値保金 / 本来的目的 / 準備金 / 定額商品 / 口重コ / 第一義,計算型,変額年金・変額保険,4,A,hoken1-seiho_05.pdf,第5章 変額年金保険,5章 変額年金保険・最低保証リスク,平成10～19年度追加分：問題文キーワードから教科書・公式資料へ初期対応。必要に応じて後続で小見出し単位に精密化。,6,5,H12G.pdf,p.1,1,4,exams/H12G.pdf#page=1,textbooks/hoken1-seiho_05.pdf#page=6,exams/H12G.pdf#page=4,,,,,,"[{""type"": ""教科書"", ""category"": ""教科書"", ""title"": ""第5章 変額年金保険"", ""source"": ""hoken1-seiho_05.pdf"", ""usage"": ""5章 変額年金保険・最低保証リスク"", ""url"": ""textbooks/hoken1-seiho_05.pdf#page=6"", ""reason"": ""平成10～19年度追加分の初期マッピング。問題文キーワードから対応章に紐づけ。"", ""pdf_page"": ""6"", ""internal_page"": ""5""}, {""id"": ""ACT-H12G"", ""category"": ""過去問原本"", ""title"": ""H12年度 生保1（問題）PDF p.1"", ""source"": ""日本アクチュアリー会"", ""usage"": ""問題原本の公式PDF。問題・解答の対応確認、PDF本文確認用。"", ""url"": ""https://www.actuaries.jp/lib/collection/books/H12/H12G.pdf#page=1"", ""type"": ""公式"", ""reason"": ""日本アクチュアリー会公開の過去問原本PDF。"", ""section_hint"": ""H12年度 生保1（問題） p.1"", ""excerpt"": ""この設問の問題文は、同会公開PDFの p.1 に対応。ローカル同梱PDFと同一内容の公式原本として確認可能。"", ""display_mode"": ""official_panel""}]",2,教科書：第5章 変額年金保険 ／ 公式原本：日本アクチュアリー会 H12問題PDF p.1,,,https://www.actuaries.jp/lib/collection/books/H12/H12G.pdf#page=1
H12-Q1(4),H12,第Ⅰ部,問題1,(4),,アセット・シェア,計算・選択,アセット・シェア / 一般的 / 保険数理上同質 / 口重コ / 運用利回 / 死亡率 / 事業費 / 解約失効,計算型,アセット・シェア,4,S,hoken1-seiho_03.pdf,第3章 アセット・シェア,3章 アセット・シェアの計算・活用,平成10～19年度追加分：問題文キーワードから教科書・公式資料へ初期対応。必要に応じて後続で小見出し単位に精密化。,5,3,H12G.pdf,p.1,1,4,exams/H12G.pdf#page=1,textbooks/hoken1-seiho_03.pdf#page=5,exams/H12G.pdf#page=4,,,,,,"[{""type"": ""教科書"", ""category"": ""教科書"", ""title"": ""第3章 アセット・シェア"", ""source"": ""hoken1-seiho_03.pdf"", ""usage"": ""3章 アセット・シェアの計算・活用"", ""url"": ""textbooks/hoken1-seiho_03.pdf#page=5"", ""reason"": ""平成10～19年度追加分の初期マッピング。問題文キーワードから対応章に紐づけ。"", ""pdf_page"": ""5"", ""internal_page"": ""3""}, {""id"": ""ACT-H12G"", ""category"": ""過去問原本"", ""title"": ""H12年度 生保1（問題）PDF p.1"", ""source"": ""日本アクチュアリー会"", ""usage"": ""問題原本の公式PDF。問題・解答の対応確認、PDF本文確認用。"", ""url"": ""https://www.actuaries.jp/lib/collection/books/H12/H12G.pdf#page=1"", ""type"": ""公式"", ""reason"": ""日本アクチュアリー会公開の過去問原本PDF。"", ""section_hint"": ""H12年度 生保1（問題） p.1"", ""excerpt"": ""この設問の問題文は、同会公開PDFの p.1 に対応。ローカル同梱PDFと同一内容の公式原本として確認可能。"", ""display_mode"": ""official_panel""}]",2,教科書：第3章 アセット・シェア ／ 公式原本：日本アクチュアリー会 H12問題PDF p.1,,,https://www.actuaries.jp/lib/collection/books/H12/H12G.pdf#page=1
H12-Q1(5),H12,第Ⅰ部,問題1,(5),,営業保険料・料率設定： 付加保険料を賦課する場合の考え方として、「[重コ」と「,語句記入,付加保険料 / 効用主義 / 付加保険料 / 保険種類毎 / 効用主義 / 保険商品 / 付加保険料 / S比例ロ,知識型,営業保険料・料率設定,3,S,hoken1-seiho_01.pdf,第1章 営業保険料,1.2～1.5 営業保険料・計算基礎率・料率区分,平成10～19年度追加分：問題文キーワードから教科書・公式資料へ初期対応。必要に応じて後続で小見出し単位に精密化。,4,1,H12G.pdf,p.2,2,4,exams/H12G.pdf#page=2,textbooks/hoken1-seiho_01.pdf#page=4,exams/H12G.pdf#page=4,,,,,,"[{""type"": ""教科書"", ""category"": ""教科書"", ""title"": ""第1章 営業保険料"", ""source"": ""hoken1-seiho_01.pdf"", ""usage"": ""1.2～1.5 営業保険料・計算基礎率・料率区分"", ""url"": ""textbooks/hoken1-seiho_01.pdf#page=4"", ""reason"": ""平成10～19年度追加分の初期マッピング。問題文キーワードから対応章に紐づけ。"", ""pdf_page"": ""4"", ""internal_page"": ""1""}, {""id"": ""ACT-H12G"", ""category"": ""過去問原本"", ""title"": ""H12年度 生保1（問題）PDF p.2"", ""source"": ""日本アクチュアリー会"", ""usage"": ""問題原本の公式PDF。問題・解答の対応確認、PDF本文確認用。"", ""url"": ""https://www.actuaries.jp/lib/collection/books/H12/H12G.pdf#page=2"", ""type"": ""公式"", ""reason"": ""日本アクチュアリー会公開の過去問原本PDF。"", ""section_hint"": ""H12年度 生保1（問題） p.2"", ""excerpt"": ""この設問の問題文は、同会公開PDFの p.2 に対応。ローカル同梱PDFと同一内容の公式原本として確認可能。"", ""display_mode"": ""official_panel""}]",2,教科書：第1章 営業保険料 ／ 公式原本：日本アクチュアリー会 H12問題PDF p.2,,,https://www.actuaries.jp/lib/collection/books/H12/H12G.pdf#page=2
H12-Q1(6),H12,第Ⅰ部,問題1,(6),,解約返戻金：次の①～⑤を適当な語句または算式(文章中の記号を用いるこ,計算・選択,文章中 / 1988年 / 重コ法 / 夏コ調整方式 / 解約時 / 保険契約 / 簿価価格 / 投資対象資産,計算型,解約返戻金,4,A,hoken1-seiho_02.pdf,第2章 解約および解約返戻金,2.4～2.7 解約返戻金・MVA・流動性リスク,平成10～19年度追加分：問題文キーワードから教科書・公式資料へ初期対応。必要に応じて後続で小見出し単位に精密化。,10,2,H12G.pdf,p.2,2,4,exams/H12G.pdf#page=2,textbooks/hoken1-seiho_02.pdf#page=10,exams/H12G.pdf#page=4,,,,,,"[{""type"": ""教科書"", ""category"": ""教科書"", ""title"": ""第2章 解約および解約返戻金"", ""source"": ""hoken1-seiho_02.pdf"", ""usage"": ""2.4～2.7 解約返戻金・MVA・流動性リスク"", ""url"": ""textbooks/hoken1-seiho_02.pdf#page=10"", ""reason"": ""平成10～19年度追加分の初期マッピング。問題文キーワードから対応章に紐づけ。"", ""pdf_page"": ""10"", ""internal_page"": ""2""}, {""id"": ""ACT-H12G"", ""category"": ""過去問原本"", ""title"": ""H12年度 生保1（問題）PDF p.2"", ""source"": ""日本アクチュアリー会"", ""usage"": ""問題原本の公式PDF。問題・解答の対応確認、PDF本文確認用。"", ""url"": ""https://www.actuaries.jp/lib/collection/books/H12/H12G.pdf#page=2"", ""type"": ""公式"", ""reason"": ""日本アクチュアリー会公開の過去問原本PDF。"", ""section_hint"": ""H12年度 生保1（問題） p.2"", ""excerpt"": ""この設問の問題文は、同会公開PDFの p.2 に対応。ローカル同梱PDFと同一内容の公式原本として確認可能。"", ""display_mode"": ""official_panel""}]",2,教科書：第2章 解約および解約返戻金 ／ 公式原本：日本アクチュアリー会 H12問題PDF p.2,,,https://www.actuaries.jp/lib/collection/books/H12/H12G.pdf#page=2
H12-Q1(7),H12,第Ⅰ部,問題1,(7),,営業保険料・料率設定： 米国における優良体の判定には様々な[亜コが使用されるが,計算・選択,優良体 / 被保険者 / 体況・口童コ・ライフスタイル・職業 / 家族歴 / コレステロ / 喫煙状況等 / 代表的 / BMI,計算型,営業保険料・料率設定,4,S,hoken1-seiho_01.pdf,第1章 営業保険料,1.2～1.5 営業保険料・計算基礎率・料率区分,平成10～19年度追加分：問題文キーワードから教科書・公式資料へ初期対応。必要に応じて後続で小見出し単位に精密化。,4,1,H12G.pdf,p.2,2,4,exams/H12G.pdf#page=2,textbooks/hoken1-seiho_01.pdf#page=4,exams/H12G.pdf#page=4,,,,,,"[{""type"": ""教科書"", ""category"": ""教科書"", ""title"": ""第1章 営業保険料"", ""source"": ""hoken1-seiho_01.pdf"", ""usage"": ""1.2～1.5 営業保険料・計算基礎率・料率区分"", ""url"": ""textbooks/hoken1-seiho_01.pdf#page=4"", ""reason"": ""平成10～19年度追加分の初期マッピング。問題文キーワードから対応章に紐づけ。"", ""pdf_page"": ""4"", ""internal_page"": ""1""}, {""id"": ""ACT-H12G"", ""category"": ""過去問原本"", ""title"": ""H12年度 生保1（問題）PDF p.2"", ""source"": ""日本アクチュアリー会"", ""usage"": ""問題原本の公式PDF。問題・解答の対応確認、PDF本文確認用。"", ""url"": ""https://www.actuaries.jp/lib/collection/books/H12/H12G.pdf#page=2"", ""type"": ""公式"", ""reason"": ""日本アクチュアリー会公開の過去問原本PDF。"", ""section_hint"": ""H12年度 生保1（問題） p.2"", ""excerpt"": ""この設問の問題文は、同会公開PDFの p.2 に対応。ローカル同梱PDFと同一内容の公式原本として確認可能。"", ""display_mode"": ""official_panel""}]",2,教科書：第1章 営業保険料 ／ 公式原本：日本アクチュアリー会 H12問題PDF p.2,,,https://www.actuaries.jp/lib/collection/books/H12/H12G.pdf#page=2
H12-Q1(8),H12,第Ⅰ部,問題1,(8),,団体生命保険：次の①～⑤について、正しいものには○、誤りのあるものにつ,計算・選択,経験料率方式 / 技術的 / 次期以降 / 保険料率 / 実質保険料 / 配当精算法 / 保険料十発生利息一保険金費用一剰余金 / 剰余金,計算型,団体生命保険,4,A,hoken1-seiho_06.pdf,第6章 団体生命保険,6.2～6.7 団体生命保険の特質・保険料・配当,平成10～19年度追加分：問題文キーワードから教科書・公式資料へ初期対応。必要に応じて後続で小見出し単位に精密化。,5,6,H12G.pdf,p.2,2,4,exams/H12G.pdf#page=2,textbooks/hoken1-seiho_06.pdf#page=5,exams/H12G.pdf#page=4,,,,,,"[{""type"": ""教科書"", ""category"": ""教科書"", ""title"": ""第6章 団体生命保険"", ""source"": ""hoken1-seiho_06.pdf"", ""usage"": ""6.2～6.7 団体生命保険の特質・保険料・配当"", ""url"": ""textbooks/hoken1-seiho_06.pdf#page=5"", ""reason"": ""平成10～19年度追加分の初期マッピング。問題文キーワードから対応章に紐づけ。"", ""pdf_page"": ""5"", ""internal_page"": ""6""}, {""id"": ""ACT-H12G"", ""category"": ""過去問原本"", ""title"": ""H12年度 生保1（問題）PDF p.2"", ""source"": ""日本アクチュアリー会"", ""usage"": ""問題原本の公式PDF。問題・解答の対応確認、PDF本文確認用。"", ""url"": ""https://www.actuaries.jp/lib/collection/books/H12/H12G.pdf#page=2"", ""type"": ""公式"", ""reason"": ""日本アクチュアリー会公開の過去問原本PDF。"", ""section_hint"": ""H12年度 生保1（問題） p.2"", ""excerpt"": ""この設問の問題文は、同会公開PDFの p.2 に対応。ローカル同梱PDFと同一内容の公式原本として確認可能。"", ""display_mode"": ""official_panel""}]",2,教科書：第6章 団体生命保険 ／ 公式原本：日本アクチュアリー会 H12問題PDF p.2,,,https://www.actuaries.jp/lib/collection/books/H12/H12G.pdf#page=2
H12-Q1(9),H12,第Ⅰ部,問題1,(9),,標準生命表,説明,生保標準生命表1996 / 年金開始後用死亡率 / 作成過程,知識型,営業保険料・料率設定,3,S,hoken1-seiho_01.pdf,第1章 営業保険料,1.2～1.5 営業保険料・計算基礎率・料率区分,平成10～19年度追加分：問題文キーワードから教科書・公式資料へ初期対応。必要に応じて後続で小見出し単位に精密化。,4,1,H12G.pdf,p.3,3,4,exams/H12G.pdf#page=3,textbooks/hoken1-seiho_01.pdf#page=4,exams/H12G.pdf#page=4,,,,,,"[{""type"": ""教科書"", ""category"": ""教科書"", ""title"": ""第1章 営業保険料"", ""source"": ""hoken1-seiho_01.pdf"", ""usage"": ""1.2～1.5 営業保険料・計算基礎率・料率区分"", ""url"": ""textbooks/hoken1-seiho_01.pdf#page=4"", ""reason"": ""平成10～19年度追加分の初期マッピング。問題文キーワードから対応章に紐づけ。"", ""pdf_page"": ""4"", ""internal_page"": ""1""}, {""id"": ""ACT-H12G"", ""category"": ""過去問原本"", ""title"": ""H12年度 生保1（問題）PDF p.3"", ""source"": ""日本アクチュアリー会"", ""usage"": ""問題原本の公式PDF。問題・解答の対応確認、PDF本文確認用。"", ""url"": ""https://www.actuaries.jp/lib/collection/books/H12/H12G.pdf#page=3"", ""type"": ""公式"", ""reason"": ""日本アクチュアリー会公開の過去問原本PDF。"", ""section_hint"": ""H12年度 生保1（問題） p.3"", ""excerpt"": ""この設問の問題文は、同会公開PDFの p.3 に対応。ローカル同梱PDFと同一内容の公式原本として確認可能。"", ""display_mode"": ""official_panel""}]",2,教科書：第1章 営業保険料 ／ 公式原本：日本アクチュアリー会 H12問題PDF p.3,,,https://www.actuaries.jp/lib/collection/books/H12/H12G.pdf#page=3
H12-Q1(10),H12,第Ⅰ部,問題1,(10),,カレント・アサンプション終身保険,選択,カレント・アサンプション終身保険 / 問題2 / 50点,知識型,変額年金・変額保険,3,A,hoken1-seiho_05.pdf,第5章 変額年金保険,5章 変額年金保険・最低保証リスク,平成10～19年度追加分：問題文キーワードから教科書・公式資料へ初期対応。必要に応じて後続で小見出し単位に精密化。,6,5,H12G.pdf,p.3,3,4,exams/H12G.pdf#page=3,textbooks/hoken1-seiho_05.pdf#page=6,exams/H12G.pdf#page=4,,,,,,"[{""type"": ""教科書"", ""category"": ""教科書"", ""title"": ""第5章 変額年金保険"", ""source"": ""hoken1-seiho_05.pdf"", ""usage"": ""5章 変額年金保険・最低保証リスク"", ""url"": ""textbooks/hoken1-seiho_05.pdf#page=6"", ""reason"": ""平成10～19年度追加分の初期マッピング。問題文キーワードから対応章に紐づけ。"", ""pdf_page"": ""6"", ""internal_page"": ""5""}, {""id"": ""ACT-H12G"", ""category"": ""過去問原本"", ""title"": ""H12年度 生保1（問題）PDF p.3"", ""source"": ""日本アクチュアリー会"", ""usage"": ""問題原本の公式PDF。問題・解答の対応確認、PDF本文確認用。"", ""url"": ""https://www.actuaries.jp/lib/collection/books/H12/H12G.pdf#page=3"", ""type"": ""公式"", ""reason"": ""日本アクチュアリー会公開の過去問原本PDF。"", ""section_hint"": ""H12年度 生保1（問題） p.3"", ""excerpt"": ""この設問の問題文は、同会公開PDFの p.3 に対応。ローカル同梱PDFと同一内容の公式原本として確認可能。"", ""display_mode"": ""official_panel""}]",2,教科書：第5章 変額年金保険 ／ 公式原本：日本アクチュアリー会 H12問題PDF p.3,,,https://www.actuaries.jp/lib/collection/books/H12/H12G.pdf#page=3
H12-Q2(1),H12,第Ⅰ部,問題2,(1),,料率設定,計算・選択,アキュムレ / ション方式 / 料率設定 / 保険料率 / 計算手順 / 伝統的 / 料率設定方式 / メリット,計算型,営業保険料・料率設定,4,S,hoken1-seiho_01.pdf,第1章 営業保険料,1.2～1.5 営業保険料・計算基礎率・料率区分,平成10～19年度追加分：問題文キーワードから教科書・公式資料へ初期対応。必要に応じて後続で小見出し単位に精密化。,4,1,H12G.pdf,p.3,3,5,exams/H12G.pdf#page=3,textbooks/hoken1-seiho_01.pdf#page=4,exams/H12G.pdf#page=5,,,,,,"[{""type"": ""教科書"", ""category"": ""教科書"", ""title"": ""第1章 営業保険料"", ""source"": ""hoken1-seiho_01.pdf"", ""usage"": ""1.2～1.5 営業保険料・計算基礎率・料率区分"", ""url"": ""textbooks/hoken1-seiho_01.pdf#page=4"", ""reason"": ""平成10～19年度追加分の初期マッピング。問題文キーワードから対応章に紐づけ。"", ""pdf_page"": ""4"", ""internal_page"": ""1""}, {""id"": ""ACT-H12G"", ""category"": ""過去問原本"", ""title"": ""H12年度 生保1（問題）PDF p.3"", ""source"": ""日本アクチュアリー会"", ""usage"": ""問題原本の公式PDF。問題・解答の対応確認、PDF本文確認用。"", ""url"": ""https://www.actuaries.jp/lib/collection/books/H12/H12G.pdf#page=3"", ""type"": ""公式"", ""reason"": ""日本アクチュアリー会公開の過去問原本PDF。"", ""section_hint"": ""H12年度 生保1（問題） p.3"", ""excerpt"": ""この設問の問題文は、同会公開PDFの p.3 に対応。ローカル同梱PDFと同一内容の公式原本として確認可能。"", ""display_mode"": ""official_panel""}]",2,教科書：第1章 営業保険料 ／ 公式原本：日本アクチュアリー会 H12問題PDF p.3,,,https://www.actuaries.jp/lib/collection/books/H12/H12G.pdf#page=3
H12-Q2(2),H12,第Ⅰ部,問題2,(2),,重大疾病保障保険,計算・選択,重大疾病保障保険 / DreaaD1sease / Cnt1ca1111ness / 一般的 / 商品二一ズ / 商品設計 / 支払事由 / 計算基礎率,計算型,医療保険・第三分野,4,S,hoken1-seiho_07.pdf,第7章 医療保険,7.3～7.5 医療保険・第三分野商品の基礎率とリスク管理,平成10～19年度追加分：問題文キーワードから教科書・公式資料へ初期対応。必要に応じて後続で小見出し単位に精密化。,5,7,H12G.pdf,p.3,3,8,exams/H12G.pdf#page=3,textbooks/hoken1-seiho_07.pdf#page=5,exams/H12G.pdf#page=8,,,,,,"[{""type"": ""教科書"", ""category"": ""教科書"", ""title"": ""第7章 医療保険"", ""source"": ""hoken1-seiho_07.pdf"", ""usage"": ""7.3～7.5 医療保険・第三分野商品の基礎率とリスク管理"", ""url"": ""textbooks/hoken1-seiho_07.pdf#page=5"", ""reason"": ""平成10～19年度追加分の初期マッピング。問題文キーワードから対応章に紐づけ。"", ""pdf_page"": ""5"", ""internal_page"": ""7""}, {""id"": ""ACT-H12G"", ""category"": ""過去問原本"", ""title"": ""H12年度 生保1（問題）PDF p.3"", ""source"": ""日本アクチュアリー会"", ""usage"": ""問題原本の公式PDF。問題・解答の対応確認、PDF本文確認用。"", ""url"": ""https://www.actuaries.jp/lib/collection/books/H12/H12G.pdf#page=3"", ""type"": ""公式"", ""reason"": ""日本アクチュアリー会公開の過去問原本PDF。"", ""section_hint"": ""H12年度 生保1（問題） p.3"", ""excerpt"": ""この設問の問題文は、同会公開PDFの p.3 に対応。ローカル同梱PDFと同一内容の公式原本として確認可能。"", ""display_mode"": ""official_panel""}]",2,教科書：第7章 医療保険 ／ 公式原本：日本アクチュアリー会 H12問題PDF p.3,,,https://www.actuaries.jp/lib/collection/books/H12/H12G.pdf#page=3
H12-Q2(3),H12,第Ⅰ部,問題2,(3),,商品毎収益検証,所見,商品毎収益検証 / 解約率 / シナリオ / 解約率 / 解約率 / 死亡率 / 解約率 / シナリオ,所見型,商品毎収益検証,4,S,hoken1-seiho_10.pdf,第10章 商品毎収益検証,10.2～10.11 商品毎収益検証の目的・モデル・指標・シナリオ,平成10～19年度追加分：問題文キーワードから教科書・公式資料へ初期対応。必要に応じて後続で小見出し単位に精密化。,8,10,H12G.pdf,p.3,3,11,exams/H12G.pdf#page=3,textbooks/hoken1-seiho_10.pdf#page=8,exams/H12G.pdf#page=11,,,,,,"[{""type"": ""教科書"", ""category"": ""教科書"", ""title"": ""第10章 商品毎収益検証"", ""source"": ""hoken1-seiho_10.pdf"", ""usage"": ""10.2～10.11 商品毎収益検証の目的・モデル・指標・シナリオ"", ""url"": ""textbooks/hoken1-seiho_10.pdf#page=8"", ""reason"": ""平成10～19年度追加分の初期マッピング。問題文キーワードから対応章に紐づけ。"", ""pdf_page"": ""8"", ""internal_page"": ""10""}, {""id"": ""ACT-H12G"", ""category"": ""過去問原本"", ""title"": ""H12年度 生保1（問題）PDF p.3"", ""source"": ""日本アクチュアリー会"", ""usage"": ""問題原本の公式PDF。問題・解答の対応確認、PDF本文確認用。"", ""url"": ""https://www.actuaries.jp/lib/collection/books/H12/H12G.pdf#page=3"", ""type"": ""公式"", ""reason"": ""日本アクチュアリー会公開の過去問原本PDF。"", ""section_hint"": ""H12年度 生保1（問題） p.3"", ""excerpt"": ""この設問の問題文は、同会公開PDFの p.3 に対応。ローカル同梱PDFと同一内容の公式原本として確認可能。"", ""display_mode"": ""official_panel""}]",2,教科書：第10章 商品毎収益検証 ／ 公式原本：日本アクチュアリー会 H12問題PDF p.3,,,https://www.actuaries.jp/lib/collection/books/H12/H12G.pdf#page=3
H13-Q1(1),H13,第Ⅰ部,問題1,(1),,長期医療介護保障,設問,ユニバ / サル保険 / t期末 / キャッシュ・バリュ / CVt / 漸化式 / CVt / t一十保険料十利息一ロ,知識型,医療保険・第三分野,3,S,hoken1-seiho_07.pdf,第7章 医療保険,7.3～7.5 医療保険・第三分野商品の基礎率とリスク管理,平成10～19年度追加分：問題文キーワードから教科書・公式資料へ初期対応。必要に応じて後続で小見出し単位に精密化。,5,7,H13G.pdf,p.1,1,6,exams/H13G.pdf#page=1,textbooks/hoken1-seiho_07.pdf#page=5,exams/H13G.pdf#page=6,,,,,,"[{""type"": ""教科書"", ""category"": ""教科書"", ""title"": ""第7章 医療保険"", ""source"": ""hoken1-seiho_07.pdf"", ""usage"": ""7.3～7.5 医療保険・第三分野商品の基礎率とリスク管理"", ""url"": ""textbooks/hoken1-seiho_07.pdf#page=5"", ""reason"": ""平成10～19年度追加分の初期マッピング。問題文キーワードから対応章に紐づけ。"", ""pdf_page"": ""5"", ""internal_page"": ""7""}, {""id"": ""ACT-H13G"", ""category"": ""過去問原本"", ""title"": ""H13年度 生保1（問題）PDF p.1"", ""source"": ""日本アクチュアリー会"", ""usage"": ""問題原本の公式PDF。問題・解答の対応確認、PDF本文確認用。"", ""url"": ""https://www.actuaries.jp/lib/collection/books/H13/H13G.pdf#page=1"", ""type"": ""公式"", ""reason"": ""日本アクチュアリー会公開の過去問原本PDF。"", ""section_hint"": ""H13年度 生保1（問題） p.1"", ""excerpt"": ""この設問の問題文は、同会公開PDFの p.1 に対応。ローカル同梱PDFと同一内容の公式原本として確認可能。"", ""display_mode"": ""official_panel""}]",2,教科書：第7章 医療保険 ／ 公式原本：日本アクチュアリー会 H13問題PDF p.1,,,https://www.actuaries.jp/lib/collection/books/H13/H13G.pdf#page=1
H13-Q1(2),H13,第Ⅰ部,問題1,(2),,アセット・シェア,計算・選択,アセット・シェア / 対応責任準備金 / ネット・アセット・シェア / 保険計理人 / 実務基準第23条 / アセット・シエア方式 / 代表契約選定単位 / 最低限,計算型,アセット・シェア,4,S,hoken1-seiho_03.pdf,第3章 アセット・シェア,3章 アセット・シェアの計算・活用,平成10～19年度追加分：問題文キーワードから教科書・公式資料へ初期対応。必要に応じて後続で小見出し単位に精密化。,5,3,H13G.pdf,p.1,1,6,exams/H13G.pdf#page=1,textbooks/hoken1-seiho_03.pdf#page=5,exams/H13G.pdf#page=6,保険業法施行規則,https://laws.e-gov.go.jp/law/408M50000040005,,,2,"[{""type"": ""教科書"", ""category"": ""教科書"", ""title"": ""第3章 アセット・シェア"", ""source"": ""hoken1-seiho_03.pdf"", ""usage"": ""3章 アセット・シェアの計算・活用"", ""url"": ""textbooks/hoken1-seiho_03.pdf#page=5"", ""reason"": ""平成10～19年度追加分の初期マッピング。問題文キーワードから対応章に紐づけ。"", ""pdf_page"": ""5"", ""internal_page"": ""3""}, {""type"": ""公式"", ""category"": ""公式"", ""title"": ""保険業法施行規則"", ""source"": ""金融庁/e-Gov"", ""usage"": ""設問の公式根拠確認"", ""url"": ""https://laws.e-gov.go.jp/law/408M50000040005"", ""reason"": ""設問文に対応する公式資料。"", ""section_hint"": ""保険業法施行規則"", ""excerpt"": ""保険業法施行規則の該当条文確認用。"", ""display_mode"": ""official_panel""}, {""type"": ""公式"", ""category"": ""公式"", ""title"": ""保険業法"", ""source"": ""金融庁/e-Gov"", ""usage"": ""設問の公式根拠確認"", ""url"": ""https://laws.e-gov.go.jp/law/407AC0000000105"", ""reason"": ""設問文に対応する公式資料。"", ""section_hint"": ""保険業法"", ""excerpt"": ""保険業法の該当条文確認用。"", ""display_mode"": ""official_panel""}, {""id"": ""ACT-H13G"", ""category"": ""過去問原本"", ""title"": ""H13年度 生保1（問題）PDF p.1"", ""source"": ""日本アクチュアリー会"", ""usage"": ""問題原本の公式PDF。問題・解答の対応確認、PDF本文確認用。"", ""url"": ""https://www.actuaries.jp/lib/collection/books/H13/H13G.pdf#page=1"", ""type"": ""公式"", ""reason"": ""日本アクチュアリー会公開の過去問原本PDF。"", ""section_hint"": ""H13年度 生保1（問題） p.1"", ""excerpt"": ""この設問の問題文は、同会公開PDFの p.1 に対応。ローカル同梱PDFと同一内容の公式原本として確認可能。"", ""display_mode"": ""official_panel""}]",4,教科書：第3章 アセット・シェア ／ 公式：保険業法施行規則 ／ 公式：保険業法 ／ 公式原本：日本アクチュアリー会 H13問題PDF p.1,保険業法施行規則,保険業法施行規則の該当条文確認用。,https://www.actuaries.jp/lib/collection/books/H13/H13G.pdf#page=1
H13-Q1(3),H13,第Ⅰ部,問題1,(3),,財務再保険,語句記入,財務再保険 / 保険業法施行規則第71条第2項 / 平成10年大蔵省告示 / 第233号 / 財務再保険 / 元受会社 / 保険契約 / リスク,知識型,再保険,3,S,hoken1-seiho_08.pdf,第8章 再保険,8.2～8.3 再保険の目的・方式・非伝統的再保険,平成10～19年度追加分：問題文キーワードから教科書・公式資料へ初期対応。必要に応じて後続で小見出し単位に精密化。,5,8,H13G.pdf,p.2,2,6,exams/H13G.pdf#page=2,textbooks/hoken1-seiho_08.pdf#page=5,exams/H13G.pdf#page=6,保険業法施行規則,https://laws.e-gov.go.jp/law/408M50000040005,,,2,"[{""type"": ""教科書"", ""category"": ""教科書"", ""title"": ""第8章 再保険"", ""source"": ""hoken1-seiho_08.pdf"", ""usage"": ""8.2～8.3 再保険の目的・方式・非伝統的再保険"", ""url"": ""textbooks/hoken1-seiho_08.pdf#page=5"", ""reason"": ""平成10～19年度追加分の初期マッピング。問題文キーワードから対応章に紐づけ。"", ""pdf_page"": ""5"", ""internal_page"": ""8""}, {""type"": ""公式"", ""category"": ""公式"", ""title"": ""保険業法施行規則"", ""source"": ""金融庁/e-Gov"", ""usage"": ""設問の公式根拠確認"", ""url"": ""https://laws.e-gov.go.jp/law/408M50000040005"", ""reason"": ""設問文に対応する公式資料。"", ""section_hint"": ""保険業法施行規則"", ""excerpt"": ""保険業法施行規則の該当条文確認用。"", ""display_mode"": ""official_panel""}, {""type"": ""公式"", ""category"": ""公式"", ""title"": ""保険業法"", ""source"": ""金融庁/e-Gov"", ""usage"": ""設問の公式根拠確認"", ""url"": ""https://laws.e-gov.go.jp/law/407AC0000000105"", ""reason"": ""設問文に対応する公式資料。"", ""section_hint"": ""保険業法"", ""excerpt"": ""保険業法の該当条文確認用。"", ""display_mode"": ""official_panel""}, {""id"": ""ACT-H13G"", ""category"": ""過去問原本"", ""title"": ""H13年度 生保1（問題）PDF p.2"", ""source"": ""日本アクチュアリー会"", ""usage"": ""問題原本の公式PDF。問題・解答の対応確認、PDF本文確認用。"", ""url"": ""https://www.actuaries.jp/lib/collection/books/H13/H13G.pdf#page=2"", ""type"": ""公式"", ""reason"": ""日本アクチュアリー会公開の過去問原本PDF。"", ""section_hint"": ""H13年度 生保1（問題） p.2"", ""excerpt"": ""この設問の問題文は、同会公開PDFの p.2 に対応。ローカル同梱PDFと同一内容の公式原本として確認可能。"", ""display_mode"": ""official_panel""}]",4,教科書：第8章 再保険 ／ 公式：保険業法施行規則 ／ 公式：保険業法 ／ 公式原本：日本アクチュアリー会 H13問題PDF p.2,保険業法施行規則,保険業法施行規則の該当条文確認用。,https://www.actuaries.jp/lib/collection/books/H13/H13G.pdf#page=2
H13-Q1(4),H13,第Ⅰ部,問題1,(4),,営業保険料・料率設定： 現在日本における付加保険料体系はα一β一γ方式が広く用,計算・選択,現在日本 / 付加保険料体系 / 同一保険種類 / 保険期間 / 加入年齢 / 無関係 / 付加保険料 / パラメ,計算型,営業保険料・料率設定,4,S,hoken1-seiho_01.pdf,第1章 営業保険料,1.2～1.5 営業保険料・計算基礎率・料率区分,平成10～19年度追加分：問題文キーワードから教科書・公式資料へ初期対応。必要に応じて後続で小見出し単位に精密化。,4,1,H13G.pdf,p.2,2,7,exams/H13G.pdf#page=2,textbooks/hoken1-seiho_01.pdf#page=4,exams/H13G.pdf#page=7,,,,,,"[{""type"": ""教科書"", ""category"": ""教科書"", ""title"": ""第1章 営業保険料"", ""source"": ""hoken1-seiho_01.pdf"", ""usage"": ""1.2～1.5 営業保険料・計算基礎率・料率区分"", ""url"": ""textbooks/hoken1-seiho_01.pdf#page=4"", ""reason"": ""平成10～19年度追加分の初期マッピング。問題文キーワードから対応章に紐づけ。"", ""pdf_page"": ""4"", ""internal_page"": ""1""}, {""id"": ""ACT-H13G"", ""category"": ""過去問原本"", ""title"": ""H13年度 生保1（問題）PDF p.2"", ""source"": ""日本アクチュアリー会"", ""usage"": ""問題原本の公式PDF。問題・解答の対応確認、PDF本文確認用。"", ""url"": ""https://www.actuaries.jp/lib/collection/books/H13/H13G.pdf#page=2"", ""type"": ""公式"", ""reason"": ""日本アクチュアリー会公開の過去問原本PDF。"", ""section_hint"": ""H13年度 生保1（問題） p.2"", ""excerpt"": ""この設問の問題文は、同会公開PDFの p.2 に対応。ローカル同梱PDFと同一内容の公式原本として確認可能。"", ""display_mode"": ""official_panel""}]",2,教科書：第1章 営業保険料 ／ 公式原本：日本アクチュアリー会 H13問題PDF p.2,,,https://www.actuaries.jp/lib/collection/books/H13/H13G.pdf#page=2
H13-Q1(5),H13,第Ⅰ部,問題1,(5),,団体生命保険：団体保険に関して、選択を行う際のグレッグによる原則につい,選択,団体保険 / グレッグ / 社会的 / 利害関係 / 逆選択 / 危険性 / 新規加入者 / 各個人,知識型,団体生命保険,3,A,hoken1-seiho_06.pdf,第6章 団体生命保険,6.2～6.7 団体生命保険の特質・保険料・配当,平成10～19年度追加分：問題文キーワードから教科書・公式資料へ初期対応。必要に応じて後続で小見出し単位に精密化。,5,6,H13G.pdf,p.2,2,7,exams/H13G.pdf#page=2,textbooks/hoken1-seiho_06.pdf#page=5,exams/H13G.pdf#page=7,,,,,,"[{""type"": ""教科書"", ""category"": ""教科書"", ""title"": ""第6章 団体生命保険"", ""source"": ""hoken1-seiho_06.pdf"", ""usage"": ""6.2～6.7 団体生命保険の特質・保険料・配当"", ""url"": ""textbooks/hoken1-seiho_06.pdf#page=5"", ""reason"": ""平成10～19年度追加分の初期マッピング。問題文キーワードから対応章に紐づけ。"", ""pdf_page"": ""5"", ""internal_page"": ""6""}, {""id"": ""ACT-H13G"", ""category"": ""過去問原本"", ""title"": ""H13年度 生保1（問題）PDF p.2"", ""source"": ""日本アクチュアリー会"", ""usage"": ""問題原本の公式PDF。問題・解答の対応確認、PDF本文確認用。"", ""url"": ""https://www.actuaries.jp/lib/collection/books/H13/H13G.pdf#page=2"", ""type"": ""公式"", ""reason"": ""日本アクチュアリー会公開の過去問原本PDF。"", ""section_hint"": ""H13年度 生保1（問題） p.2"", ""excerpt"": ""この設問の問題文は、同会公開PDFの p.2 に対応。ローカル同梱PDFと同一内容の公式原本として確認可能。"", ""display_mode"": ""official_panel""}]",2,教科書：第6章 団体生命保険 ／ 公式原本：日本アクチュアリー会 H13問題PDF p.2,,,https://www.actuaries.jp/lib/collection/books/H13/H13G.pdf#page=2
H13-Q1(6),H13,第Ⅰ部,問題1,(6),,営業保険料,計算・選択,選択肢 / 3年満期 / 無配当定期保険 / 保険料 / アキュムレ / ション方式 / Hoskins / method,計算型,営業保険料・料率設定,4,S,hoken1-seiho_01.pdf,第1章 営業保険料,1.2～1.5 営業保険料・計算基礎率・料率区分,平成10～19年度追加分：問題文キーワードから教科書・公式資料へ初期対応。必要に応じて後続で小見出し単位に精密化。,4,1,H13G.pdf,p.3,3,7,exams/H13G.pdf#page=3,textbooks/hoken1-seiho_01.pdf#page=4,exams/H13G.pdf#page=7,,,,,,"[{""type"": ""教科書"", ""category"": ""教科書"", ""title"": ""第1章 営業保険料"", ""source"": ""hoken1-seiho_01.pdf"", ""usage"": ""1.2～1.5 営業保険料・計算基礎率・料率区分"", ""url"": ""textbooks/hoken1-seiho_01.pdf#page=4"", ""reason"": ""平成10～19年度追加分の初期マッピング。問題文キーワードから対応章に紐づけ。"", ""pdf_page"": ""4"", ""internal_page"": ""1""}, {""id"": ""ACT-H13G"", ""category"": ""過去問原本"", ""title"": ""H13年度 生保1（問題）PDF p.3"", ""source"": ""日本アクチュアリー会"", ""usage"": ""問題原本の公式PDF。問題・解答の対応確認、PDF本文確認用。"", ""url"": ""https://www.actuaries.jp/lib/collection/books/H13/H13G.pdf#page=3"", ""type"": ""公式"", ""reason"": ""日本アクチュアリー会公開の過去問原本PDF。"", ""section_hint"": ""H13年度 生保1（問題） p.3"", ""excerpt"": ""この設問の問題文は、同会公開PDFの p.3 に対応。ローカル同梱PDFと同一内容の公式原本として確認可能。"", ""display_mode"": ""official_panel""}]",2,教科書：第1章 営業保険料 ／ 公式原本：日本アクチュアリー会 H13問題PDF p.3,,,https://www.actuaries.jp/lib/collection/books/H13/H13G.pdf#page=3
H13-Q1(7),H13,第Ⅰ部,問題1,(7),,商品毎収益検証,設問,商品毎収益検証 / 保険年度単位 / モデル / 前提条件 / ・以下 / 保険金額1 / 保険金額1 / 第t保険年度末,知識型,商品毎収益検証,3,S,hoken1-seiho_10.pdf,第10章 商品毎収益検証,10.2～10.11 商品毎収益検証の目的・モデル・指標・シナリオ,平成10～19年度追加分：問題文キーワードから教科書・公式資料へ初期対応。必要に応じて後続で小見出し単位に精密化。,8,10,H13G.pdf,p.3,3,7,exams/H13G.pdf#page=3,textbooks/hoken1-seiho_10.pdf#page=8,exams/H13G.pdf#page=7,,,,,,"[{""type"": ""教科書"", ""category"": ""教科書"", ""title"": ""第10章 商品毎収益検証"", ""source"": ""hoken1-seiho_10.pdf"", ""usage"": ""10.2～10.11 商品毎収益検証の目的・モデル・指標・シナリオ"", ""url"": ""textbooks/hoken1-seiho_10.pdf#page=8"", ""reason"": ""平成10～19年度追加分の初期マッピング。問題文キーワードから対応章に紐づけ。"", ""pdf_page"": ""8"", ""internal_page"": ""10""}, {""id"": ""ACT-H13G"", ""category"": ""過去問原本"", ""title"": ""H13年度 生保1（問題）PDF p.3"", ""source"": ""日本アクチュアリー会"", ""usage"": ""問題原本の公式PDF。問題・解答の対応確認、PDF本文確認用。"", ""url"": ""https://www.actuaries.jp/lib/collection/books/H13/H13G.pdf#page=3"", ""type"": ""公式"", ""reason"": ""日本アクチュアリー会公開の過去問原本PDF。"", ""section_hint"": ""H13年度 生保1（問題） p.3"", ""excerpt"": ""この設問の問題文は、同会公開PDFの p.3 に対応。ローカル同梱PDFと同一内容の公式原本として確認可能。"", ""display_mode"": ""official_panel""}]",2,教科書：第10章 商品毎収益検証 ／ 公式原本：日本アクチュアリー会 H13問題PDF p.3,,,https://www.actuaries.jp/lib/collection/books/H13/H13G.pdf#page=3
H13-Q1(8),H13,第Ⅰ部,問題1,(8),,経過時間tにおける1株あたりの価格がS(t)＝1＋O.2×tの株式を、t,計算・選択,経過時間t / ドル平均法 / 投資効率 / 複利利回 / 小数点以下第2位 / 四捨五入 / 小数点 / 以下第1位,計算型,その他,4,A,,,,平成10～19年度追加分：問題文キーワードから教科書・公式資料へ初期対応。必要に応じて後続で小見出し単位に精密化。,,,H13G.pdf,p.4,4,8,exams/H13G.pdf#page=4,,exams/H13G.pdf#page=8,,,,,,"[{""id"": ""ACT-H13G"", ""category"": ""過去問原本"", ""title"": ""H13年度 生保1（問題）PDF p.4"", ""source"": ""日本アクチュアリー会"", ""usage"": ""問題原本の公式PDF。問題・解答の対応確認、PDF本文確認用。"", ""url"": ""https://www.actuaries.jp/lib/collection/books/H13/H13G.pdf#page=4"", ""type"": ""公式"", ""reason"": ""日本アクチュアリー会公開の過去問原本PDF。"", ""section_hint"": ""H13年度 生保1（問題） p.4"", ""excerpt"": ""この設問の問題文は、同会公開PDFの p.4 に対応。ローカル同梱PDFと同一内容の公式原本として確認可能。"", ""display_mode"": ""official_panel""}]",1,公式原本：日本アクチュアリー会 H13問題PDF p.4,,,https://www.actuaries.jp/lib/collection/books/H13/H13G.pdf#page=4
H13-Q1(9),H13,第Ⅰ部,問題1,(9),,標準生命表,説明,生保標準生命表1996 / 死亡保険用 / 薮餅年数 / 1年裁断 / 24歳 / 24歳 / 2年裁断 / 25歳,知識型,営業保険料・料率設定,3,S,hoken1-seiho_01.pdf,第1章 営業保険料,1.2～1.5 営業保険料・計算基礎率・料率区分,平成10～19年度追加分：問題文キーワードから教科書・公式資料へ初期対応。必要に応じて後続で小見出し単位に精密化。,4,1,H13G.pdf,p.4,4,8,exams/H13G.pdf#page=4,textbooks/hoken1-seiho_01.pdf#page=4,exams/H13G.pdf#page=8,,,,,,"[{""type"": ""教科書"", ""category"": ""教科書"", ""title"": ""第1章 営業保険料"", ""source"": ""hoken1-seiho_01.pdf"", ""usage"": ""1.2～1.5 営業保険料・計算基礎率・料率区分"", ""url"": ""textbooks/hoken1-seiho_01.pdf#page=4"", ""reason"": ""平成10～19年度追加分の初期マッピング。問題文キーワードから対応章に紐づけ。"", ""pdf_page"": ""4"", ""internal_page"": ""1""}, {""id"": ""ACT-H13G"", ""category"": ""過去問原本"", ""title"": ""H13年度 生保1（問題）PDF p.4"", ""source"": ""日本アクチュアリー会"", ""usage"": ""問題原本の公式PDF。問題・解答の対応確認、PDF本文確認用。"", ""url"": ""https://www.actuaries.jp/lib/collection/books/H13/H13G.pdf#page=4"", ""type"": ""公式"", ""reason"": ""日本アクチュアリー会公開の過去問原本PDF。"", ""section_hint"": ""H13年度 生保1（問題） p.4"", ""excerpt"": ""この設問の問題文は、同会公開PDFの p.4 に対応。ローカル同梱PDFと同一内容の公式原本として確認可能。"", ""display_mode"": ""official_panel""}]",2,教科書：第1章 営業保険料 ／ 公式原本：日本アクチュアリー会 H13問題PDF p.4,,,https://www.actuaries.jp/lib/collection/books/H13/H13G.pdf#page=4
H13-Q1(10),H13,第Ⅰ部,問題1,(10),,医療保険,選択,医療保険 / 不担保期間 / 待期間 / 一92一 / 問題2 / 50点,知識型,医療保険・第三分野,3,S,hoken1-seiho_07.pdf,第7章 医療保険,7.3～7.5 医療保険・第三分野商品の基礎率とリスク管理,平成10～19年度追加分：問題文キーワードから教科書・公式資料へ初期対応。必要に応じて後続で小見出し単位に精密化。,5,7,H13G.pdf,p.4,4,8,exams/H13G.pdf#page=4,textbooks/hoken1-seiho_07.pdf#page=5,exams/H13G.pdf#page=8,,,,,,"[{""type"": ""教科書"", ""category"": ""教科書"", ""title"": ""第7章 医療保険"", ""source"": ""hoken1-seiho_07.pdf"", ""usage"": ""7.3～7.5 医療保険・第三分野商品の基礎率とリスク管理"", ""url"": ""textbooks/hoken1-seiho_07.pdf#page=5"", ""reason"": ""平成10～19年度追加分の初期マッピング。問題文キーワードから対応章に紐づけ。"", ""pdf_page"": ""5"", ""internal_page"": ""7""}, {""id"": ""ACT-H13G"", ""category"": ""過去問原本"", ""title"": ""H13年度 生保1（問題）PDF p.4"", ""source"": ""日本アクチュアリー会"", ""usage"": ""問題原本の公式PDF。問題・解答の対応確認、PDF本文確認用。"", ""url"": ""https://www.actuaries.jp/lib/collection/books/H13/H13G.pdf#page=4"", ""type"": ""公式"", ""reason"": ""日本アクチュアリー会公開の過去問原本PDF。"", ""section_hint"": ""H13年度 生保1（問題） p.4"", ""excerpt"": ""この設問の問題文は、同会公開PDFの p.4 に対応。ローカル同梱PDFと同一内容の公式原本として確認可能。"", ""display_mode"": ""official_panel""}]",2,教科書：第7章 医療保険 ／ 公式原本：日本アクチュアリー会 H13問題PDF p.4,,,https://www.actuaries.jp/lib/collection/books/H13/H13G.pdf#page=4
H13-Q2(1),H13,第Ⅰ部,問題2,(1),,医療保険・第三分野：保険給付に死亡保険金(給付金)がある医療保障要素重視型商,所見,保険給付 / 死亡保険金 / 給付金 / 医療保障要素重視型商品 / 保険数理 / 死亡保険金 / 給付金 / rトンチン状態,所見型,医療保険・第三分野,4,S,hoken1-seiho_07.pdf,第7章 医療保険,7.3～7.5 医療保険・第三分野商品の基礎率とリスク管理,平成10～19年度追加分：問題文キーワードから教科書・公式資料へ初期対応。必要に応じて後続で小見出し単位に精密化。,5,7,H13G.pdf,p.5,5,9,exams/H13G.pdf#page=5,textbooks/hoken1-seiho_07.pdf#page=5,exams/H13G.pdf#page=9,,,,,,"[{""type"": ""教科書"", ""category"": ""教科書"", ""title"": ""第7章 医療保険"", ""source"": ""hoken1-seiho_07.pdf"", ""usage"": ""7.3～7.5 医療保険・第三分野商品の基礎率とリスク管理"", ""url"": ""textbooks/hoken1-seiho_07.pdf#page=5"", ""reason"": ""平成10～19年度追加分の初期マッピング。問題文キーワードから対応章に紐づけ。"", ""pdf_page"": ""5"", ""internal_page"": ""7""}, {""id"": ""ACT-H13G"", ""category"": ""過去問原本"", ""title"": ""H13年度 生保1（問題）PDF p.5"", ""source"": ""日本アクチュアリー会"", ""usage"": ""問題原本の公式PDF。問題・解答の対応確認、PDF本文確認用。"", ""url"": ""https://www.actuaries.jp/lib/collection/books/H13/H13G.pdf#page=5"", ""type"": ""公式"", ""reason"": ""日本アクチュアリー会公開の過去問原本PDF。"", ""section_hint"": ""H13年度 生保1（問題） p.5"", ""excerpt"": ""この設問の問題文は、同会公開PDFの p.5 に対応。ローカル同梱PDFと同一内容の公式原本として確認可能。"", ""display_mode"": ""official_panel""}]",2,教科書：第7章 医療保険 ／ 公式原本：日本アクチュアリー会 H13問題PDF p.5,,,https://www.actuaries.jp/lib/collection/books/H13/H13G.pdf#page=5
H13-Q2(2),H13,第Ⅰ部,問題2,(2),,商品毎収益検証,説明,商品毎収益検証 / 商品毎収益検証 / モデル / モデル・ポイント / 設定上 / 留意点 / ァリデ / ション,所見型,商品毎収益検証,4,S,hoken1-seiho_10.pdf,第10章 商品毎収益検証,10.2～10.11 商品毎収益検証の目的・モデル・指標・シナリオ,平成10～19年度追加分：問題文キーワードから教科書・公式資料へ初期対応。必要に応じて後続で小見出し単位に精密化。,8,10,H13G.pdf,p.5,5,13,exams/H13G.pdf#page=5,textbooks/hoken1-seiho_10.pdf#page=8,exams/H13G.pdf#page=13,,,,,,"[{""type"": ""教科書"", ""category"": ""教科書"", ""title"": ""第10章 商品毎収益検証"", ""source"": ""hoken1-seiho_10.pdf"", ""usage"": ""10.2～10.11 商品毎収益検証の目的・モデル・指標・シナリオ"", ""url"": ""textbooks/hoken1-seiho_10.pdf#page=8"", ""reason"": ""平成10～19年度追加分の初期マッピング。問題文キーワードから対応章に紐づけ。"", ""pdf_page"": ""8"", ""internal_page"": ""10""}, {""id"": ""ACT-H13G"", ""category"": ""過去問原本"", ""title"": ""H13年度 生保1（問題）PDF p.5"", ""source"": ""日本アクチュアリー会"", ""usage"": ""問題原本の公式PDF。問題・解答の対応確認、PDF本文確認用。"", ""url"": ""https://www.actuaries.jp/lib/collection/books/H13/H13G.pdf#page=5"", ""type"": ""公式"", ""reason"": ""日本アクチュアリー会公開の過去問原本PDF。"", ""section_hint"": ""H13年度 生保1（問題） p.5"", ""excerpt"": ""この設問の問題文は、同会公開PDFの p.5 に対応。ローカル同梱PDFと同一内容の公式原本として確認可能。"", ""display_mode"": ""official_panel""}]",2,教科書：第10章 商品毎収益検証 ／ 公式原本：日本アクチュアリー会 H13問題PDF p.5,,,https://www.actuaries.jp/lib/collection/books/H13/H13G.pdf#page=5
H13-Q2(3),H13,第Ⅰ部,問題2,(3),,予定利率,所見,団体年金保険 / 個人保険・個人年金保険 / 相違点 / 予定利率設定 / 団体年金保険 / 予定利率 / 一93一,所見型,団体生命保険,4,A,hoken1-seiho_06.pdf,第6章 団体生命保険,6.2～6.7 団体生命保険の特質・保険料・配当,平成10～19年度追加分：問題文キーワードから教科書・公式資料へ初期対応。必要に応じて後続で小見出し単位に精密化。,5,6,H13G.pdf,p.5,5,17,exams/H13G.pdf#page=5,textbooks/hoken1-seiho_06.pdf#page=5,exams/H13G.pdf#page=17,,,,,,"[{""type"": ""教科書"", ""category"": ""教科書"", ""title"": ""第6章 団体生命保険"", ""source"": ""hoken1-seiho_06.pdf"", ""usage"": ""6.2～6.7 団体生命保険の特質・保険料・配当"", ""url"": ""textbooks/hoken1-seiho_06.pdf#page=5"", ""reason"": ""平成10～19年度追加分の初期マッピング。問題文キーワードから対応章に紐づけ。"", ""pdf_page"": ""5"", ""internal_page"": ""6""}, {""id"": ""ACT-H13G"", ""category"": ""過去問原本"", ""title"": ""H13年度 生保1（問題）PDF p.5"", ""source"": ""日本アクチュアリー会"", ""usage"": ""問題原本の公式PDF。問題・解答の対応確認、PDF本文確認用。"", ""url"": ""https://www.actuaries.jp/lib/collection/books/H13/H13G.pdf#page=5"", ""type"": ""公式"", ""reason"": ""日本アクチュアリー会公開の過去問原本PDF。"", ""section_hint"": ""H13年度 生保1（問題） p.5"", ""excerpt"": ""この設問の問題文は、同会公開PDFの p.5 に対応。ローカル同梱PDFと同一内容の公式原本として確認可能。"", ""display_mode"": ""official_panel""}]",2,教科書：第6章 団体生命保険 ／ 公式原本：日本アクチュアリー会 H13問題PDF p.5,,,https://www.actuaries.jp/lib/collection/books/H13/H13G.pdf#page=5
H14-Q1(1),H14,第Ⅰ部,問題1,(1),,アセット・シェア,計算・選択,アセット・シェア計算 / 代表的 / 活用目的 / 利益目標 / 保険金額 / 一定割合 / ネット・アセット・シエア / 確保等,計算型,アセット・シェア,4,S,hoken1-seiho_03.pdf,第3章 アセット・シェア,3章 アセット・シェアの計算・活用,平成10～19年度追加分：問題文キーワードから教科書・公式資料へ初期対応。必要に応じて後続で小見出し単位に精密化。,5,3,H14G.pdf,p.1,1,4,exams/H14G.pdf#page=1,textbooks/hoken1-seiho_03.pdf#page=5,exams/H14G.pdf#page=4,,,,,,"[{""type"": ""教科書"", ""category"": ""教科書"", ""title"": ""第3章 アセット・シェア"", ""source"": ""hoken1-seiho_03.pdf"", ""usage"": ""3章 アセット・シェアの計算・活用"", ""url"": ""textbooks/hoken1-seiho_03.pdf#page=5"", ""reason"": ""平成10～19年度追加分の初期マッピング。問題文キーワードから対応章に紐づけ。"", ""pdf_page"": ""5"", ""internal_page"": ""3""}, {""id"": ""ACT-H14G"", ""category"": ""過去問原本"", ""title"": ""H14年度 生保1（問題）PDF p.1"", ""source"": ""日本アクチュアリー会"", ""usage"": ""問題原本の公式PDF。問題・解答の対応確認、PDF本文確認用。"", ""url"": ""https://www.actuaries.jp/lib/collection/books/H14/H14G.pdf#page=1"", ""type"": ""公式"", ""reason"": ""日本アクチュアリー会公開の過去問原本PDF。"", ""section_hint"": ""H14年度 生保1（問題） p.1"", ""excerpt"": ""この設問の問題文は、同会公開PDFの p.1 に対応。ローカル同梱PDFと同一内容の公式原本として確認可能。"", ""display_mode"": ""official_panel""}]",2,教科書：第3章 アセット・シェア ／ 公式原本：日本アクチュアリー会 H14問題PDF p.1,,,https://www.actuaries.jp/lib/collection/books/H14/H14G.pdf#page=1
H14-Q1(2),H14,第Ⅰ部,問題1,(2),,保険業法,語句記入,生命保険業免許 / 保険業法第3条第4項 / 同規定 / 生命保険業免許 / 第一号 / 第二号 / 第三号 / 当該人,知識型,商品開発・法令監督,3,A,hoken1-seiho_04.pdf,第4章 生命保険の商品開発,4.2～4.4 商品開発プロセス・法令等・商品審査,平成10～19年度追加分：問題文キーワードから教科書・公式資料へ初期対応。必要に応じて後続で小見出し単位に精密化。,6,4,H14G.pdf,p.1,1,4,exams/H14G.pdf#page=1,textbooks/hoken1-seiho_04.pdf#page=6,exams/H14G.pdf#page=4,保険業法,https://laws.e-gov.go.jp/law/407AC0000000105,,,1,"[{""type"": ""教科書"", ""category"": ""教科書"", ""title"": ""第4章 生命保険の商品開発"", ""source"": ""hoken1-seiho_04.pdf"", ""usage"": ""4.2～4.4 商品開発プロセス・法令等・商品審査"", ""url"": ""textbooks/hoken1-seiho_04.pdf#page=6"", ""reason"": ""平成10～19年度追加分の初期マッピング。問題文キーワードから対応章に紐づけ。"", ""pdf_page"": ""6"", ""internal_page"": ""4""}, {""type"": ""公式"", ""category"": ""公式"", ""title"": ""保険業法"", ""source"": ""金融庁/e-Gov"", ""usage"": ""設問の公式根拠確認"", ""url"": ""https://laws.e-gov.go.jp/law/407AC0000000105"", ""reason"": ""設問文に対応する公式資料。"", ""section_hint"": ""保険業法"", ""excerpt"": ""保険業法の該当条文確認用。"", ""display_mode"": ""official_panel""}, {""id"": ""ACT-H14G"", ""category"": ""過去問原本"", ""title"": ""H14年度 生保1（問題）PDF p.1"", ""source"": ""日本アクチュアリー会"", ""usage"": ""問題原本の公式PDF。問題・解答の対応確認、PDF本文確認用。"", ""url"": ""https://www.actuaries.jp/lib/collection/books/H14/H14G.pdf#page=1"", ""type"": ""公式"", ""reason"": ""日本アクチュアリー会公開の過去問原本PDF。"", ""section_hint"": ""H14年度 生保1（問題） p.1"", ""excerpt"": ""この設問の問題文は、同会公開PDFの p.1 に対応。ローカル同梱PDFと同一内容の公式原本として確認可能。"", ""display_mode"": ""official_panel""}]",3,教科書：第4章 生命保険の商品開発 ／ 公式：保険業法 ／ 公式原本：日本アクチュアリー会 H14問題PDF p.1,保険業法,保険業法の該当条文確認用。,https://www.actuaries.jp/lib/collection/books/H14/H14G.pdf#page=1
H14-Q1(3),H14,第Ⅰ部,問題1,(3),,内部収益率,設問,収益検証 / 将来収支分析 / プロフィット・マ / プロフィット・マ / マイナス / 内部収益率 / プラス / 割引率,知識型,商品毎収益検証,3,S,hoken1-seiho_10.pdf,第10章 商品毎収益検証,10.2～10.11 商品毎収益検証の目的・モデル・指標・シナリオ,平成10～19年度追加分：問題文キーワードから教科書・公式資料へ初期対応。必要に応じて後続で小見出し単位に精密化。,8,10,H14G.pdf,p.2,2,4,exams/H14G.pdf#page=2,textbooks/hoken1-seiho_10.pdf#page=8,exams/H14G.pdf#page=4,,,,,,"[{""type"": ""教科書"", ""category"": ""教科書"", ""title"": ""第10章 商品毎収益検証"", ""source"": ""hoken1-seiho_10.pdf"", ""usage"": ""10.2～10.11 商品毎収益検証の目的・モデル・指標・シナリオ"", ""url"": ""textbooks/hoken1-seiho_10.pdf#page=8"", ""reason"": ""平成10～19年度追加分の初期マッピング。問題文キーワードから対応章に紐づけ。"", ""pdf_page"": ""8"", ""internal_page"": ""10""}, {""id"": ""ACT-H14G"", ""category"": ""過去問原本"", ""title"": ""H14年度 生保1（問題）PDF p.2"", ""source"": ""日本アクチュアリー会"", ""usage"": ""問題原本の公式PDF。問題・解答の対応確認、PDF本文確認用。"", ""url"": ""https://www.actuaries.jp/lib/collection/books/H14/H14G.pdf#page=2"", ""type"": ""公式"", ""reason"": ""日本アクチュアリー会公開の過去問原本PDF。"", ""section_hint"": ""H14年度 生保1（問題） p.2"", ""excerpt"": ""この設問の問題文は、同会公開PDFの p.2 に対応。ローカル同梱PDFと同一内容の公式原本として確認可能。"", ""display_mode"": ""official_panel""}]",2,教科書：第10章 商品毎収益検証 ／ 公式原本：日本アクチュアリー会 H14問題PDF p.2,,,https://www.actuaries.jp/lib/collection/books/H14/H14G.pdf#page=2
H14-Q1(4),H14,第Ⅰ部,問題1,(4),,医療保険・第三分野：入院給付に関するI BNR備金について、次の問題に答えよ,計算・選択,入院給付 / BNR備金 / 退院時 / 入院給付金請求時 / 確率変数 / 分布関数 / 退院時点 / 年以内,計算型,医療保険・第三分野,4,S,hoken1-seiho_07.pdf,第7章 医療保険,7.3～7.5 医療保険・第三分野商品の基礎率とリスク管理,平成10～19年度追加分：問題文キーワードから教科書・公式資料へ初期対応。必要に応じて後続で小見出し単位に精密化。,5,7,H14G.pdf,p.2,2,4,exams/H14G.pdf#page=2,textbooks/hoken1-seiho_07.pdf#page=5,exams/H14G.pdf#page=4,,,,,,"[{""type"": ""教科書"", ""category"": ""教科書"", ""title"": ""第7章 医療保険"", ""source"": ""hoken1-seiho_07.pdf"", ""usage"": ""7.3～7.5 医療保険・第三分野商品の基礎率とリスク管理"", ""url"": ""textbooks/hoken1-seiho_07.pdf#page=5"", ""reason"": ""平成10～19年度追加分の初期マッピング。問題文キーワードから対応章に紐づけ。"", ""pdf_page"": ""5"", ""internal_page"": ""7""}, {""id"": ""ACT-H14G"", ""category"": ""過去問原本"", ""title"": ""H14年度 生保1（問題）PDF p.2"", ""source"": ""日本アクチュアリー会"", ""usage"": ""問題原本の公式PDF。問題・解答の対応確認、PDF本文確認用。"", ""url"": ""https://www.actuaries.jp/lib/collection/books/H14/H14G.pdf#page=2"", ""type"": ""公式"", ""reason"": ""日本アクチュアリー会公開の過去問原本PDF。"", ""section_hint"": ""H14年度 生保1（問題） p.2"", ""excerpt"": ""この設問の問題文は、同会公開PDFの p.2 に対応。ローカル同梱PDFと同一内容の公式原本として確認可能。"", ""display_mode"": ""official_panel""}]",2,教科書：第7章 医療保険 ／ 公式原本：日本アクチュアリー会 H14問題PDF p.2,,,https://www.actuaries.jp/lib/collection/books/H14/H14G.pdf#page=2
H14-Q1(5),H14,第Ⅰ部,問題1,(5),,解約控除,説明,個人保険・個人年金保険 / 解約控除,知識型,解約返戻金,3,A,hoken1-seiho_02.pdf,第2章 解約および解約返戻金,2.4～2.7 解約返戻金・MVA・流動性リスク,平成10～19年度追加分：問題文キーワードから教科書・公式資料へ初期対応。必要に応じて後続で小見出し単位に精密化。,10,2,H14G.pdf,p.3,3,4,exams/H14G.pdf#page=3,textbooks/hoken1-seiho_02.pdf#page=10,exams/H14G.pdf#page=4,,,,,,"[{""type"": ""教科書"", ""category"": ""教科書"", ""title"": ""第2章 解約および解約返戻金"", ""source"": ""hoken1-seiho_02.pdf"", ""usage"": ""2.4～2.7 解約返戻金・MVA・流動性リスク"", ""url"": ""textbooks/hoken1-seiho_02.pdf#page=10"", ""reason"": ""平成10～19年度追加分の初期マッピング。問題文キーワードから対応章に紐づけ。"", ""pdf_page"": ""10"", ""internal_page"": ""2""}, {""id"": ""ACT-H14G"", ""category"": ""過去問原本"", ""title"": ""H14年度 生保1（問題）PDF p.3"", ""source"": ""日本アクチュアリー会"", ""usage"": ""問題原本の公式PDF。問題・解答の対応確認、PDF本文確認用。"", ""url"": ""https://www.actuaries.jp/lib/collection/books/H14/H14G.pdf#page=3"", ""type"": ""公式"", ""reason"": ""日本アクチュアリー会公開の過去問原本PDF。"", ""section_hint"": ""H14年度 生保1（問題） p.3"", ""excerpt"": ""この設問の問題文は、同会公開PDFの p.3 に対応。ローカル同梱PDFと同一内容の公式原本として確認可能。"", ""display_mode"": ""official_panel""}]",2,教科書：第2章 解約および解約返戻金 ／ 公式原本：日本アクチュアリー会 H14問題PDF p.3,,,https://www.actuaries.jp/lib/collection/books/H14/H14G.pdf#page=3
H14-Q1(6),H14,第Ⅰ部,問題1,(6),,ストップ・ロス再保険,説明,ストップ・ロス再保険 / エキセス・オブ・ロス再保険,知識型,再保険,3,S,hoken1-seiho_08.pdf,第8章 再保険,8.2～8.3 再保険の目的・方式・非伝統的再保険,平成10～19年度追加分：問題文キーワードから教科書・公式資料へ初期対応。必要に応じて後続で小見出し単位に精密化。,5,8,H14G.pdf,p.3,3,5,exams/H14G.pdf#page=3,textbooks/hoken1-seiho_08.pdf#page=5,exams/H14G.pdf#page=5,,,,,,"[{""type"": ""教科書"", ""category"": ""教科書"", ""title"": ""第8章 再保険"", ""source"": ""hoken1-seiho_08.pdf"", ""usage"": ""8.2～8.3 再保険の目的・方式・非伝統的再保険"", ""url"": ""textbooks/hoken1-seiho_08.pdf#page=5"", ""reason"": ""平成10～19年度追加分の初期マッピング。問題文キーワードから対応章に紐づけ。"", ""pdf_page"": ""5"", ""internal_page"": ""8""}, {""id"": ""ACT-H14G"", ""category"": ""過去問原本"", ""title"": ""H14年度 生保1（問題）PDF p.3"", ""source"": ""日本アクチュアリー会"", ""usage"": ""問題原本の公式PDF。問題・解答の対応確認、PDF本文確認用。"", ""url"": ""https://www.actuaries.jp/lib/collection/books/H14/H14G.pdf#page=3"", ""type"": ""公式"", ""reason"": ""日本アクチュアリー会公開の過去問原本PDF。"", ""section_hint"": ""H14年度 生保1（問題） p.3"", ""excerpt"": ""この設問の問題文は、同会公開PDFの p.3 に対応。ローカル同梱PDFと同一内容の公式原本として確認可能。"", ""display_mode"": ""official_panel""}]",2,教科書：第8章 再保険 ／ 公式原本：日本アクチュアリー会 H14問題PDF p.3,,,https://www.actuaries.jp/lib/collection/books/H14/H14G.pdf#page=3
H14-Q1(7),H14,第Ⅰ部,問題1,(7),,リバ ジョテリ ・ボ ナスについて簡潔に説明せよ。 問題2.次の(1)、,選択,ジョテリ / 問題2 / 25点,知識型,その他,3,A,,,,平成10～19年度追加分：問題文キーワードから教科書・公式資料へ初期対応。必要に応じて後続で小見出し単位に精密化。,,,H14G.pdf,p.3,3,5,exams/H14G.pdf#page=3,,exams/H14G.pdf#page=5,,,,,,"[{""id"": ""ACT-H14G"", ""category"": ""過去問原本"", ""title"": ""H14年度 生保1（問題）PDF p.3"", ""source"": ""日本アクチュアリー会"", ""usage"": ""問題原本の公式PDF。問題・解答の対応確認、PDF本文確認用。"", ""url"": ""https://www.actuaries.jp/lib/collection/books/H14/H14G.pdf#page=3"", ""type"": ""公式"", ""reason"": ""日本アクチュアリー会公開の過去問原本PDF。"", ""section_hint"": ""H14年度 生保1（問題） p.3"", ""excerpt"": ""この設問の問題文は、同会公開PDFの p.3 に対応。ローカル同梱PDFと同一内容の公式原本として確認可能。"", ""display_mode"": ""official_panel""}]",1,公式原本：日本アクチュアリー会 H14問題PDF p.3,,,https://www.actuaries.jp/lib/collection/books/H14/H14G.pdf#page=3
H14-Q2(1),H14,第Ⅰ部,問題2,(1),,団体生命保険：団体定期保険について、以下の間に答えよ。 ①団体による危,計算・選択,団体定期保険 / 危険選択 / 留意点 / 団体定期保険 / 経験料率 / 保険料 / 顧客二一ズ / 団体定期保険,計算型,団体生命保険,4,A,hoken1-seiho_06.pdf,第6章 団体生命保険,6.2～6.7 団体生命保険の特質・保険料・配当,平成10～19年度追加分：問題文キーワードから教科書・公式資料へ初期対応。必要に応じて後続で小見出し単位に精密化。,5,6,H14G.pdf,p.3,3,6,exams/H14G.pdf#page=3,textbooks/hoken1-seiho_06.pdf#page=5,exams/H14G.pdf#page=6,,,,,,"[{""type"": ""教科書"", ""category"": ""教科書"", ""title"": ""第6章 団体生命保険"", ""source"": ""hoken1-seiho_06.pdf"", ""usage"": ""6.2～6.7 団体生命保険の特質・保険料・配当"", ""url"": ""textbooks/hoken1-seiho_06.pdf#page=5"", ""reason"": ""平成10～19年度追加分の初期マッピング。問題文キーワードから対応章に紐づけ。"", ""pdf_page"": ""5"", ""internal_page"": ""6""}, {""id"": ""ACT-H14G"", ""category"": ""過去問原本"", ""title"": ""H14年度 生保1（問題）PDF p.3"", ""source"": ""日本アクチュアリー会"", ""usage"": ""問題原本の公式PDF。問題・解答の対応確認、PDF本文確認用。"", ""url"": ""https://www.actuaries.jp/lib/collection/books/H14/H14G.pdf#page=3"", ""type"": ""公式"", ""reason"": ""日本アクチュアリー会公開の過去問原本PDF。"", ""section_hint"": ""H14年度 生保1（問題） p.3"", ""excerpt"": ""この設問の問題文は、同会公開PDFの p.3 に対応。ローカル同梱PDFと同一内容の公式原本として確認可能。"", ""display_mode"": ""official_panel""}]",2,教科書：第6章 団体生命保険 ／ 公式原本：日本アクチュアリー会 H14問題PDF p.3,,,https://www.actuaries.jp/lib/collection/books/H14/H14G.pdf#page=3
H14-Q2(2),H14,第Ⅰ部,問題2,(2),,商品毎収益検証,所見,商品毎収益検証 / 商品毎収益検証 / 必要性 / 感応度分析 / ストレス・テスト / 金利シナリオ / 金利シナ / 設定手順,所見型,商品毎収益検証,4,S,hoken1-seiho_10.pdf,第10章 商品毎収益検証,10.2～10.11 商品毎収益検証の目的・モデル・指標・シナリオ,平成10～19年度追加分：問題文キーワードから教科書・公式資料へ初期対応。必要に応じて後続で小見出し単位に精密化。,8,10,H14G.pdf,p.3,3,9,exams/H14G.pdf#page=3,textbooks/hoken1-seiho_10.pdf#page=8,exams/H14G.pdf#page=9,,,,,,"[{""type"": ""教科書"", ""category"": ""教科書"", ""title"": ""第10章 商品毎収益検証"", ""source"": ""hoken1-seiho_10.pdf"", ""usage"": ""10.2～10.11 商品毎収益検証の目的・モデル・指標・シナリオ"", ""url"": ""textbooks/hoken1-seiho_10.pdf#page=8"", ""reason"": ""平成10～19年度追加分の初期マッピング。問題文キーワードから対応章に紐づけ。"", ""pdf_page"": ""8"", ""internal_page"": ""10""}, {""id"": ""ACT-H14G"", ""category"": ""過去問原本"", ""title"": ""H14年度 生保1（問題）PDF p.3"", ""source"": ""日本アクチュアリー会"", ""usage"": ""問題原本の公式PDF。問題・解答の対応確認、PDF本文確認用。"", ""url"": ""https://www.actuaries.jp/lib/collection/books/H14/H14G.pdf#page=3"", ""type"": ""公式"", ""reason"": ""日本アクチュアリー会公開の過去問原本PDF。"", ""section_hint"": ""H14年度 生保1（問題） p.3"", ""excerpt"": ""この設問の問題文は、同会公開PDFの p.3 に対応。ローカル同梱PDFと同一内容の公式原本として確認可能。"", ""display_mode"": ""official_panel""}]",2,教科書：第10章 商品毎収益検証 ／ 公式原本：日本アクチュアリー会 H14問題PDF p.3,,,https://www.actuaries.jp/lib/collection/books/H14/H14G.pdf#page=3
H14-Q3(全体),H14,第Ⅰ部,問題3,(全体),,予定事業費設定の論点,所見,予定事業費設定の論点,所見型,営業保険料・料率設定,4,S,hoken1-seiho_01.pdf,第1章 営業保険料,1.4 計算基礎率／1.5 料率区分,平成10～19年度追加分：問題・解答ページ対応を手動補正。,4,1,H14G.pdf,p.3,3,13,exams/H14G.pdf#page=3,textbooks/hoken1-seiho_01.pdf#page=4,exams/H14G.pdf#page=13,,,,,,"[{""type"": ""教科書"", ""category"": ""教科書"", ""title"": ""第1章 営業保険料"", ""source"": ""hoken1-seiho_01.pdf"", ""usage"": ""1.4 計算基礎率／1.5 料率区分"", ""url"": ""textbooks/hoken1-seiho_01.pdf#page=4"", ""reason"": ""平成10～19年度追加分の手動補正マッピング。"", ""pdf_page"": ""4"", ""internal_page"": ""1""}, {""id"": ""ACT-H14G"", ""category"": ""過去問原本"", ""title"": ""H14年度 生保1（問題）PDF p.3"", ""source"": ""日本アクチュアリー会"", ""usage"": ""問題原本の公式PDF。問題・解答の対応確認、PDF本文確認用。"", ""url"": ""https://www.actuaries.jp/lib/collection/books/H14/H14G.pdf#page=3"", ""type"": ""公式"", ""reason"": ""日本アクチュアリー会公開の過去問原本PDF。"", ""section_hint"": ""H14年度 生保1（問題） p.3"", ""excerpt"": ""この設問の問題文は、同会公開PDFの p.3 に対応。"", ""display_mode"": ""official_panel""}]",2,教科書：第1章 営業保険料 ／ 公式原本：日本アクチュアリー会 H14問題PDF p.3,,,https://www.actuaries.jp/lib/collection/books/H14/H14G.pdf#page=3
H15-Q1(1),H15,第Ⅰ部,問題1,(1),,商品・変額保険・就業不能の正誤,正誤,商品 / 変額保険 / 就業不能の正誤,知識型,変額年金・変額保険,3,S,hoken1-seiho_05.pdf,第5章 変額年金保険,5章 変額年金保険・変額保険の運用関連事項,平成10～19年度追加分：問題・解答ページ対応を手動補正。,6,5,H15G.pdf,p.1,1,7,exams/H15G.pdf#page=1,textbooks/hoken1-seiho_05.pdf#page=6,exams/H15G.pdf#page=7,,,,,,"[{""type"": ""教科書"", ""category"": ""教科書"", ""title"": ""第5章 変額年金保険"", ""source"": ""hoken1-seiho_05.pdf"", ""usage"": ""5章 変額年金保険・変額保険の運用関連事項"", ""url"": ""textbooks/hoken1-seiho_05.pdf#page=6"", ""reason"": ""平成10～19年度追加分の手動補正マッピング。"", ""pdf_page"": ""6"", ""internal_page"": ""5""}, {""id"": ""ACT-H15G"", ""category"": ""過去問原本"", ""title"": ""H15年度 生保1（問題）PDF p.1"", ""source"": ""日本アクチュアリー会"", ""usage"": ""問題原本の公式PDF。問題・解答の対応確認、PDF本文確認用。"", ""url"": ""https://www.actuaries.jp/lib/collection/books/H15/H15G.pdf#page=1"", ""type"": ""公式"", ""reason"": ""日本アクチュアリー会公開の過去問原本PDF。"", ""section_hint"": ""H15年度 生保1（問題） p.1"", ""excerpt"": ""この設問の問題文は、同会公開PDFの p.1 に対応。"", ""display_mode"": ""official_panel""}]",2,教科書：第5章 変額年金保険 ／ 公式原本：日本アクチュアリー会 H15問題PDF p.1,,,https://www.actuaries.jp/lib/collection/books/H15/H15G.pdf#page=1
H15-Q1(2),H15,第Ⅰ部,問題1,(2),,団体定期保険の死差配当率・二項分布,語句・算式記入,団体定期保険の死差配当率 / 二項分布,計算型,団体生命保険,4,S,hoken1-seiho_06.pdf,第6章 団体生命保険,6章 団体生命保険の危険選択・保険料・配当,平成10～19年度追加分：問題・解答ページ対応を手動補正。,5,6,H15G.pdf,p.1,1,7,exams/H15G.pdf#page=1,textbooks/hoken1-seiho_06.pdf#page=5,exams/H15G.pdf#page=7,,,,,,"[{""type"": ""教科書"", ""category"": ""教科書"", ""title"": ""第6章 団体生命保険"", ""source"": ""hoken1-seiho_06.pdf"", ""usage"": ""6章 団体生命保険の危険選択・保険料・配当"", ""url"": ""textbooks/hoken1-seiho_06.pdf#page=5"", ""reason"": ""平成10～19年度追加分の手動補正マッピング。"", ""pdf_page"": ""5"", ""internal_page"": ""6""}, {""id"": ""ACT-H15G"", ""category"": ""過去問原本"", ""title"": ""H15年度 生保1（問題）PDF p.1"", ""source"": ""日本アクチュアリー会"", ""usage"": ""問題原本の公式PDF。問題・解答の対応確認、PDF本文確認用。"", ""url"": ""https://www.actuaries.jp/lib/collection/books/H15/H15G.pdf#page=1"", ""type"": ""公式"", ""reason"": ""日本アクチュアリー会公開の過去問原本PDF。"", ""section_hint"": ""H15年度 生保1（問題） p.1"", ""excerpt"": ""この設問の問題文は、同会公開PDFの p.1 に対応。"", ""display_mode"": ""official_panel""}]",2,教科書：第6章 団体生命保険 ／ 公式原本：日本アクチュアリー会 H15問題PDF p.1,,,https://www.actuaries.jp/lib/collection/books/H15/H15G.pdf#page=1
H15-Q1(3),H15,第Ⅰ部,問題1,(3),,保険業法施行規則第10条・算出方法書,選択,保険業法施行規則第10条 / 算出方法書,知識型,商品開発・法令監督,3,S,hoken1-seiho_04.pdf,第4章 生命保険の商品開発,4.4.10 法令等／基礎書類・監督指針,平成10～19年度追加分：問題・解答ページ対応を手動補正。,6,4,H15G.pdf,p.2,2,7,exams/H15G.pdf#page=2,textbooks/hoken1-seiho_04.pdf#page=6,exams/H15G.pdf#page=7,監督指針・保険業法施行規則（関連箇所）,https://www.fsa.go.jp/common/law/guide/ins/04.html,,,1,"[{""type"": ""教科書"", ""category"": ""教科書"", ""title"": ""第4章 生命保険の商品開発"", ""source"": ""hoken1-seiho_04.pdf"", ""usage"": ""4.4.10 法令等／基礎書類・監督指針"", ""url"": ""textbooks/hoken1-seiho_04.pdf#page=6"", ""reason"": ""平成10～19年度追加分の手動補正マッピング。"", ""pdf_page"": ""6"", ""internal_page"": ""4""}, {""type"": ""公式"", ""category"": ""公式"", ""title"": ""監督指針・保険業法施行規則（関連箇所）"", ""source"": ""金融庁/e-Gov"", ""usage"": ""公式根拠確認"", ""url"": ""https://www.fsa.go.jp/common/law/guide/ins/04.html"", ""reason"": ""監督指針・保険業法施行規則の問題に対応。"", ""section_hint"": ""保険商品審査・保険数理／算出方法書"", ""excerpt"": ""保険料、責任準備金、契約者価額等の算出方法書・商品審査上の留意点の確認先。"", ""display_mode"": ""official_panel""}, {""id"": ""ACT-H15G"", ""category"": ""過去問原本"", ""title"": ""H15年度 生保1（問題）PDF p.2"", ""source"": ""日本アクチュアリー会"", ""usage"": ""問題原本の公式PDF。問題・解答の対応確認、PDF本文確認用。"", ""url"": ""https://www.actuaries.jp/lib/collection/books/H15/H15G.pdf#page=2"", ""type"": ""公式"", ""reason"": ""日本アクチュアリー会公開の過去問原本PDF。"", ""section_hint"": ""H15年度 生保1（問題） p.2"", ""excerpt"": ""この設問の問題文は、同会公開PDFの p.2 に対応。"", ""display_mode"": ""official_panel""}]",3,教科書：第4章 生命保険の商品開発 ／ 公式：監督指針・保険業法施行規則（関連箇所） ／ 公式原本：日本アクチュアリー会 H15問題PDF p.2,保険商品審査・保険数理／算出方法書,保険料、責任準備金、契約者価額等の算出方法書・商品審査上の留意点の確認先。,https://www.actuaries.jp/lib/collection/books/H15/H15G.pdf#page=2
H15-Q1(4),H15,第Ⅰ部,問題1,(4),,変額保険の指数法・単位価格法,説明,変額保険の指数法 / 単位価格法,知識型,変額年金・変額保険,3,S,hoken1-seiho_05.pdf,第5章 変額年金保険,5章 変額年金保険・変額保険の運用関連事項,平成10～19年度追加分：問題・解答ページ対応を手動補正。,6,5,H15G.pdf,p.2,2,7,exams/H15G.pdf#page=2,textbooks/hoken1-seiho_05.pdf#page=6,exams/H15G.pdf#page=7,,,,,,"[{""type"": ""教科書"", ""category"": ""教科書"", ""title"": ""第5章 変額年金保険"", ""source"": ""hoken1-seiho_05.pdf"", ""usage"": ""5章 変額年金保険・変額保険の運用関連事項"", ""url"": ""textbooks/hoken1-seiho_05.pdf#page=6"", ""reason"": ""平成10～19年度追加分の手動補正マッピング。"", ""pdf_page"": ""6"", ""internal_page"": ""5""}, {""id"": ""ACT-H15G"", ""category"": ""過去問原本"", ""title"": ""H15年度 生保1（問題）PDF p.2"", ""source"": ""日本アクチュアリー会"", ""usage"": ""問題原本の公式PDF。問題・解答の対応確認、PDF本文確認用。"", ""url"": ""https://www.actuaries.jp/lib/collection/books/H15/H15G.pdf#page=2"", ""type"": ""公式"", ""reason"": ""日本アクチュアリー会公開の過去問原本PDF。"", ""section_hint"": ""H15年度 生保1（問題） p.2"", ""excerpt"": ""この設問の問題文は、同会公開PDFの p.2 に対応。"", ""display_mode"": ""official_panel""}]",2,教科書：第5章 変額年金保険 ／ 公式原本：日本アクチュアリー会 H15問題PDF p.2,,,https://www.actuaries.jp/lib/collection/books/H15/H15G.pdf#page=2
H15-Q2(全体),H15,第Ⅰ部,問題2,(全体),,ストップ・ロス再保険の純保険料計算,計算・選択,ストップ / ロス再保険の純保険料計算,計算型,再保険,4,S,hoken1-seiho_08.pdf,第8章 再保険,8.2～8.3 再保険方式・再保険目的,平成10～19年度追加分：問題・解答ページ対応を手動補正。,5,8,H15G.pdf,p.3,3,7,exams/H15G.pdf#page=3,textbooks/hoken1-seiho_08.pdf#page=5,exams/H15G.pdf#page=7,,,,,,"[{""type"": ""教科書"", ""category"": ""教科書"", ""title"": ""第8章 再保険"", ""source"": ""hoken1-seiho_08.pdf"", ""usage"": ""8.2～8.3 再保険方式・再保険目的"", ""url"": ""textbooks/hoken1-seiho_08.pdf#page=5"", ""reason"": ""平成10～19年度追加分の手動補正マッピング。"", ""pdf_page"": ""5"", ""internal_page"": ""8""}, {""id"": ""ACT-H15G"", ""category"": ""過去問原本"", ""title"": ""H15年度 生保1（問題）PDF p.3"", ""source"": ""日本アクチュアリー会"", ""usage"": ""問題原本の公式PDF。問題・解答の対応確認、PDF本文確認用。"", ""url"": ""https://www.actuaries.jp/lib/collection/books/H15/H15G.pdf#page=3"", ""type"": ""公式"", ""reason"": ""日本アクチュアリー会公開の過去問原本PDF。"", ""section_hint"": ""H15年度 生保1（問題） p.3"", ""excerpt"": ""この設問の問題文は、同会公開PDFの p.3 に対応。"", ""display_mode"": ""official_panel""}]",2,教科書：第8章 再保険 ／ 公式原本：日本アクチュアリー会 H15問題PDF p.3,,,https://www.actuaries.jp/lib/collection/books/H15/H15G.pdf#page=3
H15-Q3(1),H15,第Ⅰ部,問題3,(1),,医療保険の予定発生率・予定平均給付額,説明,医療保険の予定発生率 / 予定平均給付額,知識型,医療保険・第三分野,4,S,hoken1-seiho_07.pdf,第7章 医療保険,7.4 予定発生率・予定給付額の設定,平成10～19年度追加分：問題・解答ページ対応を手動補正。,5,7,H15G.pdf,p.4,4,8,exams/H15G.pdf#page=4,textbooks/hoken1-seiho_07.pdf#page=5,exams/H15G.pdf#page=8,,,,,,"[{""type"": ""教科書"", ""category"": ""教科書"", ""title"": ""第7章 医療保険"", ""source"": ""hoken1-seiho_07.pdf"", ""usage"": ""7.4 予定発生率・予定給付額の設定"", ""url"": ""textbooks/hoken1-seiho_07.pdf#page=5"", ""reason"": ""平成10～19年度追加分の手動補正マッピング。"", ""pdf_page"": ""5"", ""internal_page"": ""7""}, {""id"": ""ACT-H15G"", ""category"": ""過去問原本"", ""title"": ""H15年度 生保1（問題）PDF p.4"", ""source"": ""日本アクチュアリー会"", ""usage"": ""問題原本の公式PDF。問題・解答の対応確認、PDF本文確認用。"", ""url"": ""https://www.actuaries.jp/lib/collection/books/H15/H15G.pdf#page=4"", ""type"": ""公式"", ""reason"": ""日本アクチュアリー会公開の過去問原本PDF。"", ""section_hint"": ""H15年度 生保1（問題） p.4"", ""excerpt"": ""この設問の問題文は、同会公開PDFの p.4 に対応。"", ""display_mode"": ""official_panel""}]",2,教科書：第7章 医療保険 ／ 公式原本：日本アクチュアリー会 H15問題PDF p.4,,,https://www.actuaries.jp/lib/collection/books/H15/H15G.pdf#page=4
H15-Q3(2),H15,第Ⅰ部,問題3,(2),,純粋生存保険の純保険料分解と解約時返還,導出・説明,純粋生存保険の純保険料分解と解約時返還,計算型,営業保険料・料率設定,4,S,hoken1-seiho_01.pdf,第1章 営業保険料,1.4 計算基礎率／1.5 料率区分,平成10～19年度追加分：問題・解答ページ対応を手動補正。,4,1,H15G.pdf,p.4,4,8,exams/H15G.pdf#page=4,textbooks/hoken1-seiho_01.pdf#page=4,exams/H15G.pdf#page=8,,,,,,"[{""type"": ""教科書"", ""category"": ""教科書"", ""title"": ""第1章 営業保険料"", ""source"": ""hoken1-seiho_01.pdf"", ""usage"": ""1.4 計算基礎率／1.5 料率区分"", ""url"": ""textbooks/hoken1-seiho_01.pdf#page=4"", ""reason"": ""平成10～19年度追加分の手動補正マッピング。"", ""pdf_page"": ""4"", ""internal_page"": ""1""}, {""id"": ""ACT-H15G"", ""category"": ""過去問原本"", ""title"": ""H15年度 生保1（問題）PDF p.4"", ""source"": ""日本アクチュアリー会"", ""usage"": ""問題原本の公式PDF。問題・解答の対応確認、PDF本文確認用。"", ""url"": ""https://www.actuaries.jp/lib/collection/books/H15/H15G.pdf#page=4"", ""type"": ""公式"", ""reason"": ""日本アクチュアリー会公開の過去問原本PDF。"", ""section_hint"": ""H15年度 生保1（問題） p.4"", ""excerpt"": ""この設問の問題文は、同会公開PDFの p.4 に対応。"", ""display_mode"": ""official_panel""}]",2,教科書：第1章 営業保険料 ／ 公式原本：日本アクチュアリー会 H15問題PDF p.4,,,https://www.actuaries.jp/lib/collection/books/H15/H15G.pdf#page=4
H15-Q4(1),H15,第Ⅰ部,問題4,(1),,保険料率の細分化,所見,保険料率の細分化,所見型,営業保険料・料率設定,4,S,hoken1-seiho_01.pdf,第1章 営業保険料,1.4 計算基礎率／1.5 料率区分,平成10～19年度追加分：問題・解答ページ対応を手動補正。,4,1,H15G.pdf,p.5,5,9,exams/H15G.pdf#page=5,textbooks/hoken1-seiho_01.pdf#page=4,exams/H15G.pdf#page=9,,,,,,"[{""type"": ""教科書"", ""category"": ""教科書"", ""title"": ""第1章 営業保険料"", ""source"": ""hoken1-seiho_01.pdf"", ""usage"": ""1.4 計算基礎率／1.5 料率区分"", ""url"": ""textbooks/hoken1-seiho_01.pdf#page=4"", ""reason"": ""平成10～19年度追加分の手動補正マッピング。"", ""pdf_page"": ""4"", ""internal_page"": ""1""}, {""id"": ""ACT-H15G"", ""category"": ""過去問原本"", ""title"": ""H15年度 生保1（問題）PDF p.5"", ""source"": ""日本アクチュアリー会"", ""usage"": ""問題原本の公式PDF。問題・解答の対応確認、PDF本文確認用。"", ""url"": ""https://www.actuaries.jp/lib/collection/books/H15/H15G.pdf#page=5"", ""type"": ""公式"", ""reason"": ""日本アクチュアリー会公開の過去問原本PDF。"", ""section_hint"": ""H15年度 生保1（問題） p.5"", ""excerpt"": ""この設問の問題文は、同会公開PDFの p.5 に対応。"", ""display_mode"": ""official_panel""}]",2,教科書：第1章 営業保険料 ／ 公式原本：日本アクチュアリー会 H15問題PDF p.5,,,https://www.actuaries.jp/lib/collection/books/H15/H15G.pdf#page=5
H15-Q4(2),H15,第Ⅰ部,問題4,(2),,個人保険・個人年金保険の予定利率設定,所見,個人保険 / 個人年金保険の予定利率設定,所見型,営業保険料・料率設定,4,S,hoken1-seiho_01.pdf,第1章 営業保険料,1.4 計算基礎率／1.5 料率区分,平成10～19年度追加分：問題・解答ページ対応を手動補正。,4,1,H15G.pdf,p.5,5,9,exams/H15G.pdf#page=5,textbooks/hoken1-seiho_01.pdf#page=4,exams/H15G.pdf#page=9,,,,,,"[{""type"": ""教科書"", ""category"": ""教科書"", ""title"": ""第1章 営業保険料"", ""source"": ""hoken1-seiho_01.pdf"", ""usage"": ""1.4 計算基礎率／1.5 料率区分"", ""url"": ""textbooks/hoken1-seiho_01.pdf#page=4"", ""reason"": ""平成10～19年度追加分の手動補正マッピング。"", ""pdf_page"": ""4"", ""internal_page"": ""1""}, {""id"": ""ACT-H15G"", ""category"": ""過去問原本"", ""title"": ""H15年度 生保1（問題）PDF p.5"", ""source"": ""日本アクチュアリー会"", ""usage"": ""問題原本の公式PDF。問題・解答の対応確認、PDF本文確認用。"", ""url"": ""https://www.actuaries.jp/lib/collection/books/H15/H15G.pdf#page=5"", ""type"": ""公式"", ""reason"": ""日本アクチュアリー会公開の過去問原本PDF。"", ""section_hint"": ""H15年度 生保1（問題） p.5"", ""excerpt"": ""この設問の問題文は、同会公開PDFの p.5 に対応。"", ""display_mode"": ""official_panel""}]",2,教科書：第1章 営業保険料 ／ 公式原本：日本アクチュアリー会 H15問題PDF p.5,,,https://www.actuaries.jp/lib/collection/books/H15/H15G.pdf#page=5
H16-Q1(1),H16,第Ⅰ部,問題1,(1),,営業保険料,計算・選択,x歳加入m年払込ステップ払 / 終身保険 / 保険料上昇後 / 保険金 / 月払営業保険料率 / ステップ仏 / 保険料率 / 加入後10年間,計算型,営業保険料・料率設定,4,S,hoken1-seiho_01.pdf,第1章 営業保険料,1.2～1.5 営業保険料・計算基礎率・料率区分,平成10～19年度追加分：問題文キーワードから教科書・公式資料へ初期対応。必要に応じて後続で小見出し単位に精密化。,4,1,H16G.pdf,p.1,1,7,exams/H16G.pdf#page=1,textbooks/hoken1-seiho_01.pdf#page=4,exams/H16G.pdf#page=7,,,,,,"[{""type"": ""教科書"", ""category"": ""教科書"", ""title"": ""第1章 営業保険料"", ""source"": ""hoken1-seiho_01.pdf"", ""usage"": ""1.2～1.5 営業保険料・計算基礎率・料率区分"", ""url"": ""textbooks/hoken1-seiho_01.pdf#page=4"", ""reason"": ""平成10～19年度追加分の初期マッピング。問題文キーワードから対応章に紐づけ。"", ""pdf_page"": ""4"", ""internal_page"": ""1""}, {""id"": ""ACT-H16G"", ""category"": ""過去問原本"", ""title"": ""H16年度 生保1（問題）PDF p.1"", ""source"": ""日本アクチュアリー会"", ""usage"": ""問題原本の公式PDF。問題・解答の対応確認、PDF本文確認用。"", ""url"": ""https://www.actuaries.jp/lib/collection/books/H16/H16G.pdf#page=1"", ""type"": ""公式"", ""reason"": ""日本アクチュアリー会公開の過去問原本PDF。"", ""section_hint"": ""H16年度 生保1（問題） p.1"", ""excerpt"": ""この設問の問題文は、同会公開PDFの p.1 に対応。ローカル同梱PDFと同一内容の公式原本として確認可能。"", ""display_mode"": ""official_panel""}]",2,教科書：第1章 営業保険料 ／ 公式原本：日本アクチュアリー会 H16問題PDF p.1,,,https://www.actuaries.jp/lib/collection/books/H16/H16G.pdf#page=1
H16-Q1(2),H16,第Ⅰ部,問題1,(2),,ストップ・ロス再保険,計算・選択,再保険 / 生命保険契約 / 個別危険 / 非比例再保険 / 契約集団 / 集団危険 / 比例再保険 / 再保険契約,計算型,再保険,4,S,hoken1-seiho_08.pdf,第8章 再保険,8.2～8.3 再保険の目的・方式・非伝統的再保険,平成10～19年度追加分：問題文キーワードから教科書・公式資料へ初期対応。必要に応じて後続で小見出し単位に精密化。,5,8,H16G.pdf,p.1,1,7,exams/H16G.pdf#page=1,textbooks/hoken1-seiho_08.pdf#page=5,exams/H16G.pdf#page=7,,,,,,"[{""type"": ""教科書"", ""category"": ""教科書"", ""title"": ""第8章 再保険"", ""source"": ""hoken1-seiho_08.pdf"", ""usage"": ""8.2～8.3 再保険の目的・方式・非伝統的再保険"", ""url"": ""textbooks/hoken1-seiho_08.pdf#page=5"", ""reason"": ""平成10～19年度追加分の初期マッピング。問題文キーワードから対応章に紐づけ。"", ""pdf_page"": ""5"", ""internal_page"": ""8""}, {""id"": ""ACT-H16G"", ""category"": ""過去問原本"", ""title"": ""H16年度 生保1（問題）PDF p.1"", ""source"": ""日本アクチュアリー会"", ""usage"": ""問題原本の公式PDF。問題・解答の対応確認、PDF本文確認用。"", ""url"": ""https://www.actuaries.jp/lib/collection/books/H16/H16G.pdf#page=1"", ""type"": ""公式"", ""reason"": ""日本アクチュアリー会公開の過去問原本PDF。"", ""section_hint"": ""H16年度 生保1（問題） p.1"", ""excerpt"": ""この設問の問題文は、同会公開PDFの p.1 に対応。ローカル同梱PDFと同一内容の公式原本として確認可能。"", ""display_mode"": ""official_panel""}]",2,教科書：第8章 再保険 ／ 公式原本：日本アクチュアリー会 H16問題PDF p.1,,,https://www.actuaries.jp/lib/collection/books/H16/H16G.pdf#page=1
H16-Q1(3),H16,第Ⅰ部,問題1,(3),,標準生命表,計算・選択,生保標準生命表1996 / 死亡保険用 / 解答欄 / 生保標準生命表1996 / 標準責任準備金 / 予定死亡率 / 生命保険協会 / 粗死亡率,計算型,営業保険料・料率設定,4,S,hoken1-seiho_01.pdf,第1章 営業保険料,1.2～1.5 営業保険料・計算基礎率・料率区分,平成10～19年度追加分：問題文キーワードから教科書・公式資料へ初期対応。必要に応じて後続で小見出し単位に精密化。,4,1,H16G.pdf,p.2,2,7,exams/H16G.pdf#page=2,textbooks/hoken1-seiho_01.pdf#page=4,exams/H16G.pdf#page=7,,,,,,"[{""type"": ""教科書"", ""category"": ""教科書"", ""title"": ""第1章 営業保険料"", ""source"": ""hoken1-seiho_01.pdf"", ""usage"": ""1.2～1.5 営業保険料・計算基礎率・料率区分"", ""url"": ""textbooks/hoken1-seiho_01.pdf#page=4"", ""reason"": ""平成10～19年度追加分の初期マッピング。問題文キーワードから対応章に紐づけ。"", ""pdf_page"": ""4"", ""internal_page"": ""1""}, {""id"": ""ACT-H16G"", ""category"": ""過去問原本"", ""title"": ""H16年度 生保1（問題）PDF p.2"", ""source"": ""日本アクチュアリー会"", ""usage"": ""問題原本の公式PDF。問題・解答の対応確認、PDF本文確認用。"", ""url"": ""https://www.actuaries.jp/lib/collection/books/H16/H16G.pdf#page=2"", ""type"": ""公式"", ""reason"": ""日本アクチュアリー会公開の過去問原本PDF。"", ""section_hint"": ""H16年度 生保1（問題） p.2"", ""excerpt"": ""この設問の問題文は、同会公開PDFの p.2 に対応。ローカル同梱PDFと同一内容の公式原本として確認可能。"", ""display_mode"": ""official_panel""}]",2,教科書：第1章 営業保険料 ／ 公式原本：日本アクチュアリー会 H16問題PDF p.2,,,https://www.actuaries.jp/lib/collection/books/H16/H16G.pdf#page=2
H16-Q1(4),H16,第Ⅰ部,問題1,(4),,団体生命保険：団体生命保険に関する次の文章の空欄を埋めなさい。 団体生,語句記入,団体生命保険 / 団体生命保険 / 経験料率 / 初年度 / 被保険団体等 / 保険料 / 次年度以降 / 保険料率,知識型,団体生命保険,3,A,hoken1-seiho_06.pdf,第6章 団体生命保険,6.2～6.7 団体生命保険の特質・保険料・配当,平成10～19年度追加分：問題文キーワードから教科書・公式資料へ初期対応。必要に応じて後続で小見出し単位に精密化。,5,6,H16G.pdf,p.2,2,7,exams/H16G.pdf#page=2,textbooks/hoken1-seiho_06.pdf#page=5,exams/H16G.pdf#page=7,,,,,,"[{""type"": ""教科書"", ""category"": ""教科書"", ""title"": ""第6章 団体生命保険"", ""source"": ""hoken1-seiho_06.pdf"", ""usage"": ""6.2～6.7 団体生命保険の特質・保険料・配当"", ""url"": ""textbooks/hoken1-seiho_06.pdf#page=5"", ""reason"": ""平成10～19年度追加分の初期マッピング。問題文キーワードから対応章に紐づけ。"", ""pdf_page"": ""5"", ""internal_page"": ""6""}, {""id"": ""ACT-H16G"", ""category"": ""過去問原本"", ""title"": ""H16年度 生保1（問題）PDF p.2"", ""source"": ""日本アクチュアリー会"", ""usage"": ""問題原本の公式PDF。問題・解答の対応確認、PDF本文確認用。"", ""url"": ""https://www.actuaries.jp/lib/collection/books/H16/H16G.pdf#page=2"", ""type"": ""公式"", ""reason"": ""日本アクチュアリー会公開の過去問原本PDF。"", ""section_hint"": ""H16年度 生保1（問題） p.2"", ""excerpt"": ""この設問の問題文は、同会公開PDFの p.2 に対応。ローカル同梱PDFと同一内容の公式原本として確認可能。"", ""display_mode"": ""official_panel""}]",2,教科書：第6章 団体生命保険 ／ 公式原本：日本アクチュアリー会 H16問題PDF p.2,,,https://www.actuaries.jp/lib/collection/books/H16/H16G.pdf#page=2
H16-Q1(5),H16,第Ⅰ部,問題1,(5),,営業保険料・料率設定：ある被保険者群団が下に示した人数出率によりBMIの標準者,計算・選択,被保険者群団 / 人数出率 / BMI / 標準者・超過者 / 喫煙者・ / 非喫煙者 / 各区分 / 死亡率,計算型,営業保険料・料率設定,4,S,hoken1-seiho_01.pdf,第1章 営業保険料,1.2～1.5 営業保険料・計算基礎率・料率区分,平成10～19年度追加分：問題文キーワードから教科書・公式資料へ初期対応。必要に応じて後続で小見出し単位に精密化。,4,1,H16G.pdf,p.3,3,7,exams/H16G.pdf#page=3,textbooks/hoken1-seiho_01.pdf#page=4,exams/H16G.pdf#page=7,,,,,,"[{""type"": ""教科書"", ""category"": ""教科書"", ""title"": ""第1章 営業保険料"", ""source"": ""hoken1-seiho_01.pdf"", ""usage"": ""1.2～1.5 営業保険料・計算基礎率・料率区分"", ""url"": ""textbooks/hoken1-seiho_01.pdf#page=4"", ""reason"": ""平成10～19年度追加分の初期マッピング。問題文キーワードから対応章に紐づけ。"", ""pdf_page"": ""4"", ""internal_page"": ""1""}, {""id"": ""ACT-H16G"", ""category"": ""過去問原本"", ""title"": ""H16年度 生保1（問題）PDF p.3"", ""source"": ""日本アクチュアリー会"", ""usage"": ""問題原本の公式PDF。問題・解答の対応確認、PDF本文確認用。"", ""url"": ""https://www.actuaries.jp/lib/collection/books/H16/H16G.pdf#page=3"", ""type"": ""公式"", ""reason"": ""日本アクチュアリー会公開の過去問原本PDF。"", ""section_hint"": ""H16年度 生保1（問題） p.3"", ""excerpt"": ""この設問の問題文は、同会公開PDFの p.3 に対応。ローカル同梱PDFと同一内容の公式原本として確認可能。"", ""display_mode"": ""official_panel""}]",2,教科書：第1章 営業保険料 ／ 公式原本：日本アクチュアリー会 H16問題PDF p.3,,,https://www.actuaries.jp/lib/collection/books/H16/H16G.pdf#page=3
H16-Q1(6),H16,第Ⅰ部,問題1,(6),,営業保険料,計算・選択,5年満期 / 30歳加入 / 定期保険 / 保険金額100 / 年払営業保険料 / 新契約件数 / 需要関数 / 価格弾力性,計算型,営業保険料・料率設定,4,S,hoken1-seiho_01.pdf,第1章 営業保険料,1.2～1.5 営業保険料・計算基礎率・料率区分,平成10～19年度追加分：問題文キーワードから教科書・公式資料へ初期対応。必要に応じて後続で小見出し単位に精密化。,4,1,H16G.pdf,p.3,3,8,exams/H16G.pdf#page=3,textbooks/hoken1-seiho_01.pdf#page=4,exams/H16G.pdf#page=8,,,,,,"[{""type"": ""教科書"", ""category"": ""教科書"", ""title"": ""第1章 営業保険料"", ""source"": ""hoken1-seiho_01.pdf"", ""usage"": ""1.2～1.5 営業保険料・計算基礎率・料率区分"", ""url"": ""textbooks/hoken1-seiho_01.pdf#page=4"", ""reason"": ""平成10～19年度追加分の初期マッピング。問題文キーワードから対応章に紐づけ。"", ""pdf_page"": ""4"", ""internal_page"": ""1""}, {""id"": ""ACT-H16G"", ""category"": ""過去問原本"", ""title"": ""H16年度 生保1（問題）PDF p.3"", ""source"": ""日本アクチュアリー会"", ""usage"": ""問題原本の公式PDF。問題・解答の対応確認、PDF本文確認用。"", ""url"": ""https://www.actuaries.jp/lib/collection/books/H16/H16G.pdf#page=3"", ""type"": ""公式"", ""reason"": ""日本アクチュアリー会公開の過去問原本PDF。"", ""section_hint"": ""H16年度 生保1（問題） p.3"", ""excerpt"": ""この設問の問題文は、同会公開PDFの p.3 に対応。ローカル同梱PDFと同一内容の公式原本として確認可能。"", ""display_mode"": ""official_panel""}]",2,教科書：第1章 営業保険料 ／ 公式原本：日本アクチュアリー会 H16問題PDF p.3,,,https://www.actuaries.jp/lib/collection/books/H16/H16G.pdf#page=3
H16-Q2(1),H16,第Ⅰ部,問題2,(1),,市場価格調整,説明,個人保険 / 解約返戻金 / 市場価格調整型 / Market伯1ueAdjusted,知識型,解約返戻金,4,A,hoken1-seiho_02.pdf,第2章 解約および解約返戻金,2.4～2.7 解約返戻金・MVA・流動性リスク,平成10～19年度追加分：問題文キーワードから教科書・公式資料へ初期対応。必要に応じて後続で小見出し単位に精密化。,10,2,H16G.pdf,p.4,4,9,exams/H16G.pdf#page=4,textbooks/hoken1-seiho_02.pdf#page=10,exams/H16G.pdf#page=9,,,,,,"[{""type"": ""教科書"", ""category"": ""教科書"", ""title"": ""第2章 解約および解約返戻金"", ""source"": ""hoken1-seiho_02.pdf"", ""usage"": ""2.4～2.7 解約返戻金・MVA・流動性リスク"", ""url"": ""textbooks/hoken1-seiho_02.pdf#page=10"", ""reason"": ""平成10～19年度追加分の初期マッピング。問題文キーワードから対応章に紐づけ。"", ""pdf_page"": ""10"", ""internal_page"": ""2""}, {""id"": ""ACT-H16G"", ""category"": ""過去問原本"", ""title"": ""H16年度 生保1（問題）PDF p.4"", ""source"": ""日本アクチュアリー会"", ""usage"": ""問題原本の公式PDF。問題・解答の対応確認、PDF本文確認用。"", ""url"": ""https://www.actuaries.jp/lib/collection/books/H16/H16G.pdf#page=4"", ""type"": ""公式"", ""reason"": ""日本アクチュアリー会公開の過去問原本PDF。"", ""section_hint"": ""H16年度 生保1（問題） p.4"", ""excerpt"": ""この設問の問題文は、同会公開PDFの p.4 に対応。ローカル同梱PDFと同一内容の公式原本として確認可能。"", ""display_mode"": ""official_panel""}]",2,教科書：第2章 解約および解約返戻金 ／ 公式原本：日本アクチュアリー会 H16問題PDF p.4,,,https://www.actuaries.jp/lib/collection/books/H16/H16G.pdf#page=4
H16-Q2(2),H16,第Ⅰ部,問題2,(2),,解約返戻金,設問,個人保険 / 低解約返戻金高品 / 予定脱退率 / カナダ・アクチェアリ / 経験デ / カナダ / 予定脱退率,知識型,解約返戻金,4,A,hoken1-seiho_02.pdf,第2章 解約および解約返戻金,2.4～2.7 解約返戻金・MVA・流動性リスク,平成10～19年度追加分：問題文キーワードから教科書・公式資料へ初期対応。必要に応じて後続で小見出し単位に精密化。,10,2,H16G.pdf,p.4,4,9,exams/H16G.pdf#page=4,textbooks/hoken1-seiho_02.pdf#page=10,exams/H16G.pdf#page=9,,,,,,"[{""type"": ""教科書"", ""category"": ""教科書"", ""title"": ""第2章 解約および解約返戻金"", ""source"": ""hoken1-seiho_02.pdf"", ""usage"": ""2.4～2.7 解約返戻金・MVA・流動性リスク"", ""url"": ""textbooks/hoken1-seiho_02.pdf#page=10"", ""reason"": ""平成10～19年度追加分の初期マッピング。問題文キーワードから対応章に紐づけ。"", ""pdf_page"": ""10"", ""internal_page"": ""2""}, {""id"": ""ACT-H16G"", ""category"": ""過去問原本"", ""title"": ""H16年度 生保1（問題）PDF p.4"", ""source"": ""日本アクチュアリー会"", ""usage"": ""問題原本の公式PDF。問題・解答の対応確認、PDF本文確認用。"", ""url"": ""https://www.actuaries.jp/lib/collection/books/H16/H16G.pdf#page=4"", ""type"": ""公式"", ""reason"": ""日本アクチュアリー会公開の過去問原本PDF。"", ""section_hint"": ""H16年度 生保1（問題） p.4"", ""excerpt"": ""この設問の問題文は、同会公開PDFの p.4 に対応。ローカル同梱PDFと同一内容の公式原本として確認可能。"", ""display_mode"": ""official_panel""}]",2,教科書：第2章 解約および解約返戻金 ／ 公式原本：日本アクチュアリー会 H16問題PDF p.4,,,https://www.actuaries.jp/lib/collection/books/H16/H16G.pdf#page=4
H16-Q2(3),H16,第Ⅰ部,問題2,(3),,解約返戻金,計算・選択,保険契約 / 費差損益 / 解約益 / x歳加入 / 年満期 / 保険料払込期間 / 養老保険 / 解約返戻金,計算型,解約返戻金,4,A,hoken1-seiho_02.pdf,第2章 解約および解約返戻金,2.4～2.7 解約返戻金・MVA・流動性リスク,平成10～19年度追加分：問題文キーワードから教科書・公式資料へ初期対応。必要に応じて後続で小見出し単位に精密化。,10,2,H16G.pdf,p.4,4,9,exams/H16G.pdf#page=4,textbooks/hoken1-seiho_02.pdf#page=10,exams/H16G.pdf#page=9,,,,,,"[{""type"": ""教科書"", ""category"": ""教科書"", ""title"": ""第2章 解約および解約返戻金"", ""source"": ""hoken1-seiho_02.pdf"", ""usage"": ""2.4～2.7 解約返戻金・MVA・流動性リスク"", ""url"": ""textbooks/hoken1-seiho_02.pdf#page=10"", ""reason"": ""平成10～19年度追加分の初期マッピング。問題文キーワードから対応章に紐づけ。"", ""pdf_page"": ""10"", ""internal_page"": ""2""}, {""id"": ""ACT-H16G"", ""category"": ""過去問原本"", ""title"": ""H16年度 生保1（問題）PDF p.4"", ""source"": ""日本アクチュアリー会"", ""usage"": ""問題原本の公式PDF。問題・解答の対応確認、PDF本文確認用。"", ""url"": ""https://www.actuaries.jp/lib/collection/books/H16/H16G.pdf#page=4"", ""type"": ""公式"", ""reason"": ""日本アクチュアリー会公開の過去問原本PDF。"", ""section_hint"": ""H16年度 生保1（問題） p.4"", ""excerpt"": ""この設問の問題文は、同会公開PDFの p.4 に対応。ローカル同梱PDFと同一内容の公式原本として確認可能。"", ""display_mode"": ""official_panel""}]",2,教科書：第2章 解約および解約返戻金 ／ 公式原本：日本アクチュアリー会 H16問題PDF p.4,,,https://www.actuaries.jp/lib/collection/books/H16/H16G.pdf#page=4
H16-Q3(1),H16,第Ⅰ部,問題3,(1),,医療保険,所見,医療保険 / 入院給付 / 下記4 / 不担保期間 / 待期間 / 保険期間 / 給付限度 / 現在貴君,所見型,医療保険・第三分野,4,S,hoken1-seiho_07.pdf,第7章 医療保険,7.3～7.5 医療保険・第三分野商品の基礎率とリスク管理,平成10～19年度追加分：問題文キーワードから教科書・公式資料へ初期対応。必要に応じて後続で小見出し単位に精密化。,5,7,H16G.pdf,p.6,6,10,exams/H16G.pdf#page=6,textbooks/hoken1-seiho_07.pdf#page=5,exams/H16G.pdf#page=10,,,,,,"[{""type"": ""教科書"", ""category"": ""教科書"", ""title"": ""第7章 医療保険"", ""source"": ""hoken1-seiho_07.pdf"", ""usage"": ""7.3～7.5 医療保険・第三分野商品の基礎率とリスク管理"", ""url"": ""textbooks/hoken1-seiho_07.pdf#page=5"", ""reason"": ""平成10～19年度追加分の初期マッピング。問題文キーワードから対応章に紐づけ。"", ""pdf_page"": ""5"", ""internal_page"": ""7""}, {""id"": ""ACT-H16G"", ""category"": ""過去問原本"", ""title"": ""H16年度 生保1（問題）PDF p.6"", ""source"": ""日本アクチュアリー会"", ""usage"": ""問題原本の公式PDF。問題・解答の対応確認、PDF本文確認用。"", ""url"": ""https://www.actuaries.jp/lib/collection/books/H16/H16G.pdf#page=6"", ""type"": ""公式"", ""reason"": ""日本アクチュアリー会公開の過去問原本PDF。"", ""section_hint"": ""H16年度 生保1（問題） p.6"", ""excerpt"": ""この設問の問題文は、同会公開PDFの p.6 に対応。ローカル同梱PDFと同一内容の公式原本として確認可能。"", ""display_mode"": ""official_panel""}]",2,教科書：第7章 医療保険 ／ 公式原本：日本アクチュアリー会 H16問題PDF p.6,,,https://www.actuaries.jp/lib/collection/books/H16/H16G.pdf#page=6
H16-Q3(2),H16,第Ⅰ部,問題3,(2),,商品毎収益検証,所見,商品毎収益検証 / 事業費 / 新契約費 / 維持費 / 必要性 / 新契約費 / 事業費 / 配賦単位,所見型,商品毎収益検証,4,S,hoken1-seiho_10.pdf,第10章 商品毎収益検証,10.2～10.11 商品毎収益検証の目的・モデル・指標・シナリオ,平成10～19年度追加分：問題文キーワードから教科書・公式資料へ初期対応。必要に応じて後続で小見出し単位に精密化。,8,10,H16G.pdf,p.6,6,14,exams/H16G.pdf#page=6,textbooks/hoken1-seiho_10.pdf#page=8,exams/H16G.pdf#page=14,,,,,,"[{""type"": ""教科書"", ""category"": ""教科書"", ""title"": ""第10章 商品毎収益検証"", ""source"": ""hoken1-seiho_10.pdf"", ""usage"": ""10.2～10.11 商品毎収益検証の目的・モデル・指標・シナリオ"", ""url"": ""textbooks/hoken1-seiho_10.pdf#page=8"", ""reason"": ""平成10～19年度追加分の初期マッピング。問題文キーワードから対応章に紐づけ。"", ""pdf_page"": ""8"", ""internal_page"": ""10""}, {""id"": ""ACT-H16G"", ""category"": ""過去問原本"", ""title"": ""H16年度 生保1（問題）PDF p.6"", ""source"": ""日本アクチュアリー会"", ""usage"": ""問題原本の公式PDF。問題・解答の対応確認、PDF本文確認用。"", ""url"": ""https://www.actuaries.jp/lib/collection/books/H16/H16G.pdf#page=6"", ""type"": ""公式"", ""reason"": ""日本アクチュアリー会公開の過去問原本PDF。"", ""section_hint"": ""H16年度 生保1（問題） p.6"", ""excerpt"": ""この設問の問題文は、同会公開PDFの p.6 に対応。ローカル同梱PDFと同一内容の公式原本として確認可能。"", ""display_mode"": ""official_panel""}]",2,教科書：第10章 商品毎収益検証 ／ 公式原本：日本アクチュアリー会 H16問題PDF p.6,,,https://www.actuaries.jp/lib/collection/books/H16/H16G.pdf#page=6
H17-Q1(1),H17,第Ⅰ部,問題1,(1),,就業不能所得補償保険,設問,ユニバ / サル保険 / 保険料自在性 / 投資自在性 / 分離性 / 予定利率変動型保険 / 予定利率 / 設定方法,知識型,医療保険・第三分野,3,S,hoken1-seiho_07.pdf,第7章 医療保険,7.3～7.5 医療保険・第三分野商品の基礎率とリスク管理,平成10～19年度追加分：問題文キーワードから教科書・公式資料へ初期対応。必要に応じて後続で小見出し単位に精密化。,5,7,H17G.pdf,p.1,1,6,exams/H17G.pdf#page=1,textbooks/hoken1-seiho_07.pdf#page=5,exams/H17G.pdf#page=6,,,,,,"[{""type"": ""教科書"", ""category"": ""教科書"", ""title"": ""第7章 医療保険"", ""source"": ""hoken1-seiho_07.pdf"", ""usage"": ""7.3～7.5 医療保険・第三分野商品の基礎率とリスク管理"", ""url"": ""textbooks/hoken1-seiho_07.pdf#page=5"", ""reason"": ""平成10～19年度追加分の初期マッピング。問題文キーワードから対応章に紐づけ。"", ""pdf_page"": ""5"", ""internal_page"": ""7""}, {""id"": ""ACT-H17G"", ""category"": ""過去問原本"", ""title"": ""H17年度 生保1（問題）PDF p.1"", ""source"": ""日本アクチュアリー会"", ""usage"": ""問題原本の公式PDF。問題・解答の対応確認、PDF本文確認用。"", ""url"": ""https://www.actuaries.jp/lib/collection/books/H17/H17G.pdf#page=1"", ""type"": ""公式"", ""reason"": ""日本アクチュアリー会公開の過去問原本PDF。"", ""section_hint"": ""H17年度 生保1（問題） p.1"", ""excerpt"": ""この設問の問題文は、同会公開PDFの p.1 に対応。ローカル同梱PDFと同一内容の公式原本として確認可能。"", ""display_mode"": ""official_panel""}]",2,教科書：第7章 医療保険 ／ 公式原本：日本アクチュアリー会 H17問題PDF p.1,,,https://www.actuaries.jp/lib/collection/books/H17/H17G.pdf#page=1
H17-Q1(2),H17,第Ⅰ部,問題1,(2),,変額保険,選択,個人変額保険 / 特別勘定 / 利源分析 / 選択肢 / ・一般勘定 / 内部取引 / 勘定科目 / 二至ニコ,知識型,変額年金・変額保険,3,A,hoken1-seiho_05.pdf,第5章 変額年金保険,5章 変額年金保険・最低保証リスク,平成10～19年度追加分：問題文キーワードから教科書・公式資料へ初期対応。必要に応じて後続で小見出し単位に精密化。,6,5,H17G.pdf,p.1,1,6,exams/H17G.pdf#page=1,textbooks/hoken1-seiho_05.pdf#page=6,exams/H17G.pdf#page=6,,,,,,"[{""type"": ""教科書"", ""category"": ""教科書"", ""title"": ""第5章 変額年金保険"", ""source"": ""hoken1-seiho_05.pdf"", ""usage"": ""5章 変額年金保険・最低保証リスク"", ""url"": ""textbooks/hoken1-seiho_05.pdf#page=6"", ""reason"": ""平成10～19年度追加分の初期マッピング。問題文キーワードから対応章に紐づけ。"", ""pdf_page"": ""6"", ""internal_page"": ""5""}, {""id"": ""ACT-H17G"", ""category"": ""過去問原本"", ""title"": ""H17年度 生保1（問題）PDF p.1"", ""source"": ""日本アクチュアリー会"", ""usage"": ""問題原本の公式PDF。問題・解答の対応確認、PDF本文確認用。"", ""url"": ""https://www.actuaries.jp/lib/collection/books/H17/H17G.pdf#page=1"", ""type"": ""公式"", ""reason"": ""日本アクチュアリー会公開の過去問原本PDF。"", ""section_hint"": ""H17年度 生保1（問題） p.1"", ""excerpt"": ""この設問の問題文は、同会公開PDFの p.1 に対応。ローカル同梱PDFと同一内容の公式原本として確認可能。"", ""display_mode"": ""official_panel""}]",2,教科書：第5章 変額年金保険 ／ 公式原本：日本アクチュアリー会 H17問題PDF p.1,,,https://www.actuaries.jp/lib/collection/books/H17/H17G.pdf#page=1
H17-Q1(3),H17,第Ⅰ部,問題1,(3),,標準生命表,計算・選択,生保標準生命表1996 / 年金開始後用 / 死亡率 / 作成方法 / 生保標準生命表1996 / 年金開始後用 / 死亡率 / 第10回生命表,計算型,営業保険料・料率設定,4,S,hoken1-seiho_01.pdf,第1章 営業保険料,1.2～1.5 営業保険料・計算基礎率・料率区分,平成10～19年度追加分：問題文キーワードから教科書・公式資料へ初期対応。必要に応じて後続で小見出し単位に精密化。,4,1,H17G.pdf,p.2,2,6,exams/H17G.pdf#page=2,textbooks/hoken1-seiho_01.pdf#page=4,exams/H17G.pdf#page=6,,,,,,"[{""type"": ""教科書"", ""category"": ""教科書"", ""title"": ""第1章 営業保険料"", ""source"": ""hoken1-seiho_01.pdf"", ""usage"": ""1.2～1.5 営業保険料・計算基礎率・料率区分"", ""url"": ""textbooks/hoken1-seiho_01.pdf#page=4"", ""reason"": ""平成10～19年度追加分の初期マッピング。問題文キーワードから対応章に紐づけ。"", ""pdf_page"": ""4"", ""internal_page"": ""1""}, {""id"": ""ACT-H17G"", ""category"": ""過去問原本"", ""title"": ""H17年度 生保1（問題）PDF p.2"", ""source"": ""日本アクチュアリー会"", ""usage"": ""問題原本の公式PDF。問題・解答の対応確認、PDF本文確認用。"", ""url"": ""https://www.actuaries.jp/lib/collection/books/H17/H17G.pdf#page=2"", ""type"": ""公式"", ""reason"": ""日本アクチュアリー会公開の過去問原本PDF。"", ""section_hint"": ""H17年度 生保1（問題） p.2"", ""excerpt"": ""この設問の問題文は、同会公開PDFの p.2 に対応。ローカル同梱PDFと同一内容の公式原本として確認可能。"", ""display_mode"": ""official_panel""}]",2,教科書：第1章 営業保険料 ／ 公式原本：日本アクチュアリー会 H17問題PDF p.2,,,https://www.actuaries.jp/lib/collection/books/H17/H17G.pdf#page=2
H17-Q1(4),H17,第Ⅰ部,問題1,(4),,医療保険,選択,入院給付金 / 給付金日額 / 入院日数 / 医療保険 / 療保険 / 責任準備金 / 入院給付部分 / 責任準備金,計算型,医療保険・第三分野,4,S,hoken1-seiho_07.pdf,第7章 医療保険,7.3～7.5 医療保険・第三分野商品の基礎率とリスク管理,平成10～19年度追加分：問題文キーワードから教科書・公式資料へ初期対応。必要に応じて後続で小見出し単位に精密化。,5,7,H17G.pdf,p.2,2,6,exams/H17G.pdf#page=2,textbooks/hoken1-seiho_07.pdf#page=5,exams/H17G.pdf#page=6,,,,,,"[{""type"": ""教科書"", ""category"": ""教科書"", ""title"": ""第7章 医療保険"", ""source"": ""hoken1-seiho_07.pdf"", ""usage"": ""7.3～7.5 医療保険・第三分野商品の基礎率とリスク管理"", ""url"": ""textbooks/hoken1-seiho_07.pdf#page=5"", ""reason"": ""平成10～19年度追加分の初期マッピング。問題文キーワードから対応章に紐づけ。"", ""pdf_page"": ""5"", ""internal_page"": ""7""}, {""id"": ""ACT-H17G"", ""category"": ""過去問原本"", ""title"": ""H17年度 生保1（問題）PDF p.2"", ""source"": ""日本アクチュアリー会"", ""usage"": ""問題原本の公式PDF。問題・解答の対応確認、PDF本文確認用。"", ""url"": ""https://www.actuaries.jp/lib/collection/books/H17/H17G.pdf#page=2"", ""type"": ""公式"", ""reason"": ""日本アクチュアリー会公開の過去問原本PDF。"", ""section_hint"": ""H17年度 生保1（問題） p.2"", ""excerpt"": ""この設問の問題文は、同会公開PDFの p.2 に対応。ローカル同梱PDFと同一内容の公式原本として確認可能。"", ""display_mode"": ""official_panel""}]",2,教科書：第7章 医療保険 ／ 公式原本：日本アクチュアリー会 H17問題PDF p.2,,,https://www.actuaries.jp/lib/collection/books/H17/H17G.pdf#page=2
H17-Q1(5),H17,第Ⅰ部,問題1,(5),,営業保険料,計算・選択,3年満期 / 保険料年払 / 養老保険 / プロフィット・マ / 選択肢 / プロフィット・マ / 計算過程 / 選択肢,計算型,商品毎収益検証,4,S,hoken1-seiho_10.pdf,第10章 商品毎収益検証,10.2～10.11 商品毎収益検証の目的・モデル・指標・シナリオ,平成10～19年度追加分：問題文キーワードから教科書・公式資料へ初期対応。必要に応じて後続で小見出し単位に精密化。,8,10,H17G.pdf,p.3,3,6,exams/H17G.pdf#page=3,textbooks/hoken1-seiho_10.pdf#page=8,exams/H17G.pdf#page=6,,,,,,"[{""type"": ""教科書"", ""category"": ""教科書"", ""title"": ""第10章 商品毎収益検証"", ""source"": ""hoken1-seiho_10.pdf"", ""usage"": ""10.2～10.11 商品毎収益検証の目的・モデル・指標・シナリオ"", ""url"": ""textbooks/hoken1-seiho_10.pdf#page=8"", ""reason"": ""平成10～19年度追加分の初期マッピング。問題文キーワードから対応章に紐づけ。"", ""pdf_page"": ""8"", ""internal_page"": ""10""}, {""id"": ""ACT-H17G"", ""category"": ""過去問原本"", ""title"": ""H17年度 生保1（問題）PDF p.3"", ""source"": ""日本アクチュアリー会"", ""usage"": ""問題原本の公式PDF。問題・解答の対応確認、PDF本文確認用。"", ""url"": ""https://www.actuaries.jp/lib/collection/books/H17/H17G.pdf#page=3"", ""type"": ""公式"", ""reason"": ""日本アクチュアリー会公開の過去問原本PDF。"", ""section_hint"": ""H17年度 生保1（問題） p.3"", ""excerpt"": ""この設問の問題文は、同会公開PDFの p.3 に対応。ローカル同梱PDFと同一内容の公式原本として確認可能。"", ""display_mode"": ""official_panel""}]",2,教科書：第10章 商品毎収益検証 ／ 公式原本：日本アクチュアリー会 H17問題PDF p.3,,,https://www.actuaries.jp/lib/collection/books/H17/H17G.pdf#page=3
H17-Q2(1),H17,第Ⅰ部,問題2,(1),,再保険：設立後閲もない生命保険会社において活用しうる再保険の方式,説明,設立後閲 / 生命保険会社 / 再保険 / 活用目的,知識型,再保険,4,S,hoken1-seiho_08.pdf,第8章 再保険,8.2～8.3 再保険の目的・方式・非伝統的再保険,平成10～19年度追加分：問題文キーワードから教科書・公式資料へ初期対応。必要に応じて後続で小見出し単位に精密化。,5,8,H17G.pdf,p.4,4,8,exams/H17G.pdf#page=4,textbooks/hoken1-seiho_08.pdf#page=5,exams/H17G.pdf#page=8,,,,,,"[{""type"": ""教科書"", ""category"": ""教科書"", ""title"": ""第8章 再保険"", ""source"": ""hoken1-seiho_08.pdf"", ""usage"": ""8.2～8.3 再保険の目的・方式・非伝統的再保険"", ""url"": ""textbooks/hoken1-seiho_08.pdf#page=5"", ""reason"": ""平成10～19年度追加分の初期マッピング。問題文キーワードから対応章に紐づけ。"", ""pdf_page"": ""5"", ""internal_page"": ""8""}, {""id"": ""ACT-H17G"", ""category"": ""過去問原本"", ""title"": ""H17年度 生保1（問題）PDF p.4"", ""source"": ""日本アクチュアリー会"", ""usage"": ""問題原本の公式PDF。問題・解答の対応確認、PDF本文確認用。"", ""url"": ""https://www.actuaries.jp/lib/collection/books/H17/H17G.pdf#page=4"", ""type"": ""公式"", ""reason"": ""日本アクチュアリー会公開の過去問原本PDF。"", ""section_hint"": ""H17年度 生保1（問題） p.4"", ""excerpt"": ""この設問の問題文は、同会公開PDFの p.4 に対応。ローカル同梱PDFと同一内容の公式原本として確認可能。"", ""display_mode"": ""official_panel""}]",2,教科書：第8章 再保険 ／ 公式原本：日本アクチュアリー会 H17問題PDF p.4,,,https://www.actuaries.jp/lib/collection/books/H17/H17G.pdf#page=4
H17-Q2(2),H17,第Ⅰ部,問題2,(2),,アセット・シェア：アセットシェア計算の代表的な活用目的を4つ挙げ、それぞれ,計算・選択,アセットシェア計算 / 代表的 / 活用目的,計算型,アセット・シェア,4,S,hoken1-seiho_03.pdf,第3章 アセット・シェア,3章 アセット・シェアの計算・活用,平成10～19年度追加分：問題文キーワードから教科書・公式資料へ初期対応。必要に応じて後続で小見出し単位に精密化。,5,3,H17G.pdf,p.4,4,9,exams/H17G.pdf#page=4,textbooks/hoken1-seiho_03.pdf#page=5,exams/H17G.pdf#page=9,,,,,,"[{""type"": ""教科書"", ""category"": ""教科書"", ""title"": ""第3章 アセット・シェア"", ""source"": ""hoken1-seiho_03.pdf"", ""usage"": ""3章 アセット・シェアの計算・活用"", ""url"": ""textbooks/hoken1-seiho_03.pdf#page=5"", ""reason"": ""平成10～19年度追加分の初期マッピング。問題文キーワードから対応章に紐づけ。"", ""pdf_page"": ""5"", ""internal_page"": ""3""}, {""id"": ""ACT-H17G"", ""category"": ""過去問原本"", ""title"": ""H17年度 生保1（問題）PDF p.4"", ""source"": ""日本アクチュアリー会"", ""usage"": ""問題原本の公式PDF。問題・解答の対応確認、PDF本文確認用。"", ""url"": ""https://www.actuaries.jp/lib/collection/books/H17/H17G.pdf#page=4"", ""type"": ""公式"", ""reason"": ""日本アクチュアリー会公開の過去問原本PDF。"", ""section_hint"": ""H17年度 生保1（問題） p.4"", ""excerpt"": ""この設問の問題文は、同会公開PDFの p.4 に対応。ローカル同梱PDFと同一内容の公式原本として確認可能。"", ""display_mode"": ""official_panel""}]",2,教科書：第3章 アセット・シェア ／ 公式原本：日本アクチュアリー会 H17問題PDF p.4,,,https://www.actuaries.jp/lib/collection/books/H17/H17G.pdf#page=4
H17-Q2(3),H17,第Ⅰ部,問題2,(3),,団体生命保険：年満期の団体定期保険の死差益配当率について、下記の設問に,計算・選択,1年満期 / 団体定期保険 / 死差益配当率 / 規模・契約内容・リスク / ・当該群団 / 各契約 / 被保険者数 / 各契約,計算型,団体生命保険,4,A,hoken1-seiho_06.pdf,第6章 団体生命保険,6.2～6.7 団体生命保険の特質・保険料・配当,平成10～19年度追加分：問題文キーワードから教科書・公式資料へ初期対応。必要に応じて後続で小見出し単位に精密化。,5,6,H17G.pdf,p.4,4,9,exams/H17G.pdf#page=4,textbooks/hoken1-seiho_06.pdf#page=5,exams/H17G.pdf#page=9,,,,,,"[{""type"": ""教科書"", ""category"": ""教科書"", ""title"": ""第6章 団体生命保険"", ""source"": ""hoken1-seiho_06.pdf"", ""usage"": ""6.2～6.7 団体生命保険の特質・保険料・配当"", ""url"": ""textbooks/hoken1-seiho_06.pdf#page=5"", ""reason"": ""平成10～19年度追加分の初期マッピング。問題文キーワードから対応章に紐づけ。"", ""pdf_page"": ""5"", ""internal_page"": ""6""}, {""id"": ""ACT-H17G"", ""category"": ""過去問原本"", ""title"": ""H17年度 生保1（問題）PDF p.4"", ""source"": ""日本アクチュアリー会"", ""usage"": ""問題原本の公式PDF。問題・解答の対応確認、PDF本文確認用。"", ""url"": ""https://www.actuaries.jp/lib/collection/books/H17/H17G.pdf#page=4"", ""type"": ""公式"", ""reason"": ""日本アクチュアリー会公開の過去問原本PDF。"", ""section_hint"": ""H17年度 生保1（問題） p.4"", ""excerpt"": ""この設問の問題文は、同会公開PDFの p.4 に対応。ローカル同梱PDFと同一内容の公式原本として確認可能。"", ""display_mode"": ""official_panel""}]",2,教科書：第6章 団体生命保険 ／ 公式原本：日本アクチュアリー会 H17問題PDF p.4,,,https://www.actuaries.jp/lib/collection/books/H17/H17G.pdf#page=4
H17-Q3(1),H17,第Ⅰ部,問題3,(1),,商品毎収益検証,所見,商品毎収益検証 / r確率論的手法 / r決定論的手法 / メリッ / ト・デメリット / 10点 / 両手法 / メリット・デメリット,所見型,医療保険・第三分野,4,S,hoken1-seiho_07.pdf,第7章 医療保険,7.3～7.5 医療保険・第三分野商品の基礎率とリスク管理,平成10～19年度追加分：問題文キーワードから教科書・公式資料へ初期対応。必要に応じて後続で小見出し単位に精密化。,5,7,H17G.pdf,p.5,5,11,exams/H17G.pdf#page=5,textbooks/hoken1-seiho_07.pdf#page=5,exams/H17G.pdf#page=11,,,,,,"[{""type"": ""教科書"", ""category"": ""教科書"", ""title"": ""第7章 医療保険"", ""source"": ""hoken1-seiho_07.pdf"", ""usage"": ""7.3～7.5 医療保険・第三分野商品の基礎率とリスク管理"", ""url"": ""textbooks/hoken1-seiho_07.pdf#page=5"", ""reason"": ""平成10～19年度追加分の初期マッピング。問題文キーワードから対応章に紐づけ。"", ""pdf_page"": ""5"", ""internal_page"": ""7""}, {""id"": ""ACT-H17G"", ""category"": ""過去問原本"", ""title"": ""H17年度 生保1（問題）PDF p.5"", ""source"": ""日本アクチュアリー会"", ""usage"": ""問題原本の公式PDF。問題・解答の対応確認、PDF本文確認用。"", ""url"": ""https://www.actuaries.jp/lib/collection/books/H17/H17G.pdf#page=5"", ""type"": ""公式"", ""reason"": ""日本アクチュアリー会公開の過去問原本PDF。"", ""section_hint"": ""H17年度 生保1（問題） p.5"", ""excerpt"": ""この設問の問題文は、同会公開PDFの p.5 に対応。ローカル同梱PDFと同一内容の公式原本として確認可能。"", ""display_mode"": ""official_panel""}]",2,教科書：第7章 医療保険 ／ 公式原本：日本アクチュアリー会 H17問題PDF p.5,,,https://www.actuaries.jp/lib/collection/books/H17/H17G.pdf#page=5
H17-Q3(2),H17,第Ⅰ部,問題3,(2),,料率設定,選択,営業保険料 / r公平性 / r収益性 / 1O点 / 危険選択 / 死亡保険 / 設計・販売 / 十分性・公平性・収益性,所見型,営業保険料・料率設定,4,S,hoken1-seiho_01.pdf,第1章 営業保険料,1.2～1.5 営業保険料・計算基礎率・料率区分,平成10～19年度追加分：問題文キーワードから教科書・公式資料へ初期対応。必要に応じて後続で小見出し単位に精密化。,4,1,H17G.pdf,p.5,5,15,exams/H17G.pdf#page=5,textbooks/hoken1-seiho_01.pdf#page=4,exams/H17G.pdf#page=15,,,,,,"[{""type"": ""教科書"", ""category"": ""教科書"", ""title"": ""第1章 営業保険料"", ""source"": ""hoken1-seiho_01.pdf"", ""usage"": ""1.2～1.5 営業保険料・計算基礎率・料率区分"", ""url"": ""textbooks/hoken1-seiho_01.pdf#page=4"", ""reason"": ""平成10～19年度追加分の初期マッピング。問題文キーワードから対応章に紐づけ。"", ""pdf_page"": ""4"", ""internal_page"": ""1""}, {""id"": ""ACT-H17G"", ""category"": ""過去問原本"", ""title"": ""H17年度 生保1（問題）PDF p.5"", ""source"": ""日本アクチュアリー会"", ""usage"": ""問題原本の公式PDF。問題・解答の対応確認、PDF本文確認用。"", ""url"": ""https://www.actuaries.jp/lib/collection/books/H17/H17G.pdf#page=5"", ""type"": ""公式"", ""reason"": ""日本アクチュアリー会公開の過去問原本PDF。"", ""section_hint"": ""H17年度 生保1（問題） p.5"", ""excerpt"": ""この設問の問題文は、同会公開PDFの p.5 に対応。ローカル同梱PDFと同一内容の公式原本として確認可能。"", ""display_mode"": ""official_panel""}]",2,教科書：第1章 営業保険料 ／ 公式原本：日本アクチュアリー会 H17問題PDF p.5,,,https://www.actuaries.jp/lib/collection/books/H17/H17G.pdf#page=5
H18-Q1(1),H18,第Ⅰ部,問題1,(1),,監督指針IV-5 保険数理・保険料算出方法,語句記入,監督指針IV-5 保険数理 / 保険料算出方法,知識型,商品開発・法令監督,3,S,hoken1-seiho_04.pdf,第4章 生命保険の商品開発,4.4.10 法令等／基礎書類・監督指針,平成10～19年度追加分：問題・解答ページ対応を手動補正。,6,4,H18G.pdf,p.1,1,5,exams/H18G.pdf#page=1,textbooks/hoken1-seiho_04.pdf#page=6,exams/H18G.pdf#page=5,監督指針・保険業法施行規則（関連箇所）,https://www.fsa.go.jp/common/law/guide/ins/04.html,,,1,"[{""type"": ""教科書"", ""category"": ""教科書"", ""title"": ""第4章 生命保険の商品開発"", ""source"": ""hoken1-seiho_04.pdf"", ""usage"": ""4.4.10 法令等／基礎書類・監督指針"", ""url"": ""textbooks/hoken1-seiho_04.pdf#page=6"", ""reason"": ""平成10～19年度追加分の手動補正マッピング。"", ""pdf_page"": ""6"", ""internal_page"": ""4""}, {""type"": ""公式"", ""category"": ""公式"", ""title"": ""監督指針・保険業法施行規則（関連箇所）"", ""source"": ""金融庁/e-Gov"", ""usage"": ""公式根拠確認"", ""url"": ""https://www.fsa.go.jp/common/law/guide/ins/04.html"", ""reason"": ""監督指針・保険業法施行規則の問題に対応。"", ""section_hint"": ""保険商品審査・保険数理／算出方法書"", ""excerpt"": ""保険料、責任準備金、契約者価額等の算出方法書・商品審査上の留意点の確認先。"", ""display_mode"": ""official_panel""}, {""id"": ""ACT-H18G"", ""category"": ""過去問原本"", ""title"": ""H18年度 生保1（問題）PDF p.1"", ""source"": ""日本アクチュアリー会"", ""usage"": ""問題原本の公式PDF。問題・解答の対応確認、PDF本文確認用。"", ""url"": ""https://www.actuaries.jp/lib/collection/books/H18/H18G.pdf#page=1"", ""type"": ""公式"", ""reason"": ""日本アクチュアリー会公開の過去問原本PDF。"", ""section_hint"": ""H18年度 生保1（問題） p.1"", ""excerpt"": ""この設問の問題文は、同会公開PDFの p.1 に対応。"", ""display_mode"": ""official_panel""}]",3,教科書：第4章 生命保険の商品開発 ／ 公式：監督指針・保険業法施行規則（関連箇所） ／ 公式原本：日本アクチュアリー会 H18問題PDF p.1,保険商品審査・保険数理／算出方法書,保険料、責任準備金、契約者価額等の算出方法書・商品審査上の留意点の確認先。,https://www.actuaries.jp/lib/collection/books/H18/H18G.pdf#page=1
H18-Q1(2),H18,第Ⅰ部,問題1,(2),,団体保険の危険選択・グレッグの原則,列挙,団体保険の危険選択 / グレッグの原則,知識型,団体生命保険,3,S,hoken1-seiho_06.pdf,第6章 団体生命保険,6章 団体生命保険の危険選択・保険料・配当,平成10～19年度追加分：問題・解答ページ対応を手動補正。,5,6,H18G.pdf,p.1,1,5,exams/H18G.pdf#page=1,textbooks/hoken1-seiho_06.pdf#page=5,exams/H18G.pdf#page=5,,,,,,"[{""type"": ""教科書"", ""category"": ""教科書"", ""title"": ""第6章 団体生命保険"", ""source"": ""hoken1-seiho_06.pdf"", ""usage"": ""6章 団体生命保険の危険選択・保険料・配当"", ""url"": ""textbooks/hoken1-seiho_06.pdf#page=5"", ""reason"": ""平成10～19年度追加分の手動補正マッピング。"", ""pdf_page"": ""5"", ""internal_page"": ""6""}, {""id"": ""ACT-H18G"", ""category"": ""過去問原本"", ""title"": ""H18年度 生保1（問題）PDF p.1"", ""source"": ""日本アクチュアリー会"", ""usage"": ""問題原本の公式PDF。問題・解答の対応確認、PDF本文確認用。"", ""url"": ""https://www.actuaries.jp/lib/collection/books/H18/H18G.pdf#page=1"", ""type"": ""公式"", ""reason"": ""日本アクチュアリー会公開の過去問原本PDF。"", ""section_hint"": ""H18年度 生保1（問題） p.1"", ""excerpt"": ""この設問の問題文は、同会公開PDFの p.1 に対応。"", ""display_mode"": ""official_panel""}]",2,教科書：第6章 団体生命保険 ／ 公式原本：日本アクチュアリー会 H18問題PDF p.1,,,https://www.actuaries.jp/lib/collection/books/H18/H18G.pdf#page=1
H18-Q1(3),H18,第Ⅰ部,問題1,(3),,優良体保険の判定方法,説明,優良体保険の判定方法,知識型,営業保険料・料率設定,3,S,hoken1-seiho_01.pdf,第1章 営業保険料,1.4 計算基礎率／1.5 料率区分,平成10～19年度追加分：問題・解答ページ対応を手動補正。,4,1,H18G.pdf,p.1,1,5,exams/H18G.pdf#page=1,textbooks/hoken1-seiho_01.pdf#page=4,exams/H18G.pdf#page=5,,,,,,"[{""type"": ""教科書"", ""category"": ""教科書"", ""title"": ""第1章 営業保険料"", ""source"": ""hoken1-seiho_01.pdf"", ""usage"": ""1.4 計算基礎率／1.5 料率区分"", ""url"": ""textbooks/hoken1-seiho_01.pdf#page=4"", ""reason"": ""平成10～19年度追加分の手動補正マッピング。"", ""pdf_page"": ""4"", ""internal_page"": ""1""}, {""id"": ""ACT-H18G"", ""category"": ""過去問原本"", ""title"": ""H18年度 生保1（問題）PDF p.1"", ""source"": ""日本アクチュアリー会"", ""usage"": ""問題原本の公式PDF。問題・解答の対応確認、PDF本文確認用。"", ""url"": ""https://www.actuaries.jp/lib/collection/books/H18/H18G.pdf#page=1"", ""type"": ""公式"", ""reason"": ""日本アクチュアリー会公開の過去問原本PDF。"", ""section_hint"": ""H18年度 生保1（問題） p.1"", ""excerpt"": ""この設問の問題文は、同会公開PDFの p.1 に対応。"", ""display_mode"": ""official_panel""}]",2,教科書：第1章 営業保険料 ／ 公式原本：日本アクチュアリー会 H18問題PDF p.1,,,https://www.actuaries.jp/lib/collection/books/H18/H18G.pdf#page=1
H18-Q1(4),H18,第Ⅰ部,問題1,(4),,サープラス方式とストップ・ロス再保険,説明,サープラス方式とストップ / ロス再保険,知識型,再保険,3,S,hoken1-seiho_08.pdf,第8章 再保険,8.2～8.3 再保険方式・再保険目的,平成10～19年度追加分：問題・解答ページ対応を手動補正。,5,8,H18G.pdf,p.1,1,6,exams/H18G.pdf#page=1,textbooks/hoken1-seiho_08.pdf#page=5,exams/H18G.pdf#page=6,,,,,,"[{""type"": ""教科書"", ""category"": ""教科書"", ""title"": ""第8章 再保険"", ""source"": ""hoken1-seiho_08.pdf"", ""usage"": ""8.2～8.3 再保険方式・再保険目的"", ""url"": ""textbooks/hoken1-seiho_08.pdf#page=5"", ""reason"": ""平成10～19年度追加分の手動補正マッピング。"", ""pdf_page"": ""5"", ""internal_page"": ""8""}, {""id"": ""ACT-H18G"", ""category"": ""過去問原本"", ""title"": ""H18年度 生保1（問題）PDF p.1"", ""source"": ""日本アクチュアリー会"", ""usage"": ""問題原本の公式PDF。問題・解答の対応確認、PDF本文確認用。"", ""url"": ""https://www.actuaries.jp/lib/collection/books/H18/H18G.pdf#page=1"", ""type"": ""公式"", ""reason"": ""日本アクチュアリー会公開の過去問原本PDF。"", ""section_hint"": ""H18年度 生保1（問題） p.1"", ""excerpt"": ""この設問の問題文は、同会公開PDFの p.1 に対応。"", ""display_mode"": ""official_panel""}]",2,教科書：第8章 再保険 ／ 公式原本：日本アクチュアリー会 H18問題PDF p.1,,,https://www.actuaries.jp/lib/collection/books/H18/H18G.pdf#page=1
H18-Q2(1),H18,第Ⅰ部,問題2,(1),,アセット・シェア,計算・選択,無配当終身保険 / 第5保険年度末 / アセット・シェア / 第5保険年 / ネット・アセット・シェア / 増加額 / 死差損益 / 費差損益,計算型,商品毎収益検証,4,S,hoken1-seiho_10.pdf,第10章 商品毎収益検証,10.2～10.11 商品毎収益検証の目的・モデル・指標・シナリオ,平成10～19年度追加分：問題文キーワードから教科書・公式資料へ初期対応。必要に応じて後続で小見出し単位に精密化。,8,10,H18G.pdf,p.2,2,7,exams/H18G.pdf#page=2,textbooks/hoken1-seiho_10.pdf#page=8,exams/H18G.pdf#page=7,,,,,,"[{""type"": ""教科書"", ""category"": ""教科書"", ""title"": ""第10章 商品毎収益検証"", ""source"": ""hoken1-seiho_10.pdf"", ""usage"": ""10.2～10.11 商品毎収益検証の目的・モデル・指標・シナリオ"", ""url"": ""textbooks/hoken1-seiho_10.pdf#page=8"", ""reason"": ""平成10～19年度追加分の初期マッピング。問題文キーワードから対応章に紐づけ。"", ""pdf_page"": ""8"", ""internal_page"": ""10""}, {""id"": ""ACT-H18G"", ""category"": ""過去問原本"", ""title"": ""H18年度 生保1（問題）PDF p.2"", ""source"": ""日本アクチュアリー会"", ""usage"": ""問題原本の公式PDF。問題・解答の対応確認、PDF本文確認用。"", ""url"": ""https://www.actuaries.jp/lib/collection/books/H18/H18G.pdf#page=2"", ""type"": ""公式"", ""reason"": ""日本アクチュアリー会公開の過去問原本PDF。"", ""section_hint"": ""H18年度 生保1（問題） p.2"", ""excerpt"": ""この設問の問題文は、同会公開PDFの p.2 に対応。ローカル同梱PDFと同一内容の公式原本として確認可能。"", ""display_mode"": ""official_panel""}]",2,教科書：第10章 商品毎収益検証 ／ 公式原本：日本アクチュアリー会 H18問題PDF p.2,,,https://www.actuaries.jp/lib/collection/books/H18/H18G.pdf#page=2
H18-Q2(2),H18,第Ⅰ部,問題2,(2),,商品毎収益検証,計算・選択,商品毎収益検証 / プロフィット・マ / 投資回収年度 / Break / Even篶ar / 誠部収益率 / Intema1Rate / ofRetum,計算型,商品毎収益検証,4,S,hoken1-seiho_10.pdf,第10章 商品毎収益検証,10.2～10.11 商品毎収益検証の目的・モデル・指標・シナリオ,平成10～19年度追加分：問題文キーワードから教科書・公式資料へ初期対応。必要に応じて後続で小見出し単位に精密化。,8,10,H18G.pdf,p.3,3,8,exams/H18G.pdf#page=3,textbooks/hoken1-seiho_10.pdf#page=8,exams/H18G.pdf#page=8,,,,,,"[{""type"": ""教科書"", ""category"": ""教科書"", ""title"": ""第10章 商品毎収益検証"", ""source"": ""hoken1-seiho_10.pdf"", ""usage"": ""10.2～10.11 商品毎収益検証の目的・モデル・指標・シナリオ"", ""url"": ""textbooks/hoken1-seiho_10.pdf#page=8"", ""reason"": ""平成10～19年度追加分の初期マッピング。問題文キーワードから対応章に紐づけ。"", ""pdf_page"": ""8"", ""internal_page"": ""10""}, {""id"": ""ACT-H18G"", ""category"": ""過去問原本"", ""title"": ""H18年度 生保1（問題）PDF p.3"", ""source"": ""日本アクチュアリー会"", ""usage"": ""問題原本の公式PDF。問題・解答の対応確認、PDF本文確認用。"", ""url"": ""https://www.actuaries.jp/lib/collection/books/H18/H18G.pdf#page=3"", ""type"": ""公式"", ""reason"": ""日本アクチュアリー会公開の過去問原本PDF。"", ""section_hint"": ""H18年度 生保1（問題） p.3"", ""excerpt"": ""この設問の問題文は、同会公開PDFの p.3 に対応。ローカル同梱PDFと同一内容の公式原本として確認可能。"", ""display_mode"": ""official_panel""}]",2,教科書：第10章 商品毎収益検証 ／ 公式原本：日本アクチュアリー会 H18問題PDF p.3,,,https://www.actuaries.jp/lib/collection/books/H18/H18G.pdf#page=3
H18-Q2(3),H18,第Ⅰ部,問題2,(3),,営業保険料・料率設定：個人保険の保険料率を居住地域別に細分化することについての,選択,個人保険 / 保険料率 / 居住地域別 / 細分化 / 問題点 / 料率区分要素 / 一119一 / 平成18年12月26目,所見型,営業保険料・料率設定,4,S,hoken1-seiho_01.pdf,第1章 営業保険料,1.2～1.5 営業保険料・計算基礎率・料率区分,平成10～19年度追加分：問題文キーワードから教科書・公式資料へ初期対応。必要に応じて後続で小見出し単位に精密化。,4,1,H18G.pdf,p.3,3,10,exams/H18G.pdf#page=3,textbooks/hoken1-seiho_01.pdf#page=4,exams/H18G.pdf#page=10,,,,,,"[{""type"": ""教科書"", ""category"": ""教科書"", ""title"": ""第1章 営業保険料"", ""source"": ""hoken1-seiho_01.pdf"", ""usage"": ""1.2～1.5 営業保険料・計算基礎率・料率区分"", ""url"": ""textbooks/hoken1-seiho_01.pdf#page=4"", ""reason"": ""平成10～19年度追加分の初期マッピング。問題文キーワードから対応章に紐づけ。"", ""pdf_page"": ""4"", ""internal_page"": ""1""}, {""id"": ""ACT-H18G"", ""category"": ""過去問原本"", ""title"": ""H18年度 生保1（問題）PDF p.3"", ""source"": ""日本アクチュアリー会"", ""usage"": ""問題原本の公式PDF。問題・解答の対応確認、PDF本文確認用。"", ""url"": ""https://www.actuaries.jp/lib/collection/books/H18/H18G.pdf#page=3"", ""type"": ""公式"", ""reason"": ""日本アクチュアリー会公開の過去問原本PDF。"", ""section_hint"": ""H18年度 生保1（問題） p.3"", ""excerpt"": ""この設問の問題文は、同会公開PDFの p.3 に対応。ローカル同梱PDFと同一内容の公式原本として確認可能。"", ""display_mode"": ""official_panel""}]",2,教科書：第1章 営業保険料 ／ 公式原本：日本アクチュアリー会 H18問題PDF p.3,,,https://www.actuaries.jp/lib/collection/books/H18/H18G.pdf#page=3
H18-Q3(1),H18,第Ⅰ部,問題3,(1),,解約返戻金,所見,低解約返戻金型商品 / 解約返戻金 / 予定解約率 / 低解約返戻金型商品 / 解約返戻金 / 開発・販売 / 商品設計 / 料率設定,所見型,商品毎収益検証,4,S,hoken1-seiho_10.pdf,第10章 商品毎収益検証,10.2～10.11 商品毎収益検証の目的・モデル・指標・シナリオ,平成10～19年度追加分：問題文キーワードから教科書・公式資料へ初期対応。必要に応じて後続で小見出し単位に精密化。,8,10,H18G.pdf,p.4,4,12,exams/H18G.pdf#page=4,textbooks/hoken1-seiho_10.pdf#page=8,exams/H18G.pdf#page=12,,,,,,"[{""type"": ""教科書"", ""category"": ""教科書"", ""title"": ""第10章 商品毎収益検証"", ""source"": ""hoken1-seiho_10.pdf"", ""usage"": ""10.2～10.11 商品毎収益検証の目的・モデル・指標・シナリオ"", ""url"": ""textbooks/hoken1-seiho_10.pdf#page=8"", ""reason"": ""平成10～19年度追加分の初期マッピング。問題文キーワードから対応章に紐づけ。"", ""pdf_page"": ""8"", ""internal_page"": ""10""}, {""id"": ""ACT-H18G"", ""category"": ""過去問原本"", ""title"": ""H18年度 生保1（問題）PDF p.4"", ""source"": ""日本アクチュアリー会"", ""usage"": ""問題原本の公式PDF。問題・解答の対応確認、PDF本文確認用。"", ""url"": ""https://www.actuaries.jp/lib/collection/books/H18/H18G.pdf#page=4"", ""type"": ""公式"", ""reason"": ""日本アクチュアリー会公開の過去問原本PDF。"", ""section_hint"": ""H18年度 生保1（問題） p.4"", ""excerpt"": ""この設問の問題文は、同会公開PDFの p.4 に対応。ローカル同梱PDFと同一内容の公式原本として確認可能。"", ""display_mode"": ""official_panel""}]",2,教科書：第10章 商品毎収益検証 ／ 公式原本：日本アクチュアリー会 H18問題PDF p.4,,,https://www.actuaries.jp/lib/collection/books/H18/H18G.pdf#page=4
H18-Q3(2),H18,第Ⅰ部,問題3,(2),,標準責任準備金,計算・選択,第三分野商品 / 予定死亡率 / 保険料水準 / 第三分野商品 / 開発・販売 / 生命保険事業 / 死亡率動向等 / 保険料計算基礎,計算型,医療保険・第三分野,4,S,hoken1-seiho_07.pdf,第7章 医療保険,7.3～7.5 医療保険・第三分野商品の基礎率とリスク管理,平成10～19年度追加分：問題文キーワードから教科書・公式資料へ初期対応。必要に応じて後続で小見出し単位に精密化。,5,7,H18G.pdf,p.4,4,18,exams/H18G.pdf#page=4,textbooks/hoken1-seiho_07.pdf#page=5,exams/H18G.pdf#page=18,,,,,,"[{""type"": ""教科書"", ""category"": ""教科書"", ""title"": ""第7章 医療保険"", ""source"": ""hoken1-seiho_07.pdf"", ""usage"": ""7.3～7.5 医療保険・第三分野商品の基礎率とリスク管理"", ""url"": ""textbooks/hoken1-seiho_07.pdf#page=5"", ""reason"": ""平成10～19年度追加分の初期マッピング。問題文キーワードから対応章に紐づけ。"", ""pdf_page"": ""5"", ""internal_page"": ""7""}, {""id"": ""ACT-H18G"", ""category"": ""過去問原本"", ""title"": ""H18年度 生保1（問題）PDF p.4"", ""source"": ""日本アクチュアリー会"", ""usage"": ""問題原本の公式PDF。問題・解答の対応確認、PDF本文確認用。"", ""url"": ""https://www.actuaries.jp/lib/collection/books/H18/H18G.pdf#page=4"", ""type"": ""公式"", ""reason"": ""日本アクチュアリー会公開の過去問原本PDF。"", ""section_hint"": ""H18年度 生保1（問題） p.4"", ""excerpt"": ""この設問の問題文は、同会公開PDFの p.4 に対応。ローカル同梱PDFと同一内容の公式原本として確認可能。"", ""display_mode"": ""official_panel""}]",2,教科書：第7章 医療保険 ／ 公式原本：日本アクチュアリー会 H18問題PDF p.4,,,https://www.actuaries.jp/lib/collection/books/H18/H18G.pdf#page=4
H19-Q1(1),H19,第Ⅰ部,問題1,(1),,市場価格調整,語句記入,解約返戻金 / 市場価格調整 / 1988年 / ク不没収価格法 / 市場価格調整 / 解約時 / 険契約 / 投資対象資産,知識型,解約返戻金,3,A,hoken1-seiho_02.pdf,第2章 解約および解約返戻金,2.4～2.7 解約返戻金・MVA・流動性リスク,平成10～19年度追加分：問題文キーワードから教科書・公式資料へ初期対応。必要に応じて後続で小見出し単位に精密化。,10,2,H19G.pdf,p.1,1,3,exams/H19G.pdf#page=1,textbooks/hoken1-seiho_02.pdf#page=10,exams/H19G.pdf#page=3,,,,,,"[{""type"": ""教科書"", ""category"": ""教科書"", ""title"": ""第2章 解約および解約返戻金"", ""source"": ""hoken1-seiho_02.pdf"", ""usage"": ""2.4～2.7 解約返戻金・MVA・流動性リスク"", ""url"": ""textbooks/hoken1-seiho_02.pdf#page=10"", ""reason"": ""平成10～19年度追加分の初期マッピング。問題文キーワードから対応章に紐づけ。"", ""pdf_page"": ""10"", ""internal_page"": ""2""}, {""id"": ""ACT-H19G"", ""category"": ""過去問原本"", ""title"": ""H19年度 生保1（問題）PDF p.1"", ""source"": ""日本アクチュアリー会"", ""usage"": ""問題原本の公式PDF。問題・解答の対応確認、PDF本文確認用。"", ""url"": ""https://www.actuaries.jp/lib/collection/books/H19/H19G.pdf#page=1"", ""type"": ""公式"", ""reason"": ""日本アクチュアリー会公開の過去問原本PDF。"", ""section_hint"": ""H19年度 生保1（問題） p.1"", ""excerpt"": ""この設問の問題文は、同会公開PDFの p.1 に対応。ローカル同梱PDFと同一内容の公式原本として確認可能。"", ""display_mode"": ""official_panel""}]",2,教科書：第2章 解約および解約返戻金 ／ 公式原本：日本アクチュアリー会 H19問題PDF p.1,,,https://www.actuaries.jp/lib/collection/books/H19/H19G.pdf#page=1
H19-Q1(2),H19,第Ⅰ部,問題1,(2),,就業不能所得補償保険,説明,就業不能所得補償保険 / 就業不能状態 / 給付金 / 除外期間 / 30日以上 / 30日未満,知識型,医療保険・第三分野,3,S,hoken1-seiho_07.pdf,第7章 医療保険,7.3～7.5 医療保険・第三分野商品の基礎率とリスク管理,平成10～19年度追加分：問題文キーワードから教科書・公式資料へ初期対応。必要に応じて後続で小見出し単位に精密化。,5,7,H19G.pdf,p.1,1,3,exams/H19G.pdf#page=1,textbooks/hoken1-seiho_07.pdf#page=5,exams/H19G.pdf#page=3,,,,,,"[{""type"": ""教科書"", ""category"": ""教科書"", ""title"": ""第7章 医療保険"", ""source"": ""hoken1-seiho_07.pdf"", ""usage"": ""7.3～7.5 医療保険・第三分野商品の基礎率とリスク管理"", ""url"": ""textbooks/hoken1-seiho_07.pdf#page=5"", ""reason"": ""平成10～19年度追加分の初期マッピング。問題文キーワードから対応章に紐づけ。"", ""pdf_page"": ""5"", ""internal_page"": ""7""}, {""id"": ""ACT-H19G"", ""category"": ""過去問原本"", ""title"": ""H19年度 生保1（問題）PDF p.1"", ""source"": ""日本アクチュアリー会"", ""usage"": ""問題原本の公式PDF。問題・解答の対応確認、PDF本文確認用。"", ""url"": ""https://www.actuaries.jp/lib/collection/books/H19/H19G.pdf#page=1"", ""type"": ""公式"", ""reason"": ""日本アクチュアリー会公開の過去問原本PDF。"", ""section_hint"": ""H19年度 生保1（問題） p.1"", ""excerpt"": ""この設問の問題文は、同会公開PDFの p.1 に対応。ローカル同梱PDFと同一内容の公式原本として確認可能。"", ""display_mode"": ""official_panel""}]",2,教科書：第7章 医療保険 ／ 公式原本：日本アクチュアリー会 H19問題PDF p.1,,,https://www.actuaries.jp/lib/collection/books/H19/H19G.pdf#page=1
H19-Q1(3),H19,第Ⅰ部,問題1,(3),,優良団体割引制度,計算・選択,団体保険 / 優良団体害11引制度 / 団体保険 / 優良団体割引率 / 留意点 / 優良団体割引制度 / 死亡率 / 正規分布,計算型,団体生命保険,4,A,hoken1-seiho_06.pdf,第6章 団体生命保険,6.2～6.7 団体生命保険の特質・保険料・配当,平成10～19年度追加分：問題文キーワードから教科書・公式資料へ初期対応。必要に応じて後続で小見出し単位に精密化。,5,6,H19G.pdf,p.1,1,3,exams/H19G.pdf#page=1,textbooks/hoken1-seiho_06.pdf#page=5,exams/H19G.pdf#page=3,,,,,,"[{""type"": ""教科書"", ""category"": ""教科書"", ""title"": ""第6章 団体生命保険"", ""source"": ""hoken1-seiho_06.pdf"", ""usage"": ""6.2～6.7 団体生命保険の特質・保険料・配当"", ""url"": ""textbooks/hoken1-seiho_06.pdf#page=5"", ""reason"": ""平成10～19年度追加分の初期マッピング。問題文キーワードから対応章に紐づけ。"", ""pdf_page"": ""5"", ""internal_page"": ""6""}, {""id"": ""ACT-H19G"", ""category"": ""過去問原本"", ""title"": ""H19年度 生保1（問題）PDF p.1"", ""source"": ""日本アクチュアリー会"", ""usage"": ""問題原本の公式PDF。問題・解答の対応確認、PDF本文確認用。"", ""url"": ""https://www.actuaries.jp/lib/collection/books/H19/H19G.pdf#page=1"", ""type"": ""公式"", ""reason"": ""日本アクチュアリー会公開の過去問原本PDF。"", ""section_hint"": ""H19年度 生保1（問題） p.1"", ""excerpt"": ""この設問の問題文は、同会公開PDFの p.1 に対応。ローカル同梱PDFと同一内容の公式原本として確認可能。"", ""display_mode"": ""official_panel""}]",2,教科書：第6章 団体生命保険 ／ 公式原本：日本アクチュアリー会 H19問題PDF p.1,,,https://www.actuaries.jp/lib/collection/books/H19/H19G.pdf#page=1
H19-Q1(4),H19,第Ⅰ部,問題1,(4),,アセット・シェア,計算・選択,アセット・シェア / 契約群団方式 / 代表契約方式 / 47一 / 平成19年12月25目 / 生保1 / 問題2 / 解答用紙,計算型,アセット・シェア,4,S,hoken1-seiho_03.pdf,第3章 アセット・シェア,3章 アセット・シェアの計算・活用,平成10～19年度追加分：問題文キーワードから教科書・公式資料へ初期対応。必要に応じて後続で小見出し単位に精密化。,5,3,H19G.pdf,p.1,1,4,exams/H19G.pdf#page=1,textbooks/hoken1-seiho_03.pdf#page=5,exams/H19G.pdf#page=4,,,,,,"[{""type"": ""教科書"", ""category"": ""教科書"", ""title"": ""第3章 アセット・シェア"", ""source"": ""hoken1-seiho_03.pdf"", ""usage"": ""3章 アセット・シェアの計算・活用"", ""url"": ""textbooks/hoken1-seiho_03.pdf#page=5"", ""reason"": ""平成10～19年度追加分の初期マッピング。問題文キーワードから対応章に紐づけ。"", ""pdf_page"": ""5"", ""internal_page"": ""3""}, {""id"": ""ACT-H19G"", ""category"": ""過去問原本"", ""title"": ""H19年度 生保1（問題）PDF p.1"", ""source"": ""日本アクチュアリー会"", ""usage"": ""問題原本の公式PDF。問題・解答の対応確認、PDF本文確認用。"", ""url"": ""https://www.actuaries.jp/lib/collection/books/H19/H19G.pdf#page=1"", ""type"": ""公式"", ""reason"": ""日本アクチュアリー会公開の過去問原本PDF。"", ""section_hint"": ""H19年度 生保1（問題） p.1"", ""excerpt"": ""この設問の問題文は、同会公開PDFの p.1 に対応。ローカル同梱PDFと同一内容の公式原本として確認可能。"", ""display_mode"": ""official_panel""}]",2,教科書：第3章 アセット・シェア ／ 公式原本：日本アクチュアリー会 H19問題PDF p.1,,,https://www.actuaries.jp/lib/collection/books/H19/H19G.pdf#page=1
H19-Q2(1),H19,第Ⅰ部,問題2,(1),,責任準備金,説明,平成18年4月1日 / 保険業法施行規則 / 保険料及 / 責任準備金 / 算出方法書 / 記載事項 / 部肖1 / 本改正,知識型,商品開発・法令監督,4,A,hoken1-seiho_04.pdf,第4章 生命保険の商品開発,4.2～4.4 商品開発プロセス・法令等・商品審査,平成10～19年度追加分：問題文キーワードから教科書・公式資料へ初期対応。必要に応じて後続で小見出し単位に精密化。,6,4,H19G.pdf,p.2,2,5,exams/H19G.pdf#page=2,textbooks/hoken1-seiho_04.pdf#page=6,exams/H19G.pdf#page=5,監督指針：保険商品審査・保険数理,https://www.fsa.go.jp/common/law/guide/ins/04.html,,,3,"[{""type"": ""教科書"", ""category"": ""教科書"", ""title"": ""第4章 生命保険の商品開発"", ""source"": ""hoken1-seiho_04.pdf"", ""usage"": ""4.2～4.4 商品開発プロセス・法令等・商品審査"", ""url"": ""textbooks/hoken1-seiho_04.pdf#page=6"", ""reason"": ""平成10～19年度追加分の初期マッピング。問題文キーワードから対応章に紐づけ。"", ""pdf_page"": ""6"", ""internal_page"": ""4""}, {""type"": ""公式"", ""category"": ""公式"", ""title"": ""監督指針：保険商品審査・保険数理"", ""source"": ""金融庁/e-Gov"", ""usage"": ""設問の公式根拠確認"", ""url"": ""https://www.fsa.go.jp/common/law/guide/ins/04.html"", ""reason"": ""設問文に対応する公式資料。"", ""section_hint"": ""監督指針：保険商品審査・保険数理"", ""excerpt"": ""金融庁監督指針（保険商品審査・保険数理）の関連箇所確認用。"", ""display_mode"": ""official_panel""}, {""type"": ""公式"", ""category"": ""公式"", ""title"": ""保険業法施行規則"", ""source"": ""金融庁/e-Gov"", ""usage"": ""設問の公式根拠確認"", ""url"": ""https://laws.e-gov.go.jp/law/408M50000040005"", ""reason"": ""設問文に対応する公式資料。"", ""section_hint"": ""保険業法施行規則"", ""excerpt"": ""保険業法施行規則の該当条文確認用。"", ""display_mode"": ""official_panel""}, {""type"": ""公式"", ""category"": ""公式"", ""title"": ""保険業法"", ""source"": ""金融庁/e-Gov"", ""usage"": ""設問の公式根拠確認"", ""url"": ""https://laws.e-gov.go.jp/law/407AC0000000105"", ""reason"": ""設問文に対応する公式資料。"", ""section_hint"": ""保険業法"", ""excerpt"": ""保険業法の該当条文確認用。"", ""display_mode"": ""official_panel""}, {""id"": ""ACT-H19G"", ""category"": ""過去問原本"", ""title"": ""H19年度 生保1（問題）PDF p.2"", ""source"": ""日本アクチュアリー会"", ""usage"": ""問題原本の公式PDF。問題・解答の対応確認、PDF本文確認用。"", ""url"": ""https://www.actuaries.jp/lib/collection/books/H19/H19G.pdf#page=2"", ""type"": ""公式"", ""reason"": ""日本アクチュアリー会公開の過去問原本PDF。"", ""section_hint"": ""H19年度 生保1（問題） p.2"", ""excerpt"": ""この設問の問題文は、同会公開PDFの p.2 に対応。ローカル同梱PDFと同一内容の公式原本として確認可能。"", ""display_mode"": ""official_panel""}]",5,教科書：第4章 生命保険の商品開発 ／ 公式：監督指針：保険商品審査・保険数理 ／ 公式：保険業法施行規則 ／ 公式：保険業法 ／ 公式原本：日本アクチュアリー会 H19問題PDF p.2,監督指針：保険商品審査・保険数理,金融庁監督指針（保険商品審査・保険数理）の関連箇所確認用。,https://www.actuaries.jp/lib/collection/books/H19/H19G.pdf#page=2
H19-Q2(2),H19,第Ⅰ部,問題2,(2),,再保険：再保険の活用目的のうち、「伝統的な目的」について簡潔に説,説明,再保険 / 活用目的 / 伝統的 / 非伝統的,知識型,再保険,4,S,hoken1-seiho_08.pdf,第8章 再保険,8.2～8.3 再保険の目的・方式・非伝統的再保険,平成10～19年度追加分：問題文キーワードから教科書・公式資料へ初期対応。必要に応じて後続で小見出し単位に精密化。,5,8,H19G.pdf,p.2,2,5,exams/H19G.pdf#page=2,textbooks/hoken1-seiho_08.pdf#page=5,exams/H19G.pdf#page=5,,,,,,"[{""type"": ""教科書"", ""category"": ""教科書"", ""title"": ""第8章 再保険"", ""source"": ""hoken1-seiho_08.pdf"", ""usage"": ""8.2～8.3 再保険の目的・方式・非伝統的再保険"", ""url"": ""textbooks/hoken1-seiho_08.pdf#page=5"", ""reason"": ""平成10～19年度追加分の初期マッピング。問題文キーワードから対応章に紐づけ。"", ""pdf_page"": ""5"", ""internal_page"": ""8""}, {""id"": ""ACT-H19G"", ""category"": ""過去問原本"", ""title"": ""H19年度 生保1（問題）PDF p.2"", ""source"": ""日本アクチュアリー会"", ""usage"": ""問題原本の公式PDF。問題・解答の対応確認、PDF本文確認用。"", ""url"": ""https://www.actuaries.jp/lib/collection/books/H19/H19G.pdf#page=2"", ""type"": ""公式"", ""reason"": ""日本アクチュアリー会公開の過去問原本PDF。"", ""section_hint"": ""H19年度 生保1（問題） p.2"", ""excerpt"": ""この設問の問題文は、同会公開PDFの p.2 に対応。ローカル同梱PDFと同一内容の公式原本として確認可能。"", ""display_mode"": ""official_panel""}]",2,教科書：第8章 再保険 ／ 公式原本：日本アクチュアリー会 H19問題PDF p.2,,,https://www.actuaries.jp/lib/collection/books/H19/H19G.pdf#page=2
H19-Q2(3),H19,第Ⅰ部,問題2,(3),,標準生命表,選択,生保標準生命表2007 / 死亡保険用 / 作成方法 / 第三分野標 / 準生命表2007 / 生保標準生命表2007 / 死亡保険用 / 作成方法,知識型,医療保険・第三分野,4,S,hoken1-seiho_07.pdf,第7章 医療保険,7.3～7.5 医療保険・第三分野商品の基礎率とリスク管理,平成10～19年度追加分：問題文キーワードから教科書・公式資料へ初期対応。必要に応じて後続で小見出し単位に精密化。,5,7,H19G.pdf,p.2,2,7,exams/H19G.pdf#page=2,textbooks/hoken1-seiho_07.pdf#page=5,exams/H19G.pdf#page=7,,,,,,"[{""type"": ""教科書"", ""category"": ""教科書"", ""title"": ""第7章 医療保険"", ""source"": ""hoken1-seiho_07.pdf"", ""usage"": ""7.3～7.5 医療保険・第三分野商品の基礎率とリスク管理"", ""url"": ""textbooks/hoken1-seiho_07.pdf#page=5"", ""reason"": ""平成10～19年度追加分の初期マッピング。問題文キーワードから対応章に紐づけ。"", ""pdf_page"": ""5"", ""internal_page"": ""7""}, {""id"": ""ACT-H19G"", ""category"": ""過去問原本"", ""title"": ""H19年度 生保1（問題）PDF p.2"", ""source"": ""日本アクチュアリー会"", ""usage"": ""問題原本の公式PDF。問題・解答の対応確認、PDF本文確認用。"", ""url"": ""https://www.actuaries.jp/lib/collection/books/H19/H19G.pdf#page=2"", ""type"": ""公式"", ""reason"": ""日本アクチュアリー会公開の過去問原本PDF。"", ""section_hint"": ""H19年度 生保1（問題） p.2"", ""excerpt"": ""この設問の問題文は、同会公開PDFの p.2 に対応。ローカル同梱PDFと同一内容の公式原本として確認可能。"", ""display_mode"": ""official_panel""}]",2,教科書：第7章 医療保険 ／ 公式原本：日本アクチュアリー会 H19問題PDF p.2,,,https://www.actuaries.jp/lib/collection/books/H19/H19G.pdf#page=2
H19-Q3(1),H19,第Ⅰ部,問題3,(1),,予定利率,所見,営業保険料 / 営業保険料決定 / 十分性 / 標準責任準備金制度 / 営業保険料 / 予定利率 / 基本的 / 貯蓄性商品,所見型,営業保険料・料率設定,4,S,hoken1-seiho_01.pdf,第1章 営業保険料,1.2～1.5 営業保険料・計算基礎率・料率区分,平成10～19年度追加分：問題文キーワードから教科書・公式資料へ初期対応。必要に応じて後続で小見出し単位に精密化。,4,1,H19G.pdf,p.2,2,9,exams/H19G.pdf#page=2,textbooks/hoken1-seiho_01.pdf#page=4,exams/H19G.pdf#page=9,,,,,,"[{""type"": ""教科書"", ""category"": ""教科書"", ""title"": ""第1章 営業保険料"", ""source"": ""hoken1-seiho_01.pdf"", ""usage"": ""1.2～1.5 営業保険料・計算基礎率・料率区分"", ""url"": ""textbooks/hoken1-seiho_01.pdf#page=4"", ""reason"": ""平成10～19年度追加分の初期マッピング。問題文キーワードから対応章に紐づけ。"", ""pdf_page"": ""4"", ""internal_page"": ""1""}, {""id"": ""ACT-H19G"", ""category"": ""過去問原本"", ""title"": ""H19年度 生保1（問題）PDF p.2"", ""source"": ""日本アクチュアリー会"", ""usage"": ""問題原本の公式PDF。問題・解答の対応確認、PDF本文確認用。"", ""url"": ""https://www.actuaries.jp/lib/collection/books/H19/H19G.pdf#page=2"", ""type"": ""公式"", ""reason"": ""日本アクチュアリー会公開の過去問原本PDF。"", ""section_hint"": ""H19年度 生保1（問題） p.2"", ""excerpt"": ""この設問の問題文は、同会公開PDFの p.2 に対応。ローカル同梱PDFと同一内容の公式原本として確認可能。"", ""display_mode"": ""official_panel""}]",2,教科書：第1章 営業保険料 ／ 公式原本：日本アクチュアリー会 H19問題PDF p.2,,,https://www.actuaries.jp/lib/collection/books/H19/H19G.pdf#page=2
H19-Q3(2),H19,第Ⅰ部,問題3,(2),,商品毎収益検証,所見,商品毎収益検証 / 商品毎収益検証 / 目的及 / 解約率 / シナリオ / 解約率 / 解約率 / シナリオ,所見型,商品毎収益検証,4,S,hoken1-seiho_10.pdf,第10章 商品毎収益検証,10.2～10.11 商品毎収益検証の目的・モデル・指標・シナリオ,平成10～19年度追加分：問題文キーワードから教科書・公式資料へ初期対応。必要に応じて後続で小見出し単位に精密化。,8,10,H19G.pdf,p.2,2,11,exams/H19G.pdf#page=2,textbooks/hoken1-seiho_10.pdf#page=8,exams/H19G.pdf#page=11,,,,,,"[{""type"": ""教科書"", ""category"": ""教科書"", ""title"": ""第10章 商品毎収益検証"", ""source"": ""hoken1-seiho_10.pdf"", ""usage"": ""10.2～10.11 商品毎収益検証の目的・モデル・指標・シナリオ"", ""url"": ""textbooks/hoken1-seiho_10.pdf#page=8"", ""reason"": ""平成10～19年度追加分の初期マッピング。問題文キーワードから対応章に紐づけ。"", ""pdf_page"": ""8"", ""internal_page"": ""10""}, {""id"": ""ACT-H19G"", ""category"": ""過去問原本"", ""title"": ""H19年度 生保1（問題）PDF p.2"", ""source"": ""日本アクチュアリー会"", ""usage"": ""問題原本の公式PDF。問題・解答の対応確認、PDF本文確認用。"", ""url"": ""https://www.actuaries.jp/lib/collection/books/H19/H19G.pdf#page=2"", ""type"": ""公式"", ""reason"": ""日本アクチュアリー会公開の過去問原本PDF。"", ""section_hint"": ""H19年度 生保1（問題） p.2"", ""excerpt"": ""この設問の問題文は、同会公開PDFの p.2 に対応。ローカル同梱PDFと同一内容の公式原本として確認可能。"", ""display_mode"": ""official_panel""}]",2,教科書：第10章 商品毎収益検証 ／ 公式原本：日本アクチュアリー会 H19問題PDF p.2,,,https://www.actuaries.jp/lib/collection/books/H19/H19G.pdf#page=2
H20-Q1(1),H20,第Ⅰ部,問題1,(1),5,修正共同保険式再保険の決済・mod-co利率,語句記入,再保険料／出再保険受入手数料／修正共同保険準備金調整額／mod-co利率,知識型,再保険,3,S,hoken1-seiho_08.pdf,第8章 再保険 ＞ 8.3.3 修正共同保険式再保険,8.3.2 共同保険式再保険／8.2.4 伝統的再保険・非伝統的再保険,教科書リンクを小問テーマに近い見出しへ寄せ直し。関連：8.3.2 共同保険式再保険／8.2.4 伝統的再保険・非伝統的再保険,25,8-21,H20G.pdf,p.1,1,6,exams/H20G.pdf#page=1,textbooks/hoken1-seiho_08.pdf#page=25,exams/H20G.pdf#page=6,II-3-10 再保険に関するリスク管理,https://www.fsa.go.jp/common/law/guide/ins/02c.html#:~:text=II%20%EF%BC%8D%EF%BC%93%EF%BC%8D10%EF%BC%8D%EF%BC%91%20%E4%BF%9D%E6%9C%89%E3%83%BB%E5%87%BA%E5%86%8D%E3%81%AB%E9%96%A2%E3%81%99%E3%82%8B%E3%83%AA%E3%82%B9%E3%82%AF%E7%AE%A1%E7%90%86,,,1,"[{""type"": ""教科書"", ""category"": ""教科書"", ""title"": ""第8章 再保険 ＞ 8.3.3 修正共同保険式再保険"", ""source"": ""hoken1-seiho_08.pdf"", ""usage"": ""8.3.2 共同保険式再保険／8.2.4 伝統的再保険・非伝統的再保険"", ""url"": ""textbooks/hoken1-seiho_08.pdf#page=25"", ""reason"": ""教科書リンクを小問テーマに近い見出しへ寄せ直し。関連：8.3.2 共同保険式再保険／8.2.4 伝統的再保険・非伝統的再保険"", ""pdf_page"": ""25"", ""internal_page"": ""8-21""}, {""id"": ""OFF-04"", ""category"": ""監督指針"", ""title"": ""II-3-10 再保険に関するリスク管理"", ""source"": ""金融庁"", ""usage"": ""再保険リスク、再保険先管理、リスク移転の確認"", ""url"": ""https://www.fsa.go.jp/common/law/guide/ins/02c.html#:~:text=II%20%EF%BC%8D%EF%BC%93%EF%BC%8D10%EF%BC%8D%EF%BC%91%20%E4%BF%9D%E6%9C%89%E3%83%BB%E5%87%BA%E5%86%8D%E3%81%AB%E9%96%A2%E3%81%99%E3%82%8B%E3%83%AA%E3%82%B9%E3%82%AF%E7%AE%A1%E7%90%86"", ""type"": ""公式"", ""reason"": ""再保険リスク、再保険先管理、リスク移転の確認"", ""section_hint"": ""II－3－10 再保険に関するリスク管理"", ""excerpt"": ""保有するリスクの規模・集中度を出再を通じて適正に管理するため、保有・出再政策、保有限度額、再保険によるカバー状況などを確認する箇所。"", ""display_mode"": ""official_panel""}, {""id"": ""ACT-H20G"", ""category"": ""過去問原本"", ""title"": ""平成20年度 生保1（問題）PDF p.1"", ""source"": ""日本アクチュアリー会"", ""usage"": ""問題原本の公式PDF。問題・解答の対応確認、PDF本文確認用。"", ""url"": ""https://www.actuaries.jp/lib/collection/books/H20/H20G.pdf#page=1"", ""type"": ""公式"", ""reason"": ""日本アクチュアリー会公開の過去問原本PDF。"", ""section_hint"": ""平成20年度 生保1（問題） p.1"", ""excerpt"": ""この設問の問題文は、同会公開PDFの p.1 に対応。ローカル同梱PDFと同一内容の公式原本として確認可能。"", ""display_mode"": ""official_panel""}]",3,教科書：第8章 再保険 ＞ 8.3.3 修正共同保険式再保険 ／ 公式：II-3-10 再保険に関するリスク管理 ／ 公式原本：日本アクチュアリー会 H20問題PDF p.1,II－3－10 再保険に関するリスク管理,保有するリスクの規模・集中度を出再を通じて適正に管理するため、保有・出再政策、保有限度額、再保険によるカバー状況などを確認する箇所。,https://www.actuaries.jp/lib/collection/books/H20/H20G.pdf#page=1
H20-Q1(2),H20,第Ⅰ部,問題1,(2),5,団体定期保険の平均保険料率,説明,平均保険料率／総保険料／総保険金額／中途異動／公平性,知識型,団体生命保険,2,S,hoken1-seiho_06.pdf,第6章 団体生命保険 ＞ 6.6.2 平均保険料率,6.6.1 保険料／6.6.3 経験料率,教科書リンクを小問テーマに近い見出しへ寄せ直し。関連：6.6.1 保険料／6.6.3 経験料率,20,6-16,H20G.pdf,p.1,1,6,exams/H20G.pdf#page=1,textbooks/hoken1-seiho_06.pdf#page=20,exams/H20G.pdf#page=6,,,,,,"[{""type"": ""教科書"", ""category"": ""教科書"", ""title"": ""第6章 団体生命保険 ＞ 6.6.2 平均保険料率"", ""source"": ""hoken1-seiho_06.pdf"", ""usage"": ""6.6.1 保険料／6.6.3 経験料率"", ""url"": ""textbooks/hoken1-seiho_06.pdf#page=20"", ""reason"": ""教科書リンクを小問テーマに近い見出しへ寄せ直し。関連：6.6.1 保険料／6.6.3 経験料率"", ""pdf_page"": ""20"", ""internal_page"": ""6-16""}, {""id"": ""ACT-H20G"", ""category"": ""過去問原本"", ""title"": ""平成20年度 生保1（問題）PDF p.1"", ""source"": ""日本アクチュアリー会"", ""usage"": ""問題原本の公式PDF。問題・解答の対応確認、PDF本文確認用。"", ""url"": ""https://www.actuaries.jp/lib/collection/books/H20/H20G.pdf#page=1"", ""type"": ""公式"", ""reason"": ""日本アクチュアリー会公開の過去問原本PDF。"", ""section_hint"": ""平成20年度 生保1（問題） p.1"", ""excerpt"": ""この設問の問題文は、同会公開PDFの p.1 に対応。ローカル同梱PDFと同一内容の公式原本として確認可能。"", ""display_mode"": ""official_panel""}]",2,教科書：第6章 団体生命保険 ＞ 6.6.2 平均保険料率 ／ 公式原本：日本アクチュアリー会 H20問題PDF p.1,,,https://www.actuaries.jp/lib/collection/books/H20/H20G.pdf#page=1
H20-Q1(3),H20,第Ⅰ部,問題1,(3),5,解約返戻金計算基礎率の設定,説明,保険料計算基礎率／責任準備金計算基礎率／契約者価額／整合性,知識型,解約返戻金,3,A,hoken1-seiho_02.pdf,第2章 解約および解約返戻金 ＞ 2.2.2 解約返戻金に係る法規整,2.4 解約返戻金に関する視点／2.5 商品開発における留意事項,教科書リンクを小問テーマに近い見出しへ寄せ直し。関連：2.4 解約返戻金に関する視点／2.5 商品開発における留意事項,14,2-8,H20G.pdf,p.1,1,6,exams/H20G.pdf#page=1,textbooks/hoken1-seiho_02.pdf#page=14,exams/H20G.pdf#page=6,IV-5-3 契約者価額,https://www.fsa.go.jp/common/law/guide/ins/04.html#:~:text=IV%20%EF%BC%8D%EF%BC%95%EF%BC%8D%EF%BC%93%20%E5%A5%91%E7%B4%84%E8%80%85%E4%BE%A1%E9%A1%8D,,,1,"[{""type"": ""教科書"", ""category"": ""教科書"", ""title"": ""第2章 解約および解約返戻金 ＞ 2.2.2 解約返戻金に係る法規整"", ""source"": ""hoken1-seiho_02.pdf"", ""usage"": ""2.4 解約返戻金に関する視点／2.5 商品開発における留意事項"", ""url"": ""textbooks/hoken1-seiho_02.pdf#page=14"", ""reason"": ""教科書リンクを小問テーマに近い見出しへ寄せ直し。関連：2.4 解約返戻金に関する視点／2.5 商品開発における留意事項"", ""pdf_page"": ""14"", ""internal_page"": ""2-8""}, {""id"": ""OFF-16"", ""category"": ""監督指針"", ""title"": ""IV-5-3 契約者価額"", ""source"": ""金融庁"", ""usage"": ""解約返戻金、契約者価額、MVA、市場価格調整"", ""url"": ""https://www.fsa.go.jp/common/law/guide/ins/04.html#:~:text=IV%20%EF%BC%8D%EF%BC%95%EF%BC%8D%EF%BC%93%20%E5%A5%91%E7%B4%84%E8%80%85%E4%BE%A1%E9%A1%8D"", ""type"": ""公式"", ""reason"": ""解約返戻金、契約者価額、MVA、市場価格調整"", ""section_hint"": ""IV－5－3 契約者価額"", ""excerpt"": ""解約返戻金は支出した事業費・投資上の損失・保険設計上の仕組み等に照らして合理的かつ妥当か、MVA係数はリスク管理や取引費用との整合性から妥当かを確認する箇所。"", ""display_mode"": ""official_panel""}, {""id"": ""ACT-H20G"", ""category"": ""過去問原本"", ""title"": ""平成20年度 生保1（問題）PDF p.1"", ""source"": ""日本アクチュアリー会"", ""usage"": ""問題原本の公式PDF。問題・解答の対応確認、PDF本文確認用。"", ""url"": ""https://www.actuaries.jp/lib/collection/books/H20/H20G.pdf#page=1"", ""type"": ""公式"", ""reason"": ""日本アクチュアリー会公開の過去問原本PDF。"", ""section_hint"": ""平成20年度 生保1（問題） p.1"", ""excerpt"": ""この設問の問題文は、同会公開PDFの p.1 に対応。ローカル同梱PDFと同一内容の公式原本として確認可能。"", ""display_mode"": ""official_panel""}]",3,教科書：第2章 解約および解約返戻金 ＞ 2.2.2 解約返戻金に係る法規整 ／ 公式：IV-5-3 契約者価額 ／ 公式原本：日本アクチュアリー会 H20問題PDF p.1,IV－5－3 契約者価額,解約返戻金は支出した事業費・投資上の損失・保険設計上の仕組み等に照らして合理的かつ妥当か、MVA係数はリスク管理や取引費用との整合性から妥当かを確認する箇所。,https://www.actuaries.jp/lib/collection/books/H20/H20G.pdf#page=1
H20-Q2(1),H20,第Ⅰ部,問題2,(1),19,商品毎収益検証の利源別分析,分析・説明,プロフィット・マージン／費差益／利差益／死差益／責準繰入／解約差益,計算型,商品毎収益検証,5,S,hoken1-seiho_10.pdf,第10章 商品毎収益検証 ＞ 10.9.1 プロフィット・マージン,10.2 商品毎収益検証の目的／10.10 モデルの構築,教科書リンクを小問テーマに近い見出しへ寄せ直し。関連：10.2 商品毎収益検証の目的／10.10 モデルの構築,54,10-48,H20G.pdf,p.2,2,7,exams/H20G.pdf#page=2,textbooks/hoken1-seiho_10.pdf#page=54,exams/H20G.pdf#page=7,,,,,,"[{""type"": ""教科書"", ""category"": ""教科書"", ""title"": ""第10章 商品毎収益検証 ＞ 10.9.1 プロフィット・マージン"", ""source"": ""hoken1-seiho_10.pdf"", ""usage"": ""10.2 商品毎収益検証の目的／10.10 モデルの構築"", ""url"": ""textbooks/hoken1-seiho_10.pdf#page=54"", ""reason"": ""教科書リンクを小問テーマに近い見出しへ寄せ直し。関連：10.2 商品毎収益検証の目的／10.10 モデルの構築"", ""pdf_page"": ""54"", ""internal_page"": ""10-48""}, {""id"": ""ACT-H20G"", ""category"": ""過去問原本"", ""title"": ""平成20年度 生保1（問題）PDF p.2"", ""source"": ""日本アクチュアリー会"", ""usage"": ""問題原本の公式PDF。問題・解答の対応確認、PDF本文確認用。"", ""url"": ""https://www.actuaries.jp/lib/collection/books/H20/H20G.pdf#page=2"", ""type"": ""公式"", ""reason"": ""日本アクチュアリー会公開の過去問原本PDF。"", ""section_hint"": ""平成20年度 生保1（問題） p.2"", ""excerpt"": ""この設問の問題文は、同会公開PDFの p.2 に対応。ローカル同梱PDFと同一内容の公式原本として確認可能。"", ""display_mode"": ""official_panel""}]",2,教科書：第10章 商品毎収益検証 ＞ 10.9.1 プロフィット・マージン ／ 公式原本：日本アクチュアリー会 H20問題PDF p.2,,,https://www.actuaries.jp/lib/collection/books/H20/H20G.pdf#page=2
H20-Q2(2),H20,第Ⅰ部,問題2,(2),?,アキュムレーション方式による営業保険料設定,計算,Hoskings method／アセット・シェア／最終利益目標額／ポアソン分布,計算型,アセット・シェア,4,A,hoken1-seiho_03.pdf,第3章 アセット・シェア ＞ 3.3.1 料率設定への活用,3.2 アセット・シェア計算の原理,教科書リンクを小問テーマに近い見出しへ寄せ直し。関連：3.2 アセット・シェア計算の原理,25,3-21,H20G.pdf,p.4,4,8,exams/H20G.pdf#page=4,textbooks/hoken1-seiho_03.pdf#page=25,exams/H20G.pdf#page=8,,,,,,"[{""type"": ""教科書"", ""category"": ""教科書"", ""title"": ""第3章 アセット・シェア ＞ 3.3.1 料率設定への活用"", ""source"": ""hoken1-seiho_03.pdf"", ""usage"": ""3.2 アセット・シェア計算の原理"", ""url"": ""textbooks/hoken1-seiho_03.pdf#page=25"", ""reason"": ""教科書リンクを小問テーマに近い見出しへ寄せ直し。関連：3.2 アセット・シェア計算の原理"", ""pdf_page"": ""25"", ""internal_page"": ""3-21""}, {""id"": ""ACT-H20G"", ""category"": ""過去問原本"", ""title"": ""平成20年度 生保1（問題）PDF p.4"", ""source"": ""日本アクチュアリー会"", ""usage"": ""問題原本の公式PDF。問題・解答の対応確認、PDF本文確認用。"", ""url"": ""https://www.actuaries.jp/lib/collection/books/H20/H20G.pdf#page=4"", ""type"": ""公式"", ""reason"": ""日本アクチュアリー会公開の過去問原本PDF。"", ""section_hint"": ""平成20年度 生保1（問題） p.4"", ""excerpt"": ""この設問の問題文は、同会公開PDFの p.4 に対応。ローカル同梱PDFと同一内容の公式原本として確認可能。"", ""display_mode"": ""official_panel""}]",2,教科書：第3章 アセット・シェア ＞ 3.3.1 料率設定への活用 ／ 公式原本：日本アクチュアリー会 H20問題PDF p.4,,,https://www.actuaries.jp/lib/collection/books/H20/H20G.pdf#page=4
H20-Q3(1),H20,第Ⅰ部,問題3,(1),?,優良体保険導入時の留意点,説明,優良体割合／既契約への影響／料率細分化／査定トラブル,知識型,危険選択・料率細分化,3,S,hoken1-seiho_01.pdf,第1章 営業保険料 ＞ 1.5.3 保険料率の区分にあたって留意すべき事項,4.4.4 危険選択（アンダーライティング）,教科書リンクを小問テーマに近い見出しへ寄せ直し。関連：4.4.4 危険選択（アンダーライティング）,26,1-24,H20G.pdf,p.5,5,9,exams/H20G.pdf#page=5,textbooks/hoken1-seiho_01.pdf#page=26,exams/H20G.pdf#page=9,IV-1-4 危険選択,https://www.fsa.go.jp/common/law/guide/ins/04.html#:~:text=IV%20%EF%BC%8D%EF%BC%91%EF%BC%8D%EF%BC%94%20%E5%8D%B1%E9%99%BA%E9%81%B8%E6%8A%9E,IV-5-1 保険料,https://www.fsa.go.jp/common/law/guide/ins/04.html#:~:text=IV%20%EF%BC%8D%EF%BC%95%EF%BC%8D%EF%BC%91%20%E4%BF%9D%E9%99%BA%E6%96%99,2,"[{""type"": ""教科書"", ""category"": ""教科書"", ""title"": ""第1章 営業保険料 ＞ 1.5.3 保険料率の区分にあたって留意すべき事項"", ""source"": ""hoken1-seiho_01.pdf"", ""usage"": ""4.4.4 危険選択（アンダーライティング）"", ""url"": ""textbooks/hoken1-seiho_01.pdf#page=26"", ""reason"": ""教科書リンクを小問テーマに近い見出しへ寄せ直し。関連：4.4.4 危険選択（アンダーライティング）"", ""pdf_page"": ""26"", ""internal_page"": ""1-24""}, {""id"": ""OFF-08"", ""category"": ""監督指針"", ""title"": ""IV-1-4 危険選択"", ""source"": ""金融庁"", ""usage"": ""危険選択、告知項目、引受範囲に関する商品審査"", ""url"": ""https://www.fsa.go.jp/common/law/guide/ins/04.html#:~:text=IV%20%EF%BC%8D%EF%BC%91%EF%BC%8D%EF%BC%94%20%E5%8D%B1%E9%99%BA%E9%81%B8%E6%8A%9E"", ""type"": ""公式"", ""reason"": ""危険選択、告知項目、引受範囲に関する商品審査"", ""section_hint"": ""IV－1－4 危険選択"", ""excerpt"": ""被保険者の健康状態等に係る身体的危険、職業等に係る環境的危険を適切に選択する方策、モラルリスク排除、無選択型商品の逆選択対応を確認する箇所。"", ""display_mode"": ""official_panel""}, {""id"": ""OFF-14"", ""category"": ""監督指針"", ""title"": ""IV-5-1 保険料"", ""source"": ""金融庁"", ""usage"": ""保険料・付加保険料・料率区分・割増引制度"", ""url"": ""https://www.fsa.go.jp/common/law/guide/ins/04.html#:~:text=IV%20%EF%BC%8D%EF%BC%95%EF%BC%8D%EF%BC%91%20%E4%BF%9D%E9%99%BA%E6%96%99"", ""type"": ""公式"", ""reason"": ""保険料・付加保険料・料率区分・割増引制度"", ""section_hint"": ""IV－5－1 保険料"", ""excerpt"": ""保険料の算出方法について、十分性・公平性等を考慮して合理的かつ妥当か、不当な差別的扱いがないか、予定発生率等が基礎データに基づくかを確認する箇所。"", ""display_mode"": ""official_panel""}, {""id"": ""ACT-H20G"", ""category"": ""過去問原本"", ""title"": ""平成20年度 生保1（問題）PDF p.5"", ""source"": ""日本アクチュアリー会"", ""usage"": ""問題原本の公式PDF。問題・解答の対応確認、PDF本文確認用。"", ""url"": ""https://www.actuaries.jp/lib/collection/books/H20/H20G.pdf#page=5"", ""type"": ""公式"", ""reason"": ""日本アクチュアリー会公開の過去問原本PDF。"", ""section_hint"": ""平成20年度 生保1（問題） p.5"", ""excerpt"": ""この設問の問題文は、同会公開PDFの p.5 に対応。ローカル同梱PDFと同一内容の公式原本として確認可能。"", ""display_mode"": ""official_panel""}]",4,教科書：第1章 営業保険料 ＞ 1.5.3 保険料率の区分にあたって留意すべき事項 ／ 公式：IV-1-4 危険選択 ／ 公式：IV-5-1 保険料 ／ 公式原本：日本アクチュアリー会 H20問題PDF p.5,IV－1－4 危険選択,被保険者の健康状態等に係る身体的危険、職業等に係る環境的危険を適切に選択する方策、モラルリスク排除、無選択型商品の逆選択対応を確認する箇所。,https://www.actuaries.jp/lib/collection/books/H20/H20G.pdf#page=5
H20-Q3(2),H20,第Ⅰ部,問題3,(2),?,医療保険の解約返戻金と死亡保障の関係,説明,トンチン性／解約返戻金上限／予定解約率／死亡保障引上げ,複合型,医療保険・解約返戻金,4,A,hoken1-seiho_07.pdf,第7章 医療保険 ＞ 7.3.3 死亡保障 ＞ 7.3.4 死亡率を保険料計算の基礎に用いる場合の留意点,7.5 医療保険の責任準備金等／2.4 解約返戻金に関する視点,教科書リンクを小問テーマに近い見出しへ寄せ直し。関連：7.5 医療保険の責任準備金等／2.4 解約返戻金に関する視点,15,7-11,H20G.pdf,p.5,5,9,exams/H20G.pdf#page=5,textbooks/hoken1-seiho_07.pdf#page=15,exams/H20G.pdf#page=9,,,,,,"[{""type"": ""教科書"", ""category"": ""教科書"", ""title"": ""第7章 医療保険 ＞ 7.3.3 死亡保障 ＞ 7.3.4 死亡率を保険料計算の基礎に用いる場合の留意点"", ""source"": ""hoken1-seiho_07.pdf"", ""usage"": ""7.5 医療保険の責任準備金等／2.4 解約返戻金に関する視点"", ""url"": ""textbooks/hoken1-seiho_07.pdf#page=15"", ""reason"": ""教科書リンクを小問テーマに近い見出しへ寄せ直し。関連：7.5 医療保険の責任準備金等／2.4 解約返戻金に関する視点"", ""pdf_page"": ""15"", ""internal_page"": ""7-11""}, {""id"": ""ACT-H20G"", ""category"": ""過去問原本"", ""title"": ""平成20年度 生保1（問題）PDF p.5"", ""source"": ""日本アクチュアリー会"", ""usage"": ""問題原本の公式PDF。問題・解答の対応確認、PDF本文確認用。"", ""url"": ""https://www.actuaries.jp/lib/collection/books/H20/H20G.pdf#page=5"", ""type"": ""公式"", ""reason"": ""日本アクチュアリー会公開の過去問原本PDF。"", ""section_hint"": ""平成20年度 生保1（問題） p.5"", ""excerpt"": ""この設問の問題文は、同会公開PDFの p.5 に対応。ローカル同梱PDFと同一内容の公式原本として確認可能。"", ""display_mode"": ""official_panel""}]",2,教科書：第7章 医療保険 ＞ 7.3.3 死亡保障 ＞ 7.3.4 死亡率を保険料計算の基礎に用いる場合の留意点 ／ 公式原本：日本アクチュアリー会 H20問題PDF p.5,,,https://www.actuaries.jp/lib/collection/books/H20/H20G.pdf#page=5
H20-Q3(3),H20,第Ⅰ部,問題3,(3),?,契約者貸付利率の水準設定,説明,市中金利／予定利率／利差配当／失効消滅／事業費,知識型,解約返戻金,3,B,hoken1-seiho_02.pdf,第2章 解約および解約返戻金 ＞ 2.4.1 健全性 ＞ 2.4.2 公平性,1.4.3 予定利率,教科書リンクを小問テーマに近い見出しへ寄せ直し。関連：1.4.3 予定利率,20,2-14,H20G.pdf,p.5,5,10,exams/H20G.pdf#page=5,textbooks/hoken1-seiho_02.pdf#page=20,exams/H20G.pdf#page=10,,,,,,"[{""type"": ""教科書"", ""category"": ""教科書"", ""title"": ""第2章 解約および解約返戻金 ＞ 2.4.1 健全性 ＞ 2.4.2 公平性"", ""source"": ""hoken1-seiho_02.pdf"", ""usage"": ""1.4.3 予定利率"", ""url"": ""textbooks/hoken1-seiho_02.pdf#page=20"", ""reason"": ""教科書リンクを小問テーマに近い見出しへ寄せ直し。関連：1.4.3 予定利率"", ""pdf_page"": ""20"", ""internal_page"": ""2-14""}, {""id"": ""ACT-H20G"", ""category"": ""過去問原本"", ""title"": ""平成20年度 生保1（問題）PDF p.5"", ""source"": ""日本アクチュアリー会"", ""usage"": ""問題原本の公式PDF。問題・解答の対応確認、PDF本文確認用。"", ""url"": ""https://www.actuaries.jp/lib/collection/books/H20/H20G.pdf#page=5"", ""type"": ""公式"", ""reason"": ""日本アクチュアリー会公開の過去問原本PDF。"", ""section_hint"": ""平成20年度 生保1（問題） p.5"", ""excerpt"": ""この設問の問題文は、同会公開PDFの p.5 に対応。ローカル同梱PDFと同一内容の公式原本として確認可能。"", ""display_mode"": ""official_panel""}]",2,教科書：第2章 解約および解約返戻金 ＞ 2.4.1 健全性 ＞ 2.4.2 公平性 ／ 公式原本：日本アクチュアリー会 H20問題PDF p.5,,,https://www.actuaries.jp/lib/collection/books/H20/H20G.pdf#page=5
H20-Q4(1),H20,第Ⅱ部,問題4,(1),40,販売チャネル別の営業保険料率・付加保険料設定,所見論述,付加保険料／αβγ方式／通信販売チャネル／費用主義／公平性,所見型,営業保険料・販売チャネル,5,S,hoken1-seiho_01.pdf,第1章 営業保険料 ＞ 1.4.4 予定事業費率,4.4.3 販売経路（営業、募集）／1.5 保険料の細分化,教科書リンクを小問テーマに近い見出しへ寄せ直し。関連：4.4.3 販売経路（営業、募集）／1.5 保険料の細分化,16,1-14,H20G.pdf,p.5,5,12,exams/H20G.pdf#page=5,textbooks/hoken1-seiho_01.pdf#page=16,exams/H20G.pdf#page=12,IV-5-1 保険料,https://www.fsa.go.jp/common/law/guide/ins/04.html#:~:text=IV%20%EF%BC%8D%EF%BC%95%EF%BC%8D%EF%BC%91%20%E4%BF%9D%E9%99%BA%E6%96%99,IV-1-13 インターネットによる商品販売の取扱い,https://www.fsa.go.jp/common/law/guide/ins/04.html#:~:text=IV%20%EF%BC%8D%EF%BC%91%EF%BC%8D13%20%E3%82%A4%E3%83%B3%E3%82%BF%E3%83%BC%E3%83%8D%E3%83%83%E3%83%88%E3%81%AB%E3%82%88%E3%82%8B%E5%95%86%E5%93%81%E8%B2%A9%E5%A3%B2%E3%81%AE%E5%8F%96%E6%89%B1%E3%81%84,2,"[{""type"": ""教科書"", ""category"": ""教科書"", ""title"": ""第1章 営業保険料 ＞ 1.4.4 予定事業費率"", ""source"": ""hoken1-seiho_01.pdf"", ""usage"": ""4.4.3 販売経路（営業、募集）／1.5 保険料の細分化"", ""url"": ""textbooks/hoken1-seiho_01.pdf#page=16"", ""reason"": ""教科書リンクを小問テーマに近い見出しへ寄せ直し。関連：4.4.3 販売経路（営業、募集）／1.5 保険料の細分化"", ""pdf_page"": ""16"", ""internal_page"": ""1-14""}, {""id"": ""OFF-14"", ""category"": ""監督指針"", ""title"": ""IV-5-1 保険料"", ""source"": ""金融庁"", ""usage"": ""保険料・付加保険料・料率区分・割増引制度"", ""url"": ""https://www.fsa.go.jp/common/law/guide/ins/04.html#:~:text=IV%20%EF%BC%8D%EF%BC%95%EF%BC%8D%EF%BC%91%20%E4%BF%9D%E9%99%BA%E6%96%99"", ""type"": ""公式"", ""reason"": ""保険料・付加保険料・料率区分・割増引制度"", ""section_hint"": ""IV－5－1 保険料"", ""excerpt"": ""保険料の算出方法について、十分性・公平性等を考慮して合理的かつ妥当か、不当な差別的扱いがないか、予定発生率等が基礎データに基づくかを確認する箇所。"", ""display_mode"": ""official_panel""}, {""id"": ""OFF-10"", ""category"": ""監督指針"", ""title"": ""IV-1-13 インターネットによる商品販売の取扱い"", ""source"": ""金融庁"", ""usage"": ""通信販売・インターネット販売チャネルの留意点"", ""url"": ""https://www.fsa.go.jp/common/law/guide/ins/04.html#:~:text=IV%20%EF%BC%8D%EF%BC%91%EF%BC%8D13%20%E3%82%A4%E3%83%B3%E3%82%BF%E3%83%BC%E3%83%8D%E3%83%83%E3%83%88%E3%81%AB%E3%82%88%E3%82%8B%E5%95%86%E5%93%81%E8%B2%A9%E5%A3%B2%E3%81%AE%E5%8F%96%E6%89%B1%E3%81%84"", ""type"": ""公式"", ""reason"": ""通信販売・インターネット販売チャネルの留意点"", ""section_hint"": ""IV－1－13 インターネットによる商品販売の取扱い"", ""excerpt"": ""インターネット販売・通信販売における商品説明、本人確認、申込意思確認等の留意点。"", ""display_mode"": ""official_panel""}, {""id"": ""ACT-H20G"", ""category"": ""過去問原本"", ""title"": ""平成20年度 生保1（問題）PDF p.5"", ""source"": ""日本アクチュアリー会"", ""usage"": ""問題原本の公式PDF。問題・解答の対応確認、PDF本文確認用。"", ""url"": ""https://www.actuaries.jp/lib/collection/books/H20/H20G.pdf#page=5"", ""type"": ""公式"", ""reason"": ""日本アクチュアリー会公開の過去問原本PDF。"", ""section_hint"": ""平成20年度 生保1（問題） p.5"", ""excerpt"": ""この設問の問題文は、同会公開PDFの p.5 に対応。ローカル同梱PDFと同一内容の公式原本として確認可能。"", ""display_mode"": ""official_panel""}]",4,教科書：第1章 営業保険料 ＞ 1.4.4 予定事業費率 ／ 公式：IV-5-1 保険料 ／ 公式：IV-1-13 インターネットによる商品販売の取扱い ／ 公式原本：日本アクチュアリー会 H20問題PDF p.5,IV－5－1 保険料,保険料の算出方法について、十分性・公平性等を考慮して合理的かつ妥当か、不当な差別的扱いがないか、予定発生率等が基礎データに基づくかを確認する箇所。,https://www.actuaries.jp/lib/collection/books/H20/H20G.pdf#page=5
H20-Q4(2),H20,第Ⅱ部,問題4,(2),40,医療保険の商品開発・リスク管理,所見論述,モラルリスク／予定発生率／医療技術／商品設計／基礎率設定,所見型,医療保険・商品開発,5,S,hoken1-seiho_07.pdf,第7章 医療保険 ＞ 7.4.1.4 予定発生率および予定入院日数などの設定の留意点,7.3 医療保険の代表的保障内容／4.2 商品開発プロセス,教科書リンクを小問テーマに近い見出しへ寄せ直し。関連：7.3 医療保険の代表的保障内容／4.2 商品開発プロセス,20,7-16,H20G.pdf,p.5,5,17,exams/H20G.pdf#page=5,textbooks/hoken1-seiho_07.pdf#page=20,exams/H20G.pdf#page=17,,,,,,"[{""type"": ""教科書"", ""category"": ""教科書"", ""title"": ""第7章 医療保険 ＞ 7.4.1.4 予定発生率および予定入院日数などの設定の留意点"", ""source"": ""hoken1-seiho_07.pdf"", ""usage"": ""7.3 医療保険の代表的保障内容／4.2 商品開発プロセス"", ""url"": ""textbooks/hoken1-seiho_07.pdf#page=20"", ""reason"": ""教科書リンクを小問テーマに近い見出しへ寄せ直し。関連：7.3 医療保険の代表的保障内容／4.2 商品開発プロセス"", ""pdf_page"": ""20"", ""internal_page"": ""7-16""}, {""id"": ""ACT-H20G"", ""category"": ""過去問原本"", ""title"": ""平成20年度 生保1（問題）PDF p.5"", ""source"": ""日本アクチュアリー会"", ""usage"": ""問題原本の公式PDF。問題・解答の対応確認、PDF本文確認用。"", ""url"": ""https://www.actuaries.jp/lib/collection/books/H20/H20G.pdf#page=5"", ""type"": ""公式"", ""reason"": ""日本アクチュアリー会公開の過去問原本PDF。"", ""section_hint"": ""平成20年度 生保1（問題） p.5"", ""excerpt"": ""この設問の問題文は、同会公開PDFの p.5 に対応。ローカル同梱PDFと同一内容の公式原本として確認可能。"", ""display_mode"": ""official_panel""}]",2,教科書：第7章 医療保険 ＞ 7.4.1.4 予定発生率および予定入院日数などの設定の留意点 ／ 公式原本：日本アクチュアリー会 H20問題PDF p.5,,,https://www.actuaries.jp/lib/collection/books/H20/H20G.pdf#page=5
H21-Q1(1),H21,第Ⅰ部,問題1,(1),?,財務再保険・保険リスク証券化,語句記入,財務再保険／収益認識／預かり金／Catボンド／SPC,知識型,再保険,3,S,hoken1-seiho_08.pdf,第8章 再保険 ＞ 8.4.2 証券化,8.2.4 伝統的再保険・非伝統的再保険／8.4.3 ファイナイト・リスク保険,教科書リンクを小問テーマに近い見出しへ寄せ直し。関連：8.2.4 伝統的再保険・非伝統的再保険／8.4.3 ファイナイト・リスク保険,35,8-31,H21G.pdf,p.1,1,6,exams/H21G.pdf#page=1,textbooks/hoken1-seiho_08.pdf#page=35,exams/H21G.pdf#page=6,保険業法施行規則 第71条 / 大蔵省告示第233号（財務再保険）,https://laws.e-gov.go.jp/law/408M50000040005#Mp-At_71,II-3-10 再保険に関するリスク管理,https://www.fsa.go.jp/common/law/guide/ins/02c.html#:~:text=II%20%EF%BC%8D%EF%BC%93%EF%BC%8D10%EF%BC%8D%EF%BC%91%20%E4%BF%9D%E6%9C%89%E3%83%BB%E5%87%BA%E5%86%8D%E3%81%AB%E9%96%A2%E3%81%99%E3%82%8B%E3%83%AA%E3%82%B9%E3%82%AF%E7%AE%A1%E7%90%86,2,"[{""type"": ""教科書"", ""category"": ""教科書"", ""title"": ""第8章 再保険 ＞ 8.4.2 証券化"", ""source"": ""hoken1-seiho_08.pdf"", ""usage"": ""8.2.4 伝統的再保険・非伝統的再保険／8.4.3 ファイナイト・リスク保険"", ""url"": ""textbooks/hoken1-seiho_08.pdf#page=35"", ""reason"": ""教科書リンクを小問テーマに近い見出しへ寄せ直し。関連：8.2.4 伝統的再保険・非伝統的再保険／8.4.3 ファイナイト・リスク保険"", ""pdf_page"": ""35"", ""internal_page"": ""8-31""}, {""id"": ""OFF-27"", ""category"": ""法令"", ""title"": ""保険業法施行規則 第71条 / 大蔵省告示第233号（財務再保険）"", ""source"": ""e-Gov法令検索・金融庁告示関連"", ""usage"": ""財務再保険、収益認識、預り金処理、修正共同保険式再保険"", ""url"": ""https://laws.e-gov.go.jp/law/408M50000040005#Mp-At_71"", ""type"": ""公式"", ""reason"": ""財務再保険、収益認識、預り金処理、修正共同保険式再保険"", ""section_hint"": ""保険業法施行規則 第71条／財務再保険"", ""excerpt"": ""責任準備金を積み立てない保険契約等の取扱い、財務再保険・大蔵省告示第233号に関連する確認先。"", ""display_mode"": ""official_panel""}, {""id"": ""OFF-04"", ""category"": ""監督指針"", ""title"": ""II-3-10 再保険に関するリスク管理"", ""source"": ""金融庁"", ""usage"": ""再保険リスク、再保険先管理、リスク移転の確認"", ""url"": ""https://www.fsa.go.jp/common/law/guide/ins/02c.html#:~:text=II%20%EF%BC%8D%EF%BC%93%EF%BC%8D10%EF%BC%8D%EF%BC%91%20%E4%BF%9D%E6%9C%89%E3%83%BB%E5%87%BA%E5%86%8D%E3%81%AB%E9%96%A2%E3%81%99%E3%82%8B%E3%83%AA%E3%82%B9%E3%82%AF%E7%AE%A1%E7%90%86"", ""type"": ""公式"", ""reason"": ""再保険リスク、再保険先管理、リスク移転の確認"", ""section_hint"": ""II－3－10 再保険に関するリスク管理"", ""excerpt"": ""保有するリスクの規模・集中度を出再を通じて適正に管理するため、保有・出再政策、保有限度額、再保険によるカバー状況などを確認する箇所。"", ""display_mode"": ""official_panel""}]",3,教科書：第8章 再保険 ＞ 8.4.2 証券化 ／ 公式：保険業法施行規則 第71条 / 大蔵省告示第233号（財務再保険） ／ 公式：II-3-10 再保険に関するリスク管理,保険業法施行規則 第71条／財務再保険,責任準備金を積み立てない保険契約等の取扱い、財務再保険・大蔵省告示第233号に関連する確認先。,
H21-Q1(2),H21,第Ⅰ部,問題1,(2),?,重大疾病保障保険の商品設計・予定発生率,説明,重大疾病／客観的診断／データ十分性／逆選択／予定発生率,知識型,医療保険,3,A,hoken1-seiho_07.pdf,第7章 医療保険 ＞ 7.4.1.4 予定発生率および予定入院日数などの設定の留意点,7.3 医療保険の代表的保障内容,教科書リンクを小問テーマに近い見出しへ寄せ直し。関連：7.3 医療保険の代表的保障内容,20,7-16,H21G.pdf,p.1,1,6,exams/H21G.pdf#page=1,textbooks/hoken1-seiho_07.pdf#page=20,exams/H21G.pdf#page=6,,,,,,"[{""type"": ""教科書"", ""category"": ""教科書"", ""title"": ""第7章 医療保険 ＞ 7.4.1.4 予定発生率および予定入院日数などの設定の留意点"", ""source"": ""hoken1-seiho_07.pdf"", ""usage"": ""7.3 医療保険の代表的保障内容"", ""url"": ""textbooks/hoken1-seiho_07.pdf#page=20"", ""reason"": ""教科書リンクを小問テーマに近い見出しへ寄せ直し。関連：7.3 医療保険の代表的保障内容"", ""pdf_page"": ""20"", ""internal_page"": ""7-16""}]",1,教科書：第7章 医療保険 ＞ 7.4.1.4 予定発生率および予定入院日数などの設定の留意点,,,
H21-Q1(3),H21,第Ⅰ部,問題1,(3),?,終身保険の商品毎収益検証・利源分解,計算,当期利益／費差益／死差益／利差益／責任準備金繰入差額,計算型,商品毎収益検証,5,S,hoken1-seiho_10.pdf,第10章 商品毎収益検証 ＞ 10.9.1 プロフィット・マージン,10.10 モデルの構築,教科書リンクを小問テーマに近い見出しへ寄せ直し。関連：10.10 モデルの構築,54,10-48,H21G.pdf,p.2,2,6,exams/H21G.pdf#page=2,textbooks/hoken1-seiho_10.pdf#page=54,exams/H21G.pdf#page=6,,,,,,"[{""type"": ""教科書"", ""category"": ""教科書"", ""title"": ""第10章 商品毎収益検証 ＞ 10.9.1 プロフィット・マージン"", ""source"": ""hoken1-seiho_10.pdf"", ""usage"": ""10.10 モデルの構築"", ""url"": ""textbooks/hoken1-seiho_10.pdf#page=54"", ""reason"": ""教科書リンクを小問テーマに近い見出しへ寄せ直し。関連：10.10 モデルの構築"", ""pdf_page"": ""54"", ""internal_page"": ""10-48""}]",1,教科書：第10章 商品毎収益検証 ＞ 10.9.1 プロフィット・マージン,,,
H21-Q1(4),H21,第Ⅰ部,問題1,(4),?,団体生命保険の配当率算定,説明・算式,配当率／団体規模／死差益／死差損／剰余金に対する費用,計算型,団体生命保険,4,S,hoken1-seiho_06.pdf,第6章 団体生命保険 ＞ 6.7 配当,6.6.3 経験料率／6.6.4 経験体割引,教科書リンクを小問テーマに近い見出しへ寄せ直し。関連：6.6.3 経験料率／6.6.4 経験体割引,26,6-22,H21G.pdf,p.3,3,7,exams/H21G.pdf#page=3,textbooks/hoken1-seiho_06.pdf#page=26,exams/H21G.pdf#page=7,,,,,,"[{""type"": ""教科書"", ""category"": ""教科書"", ""title"": ""第6章 団体生命保険 ＞ 6.7 配当"", ""source"": ""hoken1-seiho_06.pdf"", ""usage"": ""6.6.3 経験料率／6.6.4 経験体割引"", ""url"": ""textbooks/hoken1-seiho_06.pdf#page=26"", ""reason"": ""教科書リンクを小問テーマに近い見出しへ寄せ直し。関連：6.6.3 経験料率／6.6.4 経験体割引"", ""pdf_page"": ""26"", ""internal_page"": ""6-22""}]",1,教科書：第6章 団体生命保険 ＞ 6.7 配当,,,
H21-Q2(1),H21,第Ⅰ部,問題2,(1),10,第三分野保険の基礎率変更権行使基準,説明,基礎率変更権／予定発生率／実績発生率／監督指針／契約者保護,知識型,医療保険,3,S,hoken1-seiho_07.pdf,第7章 医療保険 ＞ 7.6.1 基礎率変更権の設定について,7.6.2 基礎率変更権を行使する認可申請の取扱い,教科書リンクを小問テーマに近い見出しへ寄せ直し。関連：7.6.2 基礎率変更権を行使する認可申請の取扱い,36,7-32,H21G.pdf,p.4,4,8,exams/H21G.pdf#page=4,textbooks/hoken1-seiho_07.pdf#page=36,exams/H21G.pdf#page=8,IV-4 第三分野,https://www.fsa.go.jp/common/law/guide/ins/04.html#:~:text=IV%20%EF%BC%8D%EF%BC%94%EF%BC%8D%EF%BC%91%20%E5%9F%BA%E7%A4%8E%E7%8E%87%E5%A4%89%E6%9B%B4%E6%A8%A9%E3%81%AE%E8%A8%AD%E5%AE%9A%E3%81%AB%E3%81%A4%E3%81%84%E3%81%A6,保険業法施行規則 第11条（基礎率変更権等）,https://laws.e-gov.go.jp/law/408M50000040005#Mp-At_11,2,"[{""type"": ""教科書"", ""category"": ""教科書"", ""title"": ""第7章 医療保険 ＞ 7.6.1 基礎率変更権の設定について"", ""source"": ""hoken1-seiho_07.pdf"", ""usage"": ""7.6.2 基礎率変更権を行使する認可申請の取扱い"", ""url"": ""textbooks/hoken1-seiho_07.pdf#page=36"", ""reason"": ""教科書リンクを小問テーマに近い見出しへ寄せ直し。関連：7.6.2 基礎率変更権を行使する認可申請の取扱い"", ""pdf_page"": ""36"", ""internal_page"": ""7-32""}, {""id"": ""OFF-13"", ""category"": ""監督指針"", ""title"": ""IV-4 第三分野"", ""source"": ""金融庁"", ""usage"": ""第三分野商品の商品審査、基礎率変更権、契約者保護"", ""url"": ""https://www.fsa.go.jp/common/law/guide/ins/04.html#:~:text=IV%20%EF%BC%8D%EF%BC%94%EF%BC%8D%EF%BC%91%20%E5%9F%BA%E7%A4%8E%E7%8E%87%E5%A4%89%E6%9B%B4%E6%A8%A9%E3%81%AE%E8%A8%AD%E5%AE%9A%E3%81%AB%E3%81%A4%E3%81%84%E3%81%A6"", ""type"": ""公式"", ""reason"": ""第三分野商品の商品審査、基礎率変更権、契約者保護"", ""section_hint"": ""IV－4 第三分野／基礎率変更権"", ""excerpt"": ""第三分野保険の基礎率変更権、行使基準、実績発生率指標、契約者説明・情報開示、変更後予定発生率の合理性等を確認する箇所。"", ""display_mode"": ""official_panel""}, {""id"": ""OFF-26"", ""category"": ""法令"", ""title"": ""保険業法施行規則 第11条（基礎率変更権等）"", ""source"": ""e-Gov法令検索"", ""usage"": ""第三分野保険の基礎率変更権、認可申請の根拠"", ""url"": ""https://laws.e-gov.go.jp/law/408M50000040005#Mp-At_11"", ""type"": ""公式"", ""reason"": ""第三分野保険の基礎率変更権、認可申請の根拠"", ""section_hint"": ""保険業法施行規則 第11条（基礎率変更権等）"", ""excerpt"": ""基礎率変更権等の算出方法書記載事項・審査基準に関連する条文。第三分野保険の基礎率変更権問題で確認。"", ""display_mode"": ""official_panel""}]",3,教科書：第7章 医療保険 ＞ 7.6.1 基礎率変更権の設定について ／ 公式：IV-4 第三分野 ／ 公式：保険業法施行規則 第11条（基礎率変更権等）,IV－4 第三分野／基礎率変更権,第三分野保険の基礎率変更権、行使基準、実績発生率指標、契約者説明・情報開示、変更後予定発生率の合理性等を確認する箇所。,
H21-Q2(2),H21,第Ⅰ部,問題2,(2),10,個人保険の解約返戻金設定時の考慮事項,説明,健全性／公平性／効率性／契約者の期待／解約控除／責任準備金,知識型,解約返戻金,3,A,hoken1-seiho_02.pdf,第2章 解約および解約返戻金 ＞ 2.4 解約返戻金に関する視点,2.3 解約控除の理由,教科書リンクを小問テーマに近い見出しへ寄せ直し。関連：2.3 解約控除の理由,20,2-14,H21G.pdf,p.4,4,8,exams/H21G.pdf#page=4,textbooks/hoken1-seiho_02.pdf#page=20,exams/H21G.pdf#page=8,,,,,,"[{""type"": ""教科書"", ""category"": ""教科書"", ""title"": ""第2章 解約および解約返戻金 ＞ 2.4 解約返戻金に関する視点"", ""source"": ""hoken1-seiho_02.pdf"", ""usage"": ""2.3 解約控除の理由"", ""url"": ""textbooks/hoken1-seiho_02.pdf#page=20"", ""reason"": ""教科書リンクを小問テーマに近い見出しへ寄せ直し。関連：2.3 解約控除の理由"", ""pdf_page"": ""20"", ""internal_page"": ""2-14""}]",1,教科書：第2章 解約および解約返戻金 ＞ 2.4 解約返戻金に関する視点,,,
H21-Q2(3),H21,第Ⅰ部,問題2,(3),10,商品毎収益検証における解約率設定,説明,解約率／経過年数／経済動向／加入年齢／加入目的／保険金額／特別条件・優良体,知識型,商品毎収益検証,4,S,hoken1-seiho_10.pdf,第10章 商品毎収益検証 ＞ 10.6.1 解約率に影響する要因,10.6.2 解約率の特性,教科書リンクを小問テーマに近い見出しへ寄せ直し。関連：10.6.2 解約率の特性,33,10-27,H21G.pdf,p.4,4,9,exams/H21G.pdf#page=4,textbooks/hoken1-seiho_10.pdf#page=33,exams/H21G.pdf#page=9,,,,,,"[{""type"": ""教科書"", ""category"": ""教科書"", ""title"": ""第10章 商品毎収益検証 ＞ 10.6.1 解約率に影響する要因"", ""source"": ""hoken1-seiho_10.pdf"", ""usage"": ""10.6.2 解約率の特性"", ""url"": ""textbooks/hoken1-seiho_10.pdf#page=33"", ""reason"": ""教科書リンクを小問テーマに近い見出しへ寄せ直し。関連：10.6.2 解約率の特性"", ""pdf_page"": ""33"", ""internal_page"": ""10-27""}]",1,教科書：第10章 商品毎収益検証 ＞ 10.6.1 解約率に影響する要因,,,
H21-Q3(1),H21,第Ⅱ部,問題3,(1),40,普通死亡保険の予定死亡率設定,所見論述,生保標準生命表／死亡率改善／経験データ／安全性／配当タイプ,所見型,営業保険料・基礎率,5,S,hoken1-seiho_01.pdf,第1章 営業保険料 ＞ 1.4.1 予定死亡率・予定給付発生率等,1.2.1 十分性,教科書リンクを小問テーマに近い見出しへ寄せ直し。関連：1.2.1 十分性,9,1-7,H21G.pdf,p.5,5,11,exams/H21G.pdf#page=5,textbooks/hoken1-seiho_01.pdf#page=9,exams/H21G.pdf#page=11,,,,,,"[{""type"": ""教科書"", ""category"": ""教科書"", ""title"": ""第1章 営業保険料 ＞ 1.4.1 予定死亡率・予定給付発生率等"", ""source"": ""hoken1-seiho_01.pdf"", ""usage"": ""1.2.1 十分性"", ""url"": ""textbooks/hoken1-seiho_01.pdf#page=9"", ""reason"": ""教科書リンクを小問テーマに近い見出しへ寄せ直し。関連：1.2.1 十分性"", ""pdf_page"": ""9"", ""internal_page"": ""1-7""}]",1,教科書：第1章 営業保険料 ＞ 1.4.1 予定死亡率・予定給付発生率等,,,
H21-Q3(2),H21,第Ⅱ部,問題3,(2),40,医療保険のプライシングと商品毎収益検証,所見論述,医療保険／予定発生率／商品毎収益検証／シナリオ／リスク管理,所見型,医療保険・商品毎収益検証,5,S,hoken1-seiho_07.pdf,第7章 医療保険 ＞ 7.4 医療保険の保険料計算,10.10 モデルの構築／7.5 医療保険の責任準備金等,教科書リンクを小問テーマに近い見出しへ寄せ直し。関連：10.10 モデルの構築／7.5 医療保険の責任準備金等,17,7-13,H21G.pdf,p.5,5,16,exams/H21G.pdf#page=5,textbooks/hoken1-seiho_07.pdf#page=17,exams/H21G.pdf#page=16,,,,,,"[{""type"": ""教科書"", ""category"": ""教科書"", ""title"": ""第7章 医療保険 ＞ 7.4 医療保険の保険料計算"", ""source"": ""hoken1-seiho_07.pdf"", ""usage"": ""10.10 モデルの構築／7.5 医療保険の責任準備金等"", ""url"": ""textbooks/hoken1-seiho_07.pdf#page=17"", ""reason"": ""教科書リンクを小問テーマに近い見出しへ寄せ直し。関連：10.10 モデルの構築／7.5 医療保険の責任準備金等"", ""pdf_page"": ""17"", ""internal_page"": ""7-13""}]",1,教科書：第7章 医療保険 ＞ 7.4 医療保険の保険料計算,,,
H22-Q1(1),H22,第Ⅰ部,問題1,(1),5,資産留保型修正共同保険式再保険,語句記入,再保険貸／資産留保／新契約費支出／非伝統的再保険,知識型,再保険,3,S,hoken1-seiho_08.pdf,第8章 再保険 ＞ 8.3.3 修正共同保険式再保険,8.2.4 伝統的再保険・非伝統的再保険,教科書リンクを小問テーマに近い見出しへ寄せ直し。関連：8.2.4 伝統的再保険・非伝統的再保険,25,8-21,H22G.pdf,p.1,1,7,exams/H22G.pdf#page=1,textbooks/hoken1-seiho_08.pdf#page=25,exams/H22G.pdf#page=7,保険業法施行規則 第71条 / 大蔵省告示第233号（財務再保険）,https://laws.e-gov.go.jp/law/408M50000040005#Mp-At_71,II-3-10 再保険に関するリスク管理,https://www.fsa.go.jp/common/law/guide/ins/02c.html#:~:text=II%20%EF%BC%8D%EF%BC%93%EF%BC%8D10%EF%BC%8D%EF%BC%91%20%E4%BF%9D%E6%9C%89%E3%83%BB%E5%87%BA%E5%86%8D%E3%81%AB%E9%96%A2%E3%81%99%E3%82%8B%E3%83%AA%E3%82%B9%E3%82%AF%E7%AE%A1%E7%90%86,2,"[{""type"": ""教科書"", ""category"": ""教科書"", ""title"": ""第8章 再保険 ＞ 8.3.3 修正共同保険式再保険"", ""source"": ""hoken1-seiho_08.pdf"", ""usage"": ""8.2.4 伝統的再保険・非伝統的再保険"", ""url"": ""textbooks/hoken1-seiho_08.pdf#page=25"", ""reason"": ""教科書リンクを小問テーマに近い見出しへ寄せ直し。関連：8.2.4 伝統的再保険・非伝統的再保険"", ""pdf_page"": ""25"", ""internal_page"": ""8-21""}, {""id"": ""OFF-27"", ""category"": ""法令"", ""title"": ""保険業法施行規則 第71条 / 大蔵省告示第233号（財務再保険）"", ""source"": ""e-Gov法令検索・金融庁告示関連"", ""usage"": ""財務再保険、収益認識、預り金処理、修正共同保険式再保険"", ""url"": ""https://laws.e-gov.go.jp/law/408M50000040005#Mp-At_71"", ""type"": ""公式"", ""reason"": ""財務再保険、収益認識、預り金処理、修正共同保険式再保険"", ""section_hint"": ""保険業法施行規則 第71条／財務再保険"", ""excerpt"": ""責任準備金を積み立てない保険契約等の取扱い、財務再保険・大蔵省告示第233号に関連する確認先。"", ""display_mode"": ""official_panel""}, {""id"": ""OFF-04"", ""category"": ""監督指針"", ""title"": ""II-3-10 再保険に関するリスク管理"", ""source"": ""金融庁"", ""usage"": ""再保険リスク、再保険先管理、リスク移転の確認"", ""url"": ""https://www.fsa.go.jp/common/law/guide/ins/02c.html#:~:text=II%20%EF%BC%8D%EF%BC%93%EF%BC%8D10%EF%BC%8D%EF%BC%91%20%E4%BF%9D%E6%9C%89%E3%83%BB%E5%87%BA%E5%86%8D%E3%81%AB%E9%96%A2%E3%81%99%E3%82%8B%E3%83%AA%E3%82%B9%E3%82%AF%E7%AE%A1%E7%90%86"", ""type"": ""公式"", ""reason"": ""再保険リスク、再保険先管理、リスク移転の確認"", ""section_hint"": ""II－3－10 再保険に関するリスク管理"", ""excerpt"": ""保有するリスクの規模・集中度を出再を通じて適正に管理するため、保有・出再政策、保有限度額、再保険によるカバー状況などを確認する箇所。"", ""display_mode"": ""official_panel""}]",3,教科書：第8章 再保険 ＞ 8.3.3 修正共同保険式再保険 ／ 公式：保険業法施行規則 第71条 / 大蔵省告示第233号（財務再保険） ／ 公式：II-3-10 再保険に関するリスク管理,保険業法施行規則 第71条／財務再保険,責任準備金を積み立てない保険契約等の取扱い、財務再保険・大蔵省告示第233号に関連する確認先。,
H22-Q1(2),H22,第Ⅰ部,問題1,(2),5,団体保険の商品審査上の留意点,語句記入,最低被保険者数／最高保険金額倍数／退職者／保険料／配当方式,知識型,団体生命保険,3,A,hoken1-seiho_06.pdf,第6章 団体生命保険 ＞ 6.9 監督指針関係,6.3 団体生命保険の危険選択／6.5 団体保険の種類,教科書リンクを小問テーマに近い見出しへ寄せ直し。関連：6.3 団体生命保険の危険選択／6.5 団体保険の種類,29,6-25,H22G.pdf,p.1,1,7,exams/H22G.pdf#page=1,textbooks/hoken1-seiho_06.pdf#page=29,exams/H22G.pdf#page=7,IV-1-15 団体保険又は団体契約の取扱い,https://www.fsa.go.jp/common/law/guide/ins/04.html#:~:text=IV%20%EF%BC%8D%EF%BC%91%EF%BC%8D15%20%E5%9B%A3%E4%BD%93%E4%BF%9D%E9%99%BA%E5%8F%88%E3%81%AF%E5%9B%A3%E4%BD%93%E5%A5%91%E7%B4%84%E3%81%AE%E5%8F%96%E6%89%B1%E3%81%84,,,1,"[{""type"": ""教科書"", ""category"": ""教科書"", ""title"": ""第6章 団体生命保険 ＞ 6.9 監督指針関係"", ""source"": ""hoken1-seiho_06.pdf"", ""usage"": ""6.3 団体生命保険の危険選択／6.5 団体保険の種類"", ""url"": ""textbooks/hoken1-seiho_06.pdf#page=29"", ""reason"": ""教科書リンクを小問テーマに近い見出しへ寄せ直し。関連：6.3 団体生命保険の危険選択／6.5 団体保険の種類"", ""pdf_page"": ""29"", ""internal_page"": ""6-25""}, {""id"": ""OFF-12"", ""category"": ""監督指針"", ""title"": ""IV-1-15 団体保険又は団体契約の取扱い"", ""source"": ""金融庁"", ""usage"": ""団体及び被保険団体の範囲、被保険団体区分、保険料率設定"", ""url"": ""https://www.fsa.go.jp/common/law/guide/ins/04.html#:~:text=IV%20%EF%BC%8D%EF%BC%91%EF%BC%8D15%20%E5%9B%A3%E4%BD%93%E4%BF%9D%E9%99%BA%E5%8F%88%E3%81%AF%E5%9B%A3%E4%BD%93%E5%A5%91%E7%B4%84%E3%81%AE%E5%8F%96%E6%89%B1%E3%81%84"", ""type"": ""公式"", ""reason"": ""団体及び被保険団体の範囲、被保険団体区分、保険料率設定"", ""section_hint"": ""IV－1－15 団体保険又は団体契約の取扱い"", ""excerpt"": ""団体及び被保険団体の範囲、団体要件、退職者等を含める場合の事務処理能力・保険料収納管理等を確認する箇所。"", ""display_mode"": ""official_panel""}]",2,教科書：第6章 団体生命保険 ＞ 6.9 監督指針関係 ／ 公式：IV-1-15 団体保険又は団体契約の取扱い,IV－1－15 団体保険又は団体契約の取扱い,団体及び被保険団体の範囲、団体要件、退職者等を含める場合の事務処理能力・保険料収納管理等を確認する箇所。,
H22-Q1(3),H22,第Ⅰ部,問題1,(3),5,ディスインターミディエーション,説明,金利上昇／契約者貸付／解約／資金流出／伝統的終身保険,知識型,解約返戻金・金利リスク,3,A,hoken1-seiho_02.pdf,第2章 解約および解約返戻金 ＞ 2.7.3 米国生命保険会社のディスインターミディエーション,2.7.4 流動性に対するリスク管理,教科書リンクを小問テーマに近い見出しへ寄せ直し。関連：2.7.4 流動性に対するリスク管理,40,2-34,H22G.pdf,p.2,2,7,exams/H22G.pdf#page=2,textbooks/hoken1-seiho_02.pdf#page=40,exams/H22G.pdf#page=7,II-3-12 流動性リスク管理態勢,https://www.fsa.go.jp/common/law/guide/ins/02c.html#:~:text=II%20%EF%BC%8D%EF%BC%93%EF%BC%8D12%20%E6%B5%81%E5%8B%95%E6%80%A7%E3%83%AA%E3%82%B9%E3%82%AF%E7%AE%A1%E7%90%86%E6%85%8B%E5%8B%A2,,,1,"[{""type"": ""教科書"", ""category"": ""教科書"", ""title"": ""第2章 解約および解約返戻金 ＞ 2.7.3 米国生命保険会社のディスインターミディエーション"", ""source"": ""hoken1-seiho_02.pdf"", ""usage"": ""2.7.4 流動性に対するリスク管理"", ""url"": ""textbooks/hoken1-seiho_02.pdf#page=40"", ""reason"": ""教科書リンクを小問テーマに近い見出しへ寄せ直し。関連：2.7.4 流動性に対するリスク管理"", ""pdf_page"": ""40"", ""internal_page"": ""2-34""}, {""id"": ""OFF-05"", ""category"": ""監督指針"", ""title"": ""II-3-12 流動性リスク管理態勢"", ""source"": ""金融庁"", ""usage"": ""流動性リスク、金利上昇時の解約増加・資金流出"", ""url"": ""https://www.fsa.go.jp/common/law/guide/ins/02c.html#:~:text=II%20%EF%BC%8D%EF%BC%93%EF%BC%8D12%20%E6%B5%81%E5%8B%95%E6%80%A7%E3%83%AA%E3%82%B9%E3%82%AF%E7%AE%A1%E7%90%86%E6%85%8B%E5%8B%A2"", ""type"": ""公式"", ""reason"": ""流動性リスク、金利上昇時の解約増加・資金流出"", ""section_hint"": ""II－3－12 流動性リスク管理態勢"", ""excerpt"": ""資金繰り・流動性リスクの管理態勢、金利上昇時の解約増加や資金流出への備えを確認する箇所。"", ""display_mode"": ""official_panel""}]",2,教科書：第2章 解約および解約返戻金 ＞ 2.7.3 米国生命保険会社のディスインターミディエーション ／ 公式：II-3-12 流動性リスク管理態勢,II－3－12 流動性リスク管理態勢,資金繰り・流動性リスクの管理態勢、金利上昇時の解約増加や資金流出への備えを確認する箇所。,
H22-Q1(4),H22,第Ⅰ部,問題1,(4),5,保険商品の価格弾力性,計算・説明,需要関数／価格弾力性／保障性商品／貯蓄性商品,計算型,営業保険料・商品性,4,A,hoken1-seiho_01.pdf,第1章 営業保険料 ＞ ［付録1］生保商品の価格弾力性,1.2.3 価格競争力,教科書リンクを小問テーマに近い見出しへ寄せ直し。関連：1.2.3 価格競争力,30,1-28,H22G.pdf,p.2,2,7,exams/H22G.pdf#page=2,textbooks/hoken1-seiho_01.pdf#page=30,exams/H22G.pdf#page=7,,,,,,"[{""type"": ""教科書"", ""category"": ""教科書"", ""title"": ""第1章 営業保険料 ＞ ［付録1］生保商品の価格弾力性"", ""source"": ""hoken1-seiho_01.pdf"", ""usage"": ""1.2.3 価格競争力"", ""url"": ""textbooks/hoken1-seiho_01.pdf#page=30"", ""reason"": ""教科書リンクを小問テーマに近い見出しへ寄せ直し。関連：1.2.3 価格競争力"", ""pdf_page"": ""30"", ""internal_page"": ""1-28""}]",1,教科書：第1章 営業保険料 ＞ ［付録1］生保商品の価格弾力性,,,
H22-Q2(1),H22,第Ⅰ部,問題2,(1),10,保険料細分化の公平性と留意点,説明,保険技術的公平性／社会的公平性／同質性／測定可能性,知識型,料率細分化,3,S,hoken1-seiho_01.pdf,第1章 営業保険料 ＞ 1.5.1 理念としての公平性原則,1.5.2 保険技術的公平性と社会的公平性／1.5.3 料率区分の留意点,教科書リンクを小問テーマに近い見出しへ寄せ直し。関連：1.5.2 保険技術的公平性と社会的公平性／1.5.3 料率区分の留意点,23,1-21,H22G.pdf,p.3,3,8,exams/H22G.pdf#page=3,textbooks/hoken1-seiho_01.pdf#page=23,exams/H22G.pdf#page=8,IV-5-1 保険料,https://www.fsa.go.jp/common/law/guide/ins/04.html#:~:text=IV%20%EF%BC%8D%EF%BC%95%EF%BC%8D%EF%BC%91%20%E4%BF%9D%E9%99%BA%E6%96%99,,,1,"[{""type"": ""教科書"", ""category"": ""教科書"", ""title"": ""第1章 営業保険料 ＞ 1.5.1 理念としての公平性原則"", ""source"": ""hoken1-seiho_01.pdf"", ""usage"": ""1.5.2 保険技術的公平性と社会的公平性／1.5.3 料率区分の留意点"", ""url"": ""textbooks/hoken1-seiho_01.pdf#page=23"", ""reason"": ""教科書リンクを小問テーマに近い見出しへ寄せ直し。関連：1.5.2 保険技術的公平性と社会的公平性／1.5.3 料率区分の留意点"", ""pdf_page"": ""23"", ""internal_page"": ""1-21""}, {""id"": ""OFF-14"", ""category"": ""監督指針"", ""title"": ""IV-5-1 保険料"", ""source"": ""金融庁"", ""usage"": ""保険料・付加保険料・料率区分・割増引制度"", ""url"": ""https://www.fsa.go.jp/common/law/guide/ins/04.html#:~:text=IV%20%EF%BC%8D%EF%BC%95%EF%BC%8D%EF%BC%91%20%E4%BF%9D%E9%99%BA%E6%96%99"", ""type"": ""公式"", ""reason"": ""保険料・付加保険料・料率区分・割増引制度"", ""section_hint"": ""IV－5－1 保険料"", ""excerpt"": ""保険料の算出方法について、十分性・公平性等を考慮して合理的かつ妥当か、不当な差別的扱いがないか、予定発生率等が基礎データに基づくかを確認する箇所。"", ""display_mode"": ""official_panel""}]",2,教科書：第1章 営業保険料 ＞ 1.5.1 理念としての公平性原則 ／ 公式：IV-5-1 保険料,IV－5－1 保険料,保険料の算出方法について、十分性・公平性等を考慮して合理的かつ妥当か、不当な差別的扱いがないか、予定発生率等が基礎データに基づくかを確認する箇所。,
H22-Q2(2),H22,第Ⅰ部,問題2,(2),10,負値責任準備金が生じる場合と留意点,説明,平準純保険料式／第三分野／責任準備金負値／商品設計,複合型,営業保険料・責任準備金,4,A,hoken1-seiho_01.pdf,第1章 営業保険料 ＞ 1.2.3 その他 ＞ 標準責任準備金制度との関係,1.4.5 計算基礎率設定に影響する商品性,教科書リンクを小問テーマに近い見出しへ寄せ直し。関連：1.4.5 計算基礎率設定に影響する商品性,5,1-3,H22G.pdf,p.3,3,9,exams/H22G.pdf#page=3,textbooks/hoken1-seiho_01.pdf#page=5,exams/H22G.pdf#page=9,IV-5-2 責任準備金,https://www.fsa.go.jp/common/law/guide/ins/04.html#:~:text=IV%20%EF%BC%8D%EF%BC%95%EF%BC%8D%EF%BC%92%20%E8%B2%AC%E4%BB%BB%E6%BA%96%E5%82%99%E9%87%91,IV-5-1 保険料,https://www.fsa.go.jp/common/law/guide/ins/04.html#:~:text=IV%20%EF%BC%8D%EF%BC%95%EF%BC%8D%EF%BC%91%20%E4%BF%9D%E9%99%BA%E6%96%99,2,"[{""type"": ""教科書"", ""category"": ""教科書"", ""title"": ""第1章 営業保険料 ＞ 1.2.3 その他 ＞ 標準責任準備金制度との関係"", ""source"": ""hoken1-seiho_01.pdf"", ""usage"": ""1.4.5 計算基礎率設定に影響する商品性"", ""url"": ""textbooks/hoken1-seiho_01.pdf#page=5"", ""reason"": ""教科書リンクを小問テーマに近い見出しへ寄せ直し。関連：1.4.5 計算基礎率設定に影響する商品性"", ""pdf_page"": ""5"", ""internal_page"": ""1-3""}, {""id"": ""OFF-15"", ""category"": ""監督指針"", ""title"": ""IV-5-2 責任準備金"", ""source"": ""金融庁"", ""usage"": ""責任準備金、標準責任準備金、第三分野ストレステスト"", ""url"": ""https://www.fsa.go.jp/common/law/guide/ins/04.html#:~:text=IV%20%EF%BC%8D%EF%BC%95%EF%BC%8D%EF%BC%92%20%E8%B2%AC%E4%BB%BB%E6%BA%96%E5%82%99%E9%87%91"", ""type"": ""公式"", ""reason"": ""責任準備金、標準責任準備金、第三分野ストレステスト"", ""section_hint"": ""IV－5－2 責任準備金"", ""excerpt"": ""責任準備金審査、負値責任準備金、MVAの仕組みを持つ商品の責任準備金、第三分野ストレステスト等の確認先。"", ""display_mode"": ""official_panel""}, {""id"": ""OFF-14"", ""category"": ""監督指針"", ""title"": ""IV-5-1 保険料"", ""source"": ""金融庁"", ""usage"": ""保険料・付加保険料・料率区分・割増引制度"", ""url"": ""https://www.fsa.go.jp/common/law/guide/ins/04.html#:~:text=IV%20%EF%BC%8D%EF%BC%95%EF%BC%8D%EF%BC%91%20%E4%BF%9D%E9%99%BA%E6%96%99"", ""type"": ""公式"", ""reason"": ""保険料・付加保険料・料率区分・割増引制度"", ""section_hint"": ""IV－5－1 保険料"", ""excerpt"": ""保険料の算出方法について、十分性・公平性等を考慮して合理的かつ妥当か、不当な差別的扱いがないか、予定発生率等が基礎データに基づくかを確認する箇所。"", ""display_mode"": ""official_panel""}]",3,教科書：第1章 営業保険料 ＞ 1.2.3 その他 ＞ 標準責任準備金制度との関係 ／ 公式：IV-5-2 責任準備金 ／ 公式：IV-5-1 保険料,IV－5－2 責任準備金,責任準備金審査、負値責任準備金、MVAの仕組みを持つ商品の責任準備金、第三分野ストレステスト等の確認先。,
H22-Q2(3),H22,第Ⅰ部,問題2,(3),10,商品毎収益検証とアセット・シェア,計算・説明,利益／アセット・シェア／モデル／パラメータ,計算型,商品毎収益検証,4,A,hoken1-seiho_10.pdf,第10章 商品毎収益検証 ＞ 10.9.4 アセット・シェアと責任準備金の場合,第3章 アセット・シェア／10.10 モデルの構築,教科書リンクを小問テーマに近い見出しへ寄せ直し。関連：第3章 アセット・シェア／10.10 モデルの構築,57,10-51,H22G.pdf,p.3,3,10,exams/H22G.pdf#page=3,textbooks/hoken1-seiho_10.pdf#page=57,exams/H22G.pdf#page=10,,,,,,"[{""type"": ""教科書"", ""category"": ""教科書"", ""title"": ""第10章 商品毎収益検証 ＞ 10.9.4 アセット・シェアと責任準備金の場合"", ""source"": ""hoken1-seiho_10.pdf"", ""usage"": ""第3章 アセット・シェア／10.10 モデルの構築"", ""url"": ""textbooks/hoken1-seiho_10.pdf#page=57"", ""reason"": ""教科書リンクを小問テーマに近い見出しへ寄せ直し。関連：第3章 アセット・シェア／10.10 モデルの構築"", ""pdf_page"": ""57"", ""internal_page"": ""10-51""}]",1,教科書：第10章 商品毎収益検証 ＞ 10.9.4 アセット・シェアと責任準備金の場合,,,
H22-Q2(4),H22,第Ⅰ部,問題2,(4),10,低解約返戻金型商品の商品設計,説明,低解約返戻金／責任準備金／解約控除／契約者理解,複合型,解約返戻金,4,S,hoken1-seiho_02.pdf,第2章 解約および解約返戻金 ＞ 2.5.2 低・無解約返戻金型商品,2.8.2 低・無解約返戻金型商品の議論,教科書リンクを小問テーマに近い見出しへ寄せ直し。関連：2.8.2 低・無解約返戻金型商品の議論,27,2-21,H22G.pdf,p.4,4,10,exams/H22G.pdf#page=4,textbooks/hoken1-seiho_02.pdf#page=27,exams/H22G.pdf#page=10,IV-5-3 契約者価額,https://www.fsa.go.jp/common/law/guide/ins/04.html#:~:text=IV%20%EF%BC%8D%EF%BC%95%EF%BC%8D%EF%BC%93%20%E5%A5%91%E7%B4%84%E8%80%85%E4%BE%A1%E9%A1%8D,,,1,"[{""type"": ""教科書"", ""category"": ""教科書"", ""title"": ""第2章 解約および解約返戻金 ＞ 2.5.2 低・無解約返戻金型商品"", ""source"": ""hoken1-seiho_02.pdf"", ""usage"": ""2.8.2 低・無解約返戻金型商品の議論"", ""url"": ""textbooks/hoken1-seiho_02.pdf#page=27"", ""reason"": ""教科書リンクを小問テーマに近い見出しへ寄せ直し。関連：2.8.2 低・無解約返戻金型商品の議論"", ""pdf_page"": ""27"", ""internal_page"": ""2-21""}, {""id"": ""OFF-16"", ""category"": ""監督指針"", ""title"": ""IV-5-3 契約者価額"", ""source"": ""金融庁"", ""usage"": ""解約返戻金、契約者価額、MVA、市場価格調整"", ""url"": ""https://www.fsa.go.jp/common/law/guide/ins/04.html#:~:text=IV%20%EF%BC%8D%EF%BC%95%EF%BC%8D%EF%BC%93%20%E5%A5%91%E7%B4%84%E8%80%85%E4%BE%A1%E9%A1%8D"", ""type"": ""公式"", ""reason"": ""解約返戻金、契約者価額、MVA、市場価格調整"", ""section_hint"": ""IV－5－3 契約者価額"", ""excerpt"": ""解約返戻金は支出した事業費・投資上の損失・保険設計上の仕組み等に照らして合理的かつ妥当か、MVA係数はリスク管理や取引費用との整合性から妥当かを確認する箇所。"", ""display_mode"": ""official_panel""}]",2,教科書：第2章 解約および解約返戻金 ＞ 2.5.2 低・無解約返戻金型商品 ／ 公式：IV-5-3 契約者価額,IV－5－3 契約者価額,解約返戻金は支出した事業費・投資上の損失・保険設計上の仕組み等に照らして合理的かつ妥当か、MVA係数はリスク管理や取引費用との整合性から妥当かを確認する箇所。,
H22-Q3(1),H22,第Ⅱ部,問題3,(1),40,終身保険の予定利率設定,所見論述,予定利率／低金利／健全性／商品競争力／ALM,所見型,営業保険料・基礎率,5,S,hoken1-seiho_01.pdf,第1章 営業保険料 ＞ 1.4.3 予定利率,10.5 金利のシナリオ設定,教科書リンクを小問テーマに近い見出しへ寄せ直し。関連：10.5 金利のシナリオ設定,13,1-11,H22G.pdf,p.6,6,11,exams/H22G.pdf#page=6,textbooks/hoken1-seiho_01.pdf#page=13,exams/H22G.pdf#page=11,,,,,,"[{""type"": ""教科書"", ""category"": ""教科書"", ""title"": ""第1章 営業保険料 ＞ 1.4.3 予定利率"", ""source"": ""hoken1-seiho_01.pdf"", ""usage"": ""10.5 金利のシナリオ設定"", ""url"": ""textbooks/hoken1-seiho_01.pdf#page=13"", ""reason"": ""教科書リンクを小問テーマに近い見出しへ寄せ直し。関連：10.5 金利のシナリオ設定"", ""pdf_page"": ""13"", ""internal_page"": ""1-11""}]",1,教科書：第1章 営業保険料 ＞ 1.4.3 予定利率,,,
H22-Q3(2),H22,第Ⅱ部,問題3,(2),40,医療保険の商品毎収益分析,所見論述,医療保険／商品特性／発生率／解約率／ストレステスト,所見型,医療保険・商品毎収益検証,5,S,hoken1-seiho_10.pdf,第10章 商品毎収益検証 ＞ 10.10.1 モデルの選定,7.4 医療保険の保険料計算,教科書リンクを小問テーマに近い見出しへ寄せ直し。関連：7.4 医療保険の保険料計算,58,10-52,H22G.pdf,p.6,6,16,exams/H22G.pdf#page=6,textbooks/hoken1-seiho_10.pdf#page=58,exams/H22G.pdf#page=16,,,,,,"[{""type"": ""教科書"", ""category"": ""教科書"", ""title"": ""第10章 商品毎収益検証 ＞ 10.10.1 モデルの選定"", ""source"": ""hoken1-seiho_10.pdf"", ""usage"": ""7.4 医療保険の保険料計算"", ""url"": ""textbooks/hoken1-seiho_10.pdf#page=58"", ""reason"": ""教科書リンクを小問テーマに近い見出しへ寄せ直し。関連：7.4 医療保険の保険料計算"", ""pdf_page"": ""58"", ""internal_page"": ""10-52""}]",1,教科書：第10章 商品毎収益検証 ＞ 10.10.1 モデルの選定,,,
H23-Q1(1),H23,第Ⅰ部,問題1,(1),?,RSLN2による株価収益率モデル,計算,局面転換対数正規モデル／定常確率／シミュレーション／特別勘定,計算型,変額年金・リスク評価,4,A,hoken1-seiho_05.pdf,第5章 変額年金保険 ＞ 5.3.1 CTEアプローチ,5.3.2 リスク調整済み期待値アプローチ,教科書リンクを小問テーマに近い見出しへ寄せ直し。関連：5.3.2 リスク調整済み期待値アプローチ,15,5-11,H23G.pdf,p.1,1,9,exams/H23G.pdf#page=1,textbooks/hoken1-seiho_05.pdf#page=15,exams/H23G.pdf#page=9,,,,,,"[{""type"": ""教科書"", ""category"": ""教科書"", ""title"": ""第5章 変額年金保険 ＞ 5.3.1 CTEアプローチ"", ""source"": ""hoken1-seiho_05.pdf"", ""usage"": ""5.3.2 リスク調整済み期待値アプローチ"", ""url"": ""textbooks/hoken1-seiho_05.pdf#page=15"", ""reason"": ""教科書リンクを小問テーマに近い見出しへ寄せ直し。関連：5.3.2 リスク調整済み期待値アプローチ"", ""pdf_page"": ""15"", ""internal_page"": ""5-11""}]",1,教科書：第5章 変額年金保険 ＞ 5.3.1 CTEアプローチ,,,
H23-Q1(2),H23,第Ⅰ部,問題1,(2),?,年齢・性別によらない一律危険発生率,説明,一律料率／危険発生率／公平性／逆選択／許容条件,知識型,料率細分化,3,A,hoken1-seiho_01.pdf,第1章 営業保険料 ＞ 1.5.3 保険料率の区分にあたって留意すべき事項,1.5.1 理念としての公平性原則,教科書リンクを小問テーマに近い見出しへ寄せ直し。関連：1.5.1 理念としての公平性原則,26,1-24,H23G.pdf,p.2,2,10,exams/H23G.pdf#page=2,textbooks/hoken1-seiho_01.pdf#page=26,exams/H23G.pdf#page=10,,,,,,"[{""type"": ""教科書"", ""category"": ""教科書"", ""title"": ""第1章 営業保険料 ＞ 1.5.3 保険料率の区分にあたって留意すべき事項"", ""source"": ""hoken1-seiho_01.pdf"", ""usage"": ""1.5.1 理念としての公平性原則"", ""url"": ""textbooks/hoken1-seiho_01.pdf#page=26"", ""reason"": ""教科書リンクを小問テーマに近い見出しへ寄せ直し。関連：1.5.1 理念としての公平性原則"", ""pdf_page"": ""26"", ""internal_page"": ""1-24""}]",1,教科書：第1章 営業保険料 ＞ 1.5.3 保険料率の区分にあたって留意すべき事項,,,
H23-Q1(3),H23,第Ⅰ部,問題1,(3),?,就業不能所得補償保険の退職者給付制限,説明,就業不能所得補償／退職者／給付期間／モラルリスク,知識型,医療保険,3,B,hoken1-seiho_06.pdf,第6章 団体生命保険 ＞ 6.5.4 団体就業不能（所得補償）保険,7.3 医療保険の代表的保障内容,教科書リンクを小問テーマに近い見出しへ寄せ直し。関連：7.3 医療保険の代表的保障内容,16,6-12,H23G.pdf,p.2,2,10,exams/H23G.pdf#page=2,textbooks/hoken1-seiho_06.pdf#page=16,exams/H23G.pdf#page=10,,,,,,"[{""type"": ""教科書"", ""category"": ""教科書"", ""title"": ""第6章 団体生命保険 ＞ 6.5.4 団体就業不能（所得補償）保険"", ""source"": ""hoken1-seiho_06.pdf"", ""usage"": ""7.3 医療保険の代表的保障内容"", ""url"": ""textbooks/hoken1-seiho_06.pdf#page=16"", ""reason"": ""教科書リンクを小問テーマに近い見出しへ寄せ直し。関連：7.3 医療保険の代表的保障内容"", ""pdf_page"": ""16"", ""internal_page"": ""6-12""}]",1,教科書：第6章 団体生命保険 ＞ 6.5.4 団体就業不能（所得補償）保険,,,
H23-Q1(4),H23,第Ⅰ部,問題1,(4),?,定期保険のプロフィット・マージン,計算・グラフ選択,プロフィット・マージン／解約率／死亡率／責任準備金,計算型,商品毎収益検証,5,S,hoken1-seiho_10.pdf,第10章 商品毎収益検証 ＞ 10.9.1 プロフィット・マージン,10.9.2 投資回収年度,教科書リンクを小問テーマに近い見出しへ寄せ直し。関連：10.9.2 投資回収年度,54,10-48,H23G.pdf,p.3,3,10,exams/H23G.pdf#page=3,textbooks/hoken1-seiho_10.pdf#page=54,exams/H23G.pdf#page=10,,,,,,"[{""type"": ""教科書"", ""category"": ""教科書"", ""title"": ""第10章 商品毎収益検証 ＞ 10.9.1 プロフィット・マージン"", ""source"": ""hoken1-seiho_10.pdf"", ""usage"": ""10.9.2 投資回収年度"", ""url"": ""textbooks/hoken1-seiho_10.pdf#page=54"", ""reason"": ""教科書リンクを小問テーマに近い見出しへ寄せ直し。関連：10.9.2 投資回収年度"", ""pdf_page"": ""54"", ""internal_page"": ""10-48""}]",1,教科書：第10章 商品毎収益検証 ＞ 10.9.1 プロフィット・マージン,,,
H23-Q2(1),H23,第Ⅰ部,問題2,(1),10,新設保険会社における共同保険式再保険,説明,共同保険式再保険／新契約費／出再保険受入手数料／資本効率,複合型,再保険,4,S,hoken1-seiho_08.pdf,第8章 再保険 ＞ 8.3.2 共同保険式再保険,8.1.2 再保険の目的,教科書リンクを小問テーマに近い見出しへ寄せ直し。関連：8.1.2 再保険の目的,22,8-18,H23G.pdf,p.6,6,12,exams/H23G.pdf#page=6,textbooks/hoken1-seiho_08.pdf#page=22,exams/H23G.pdf#page=12,II-3-10 再保険に関するリスク管理,https://www.fsa.go.jp/common/law/guide/ins/02c.html#:~:text=II%20%EF%BC%8D%EF%BC%93%EF%BC%8D10%EF%BC%8D%EF%BC%91%20%E4%BF%9D%E6%9C%89%E3%83%BB%E5%87%BA%E5%86%8D%E3%81%AB%E9%96%A2%E3%81%99%E3%82%8B%E3%83%AA%E3%82%B9%E3%82%AF%E7%AE%A1%E7%90%86,,,1,"[{""type"": ""教科書"", ""category"": ""教科書"", ""title"": ""第8章 再保険 ＞ 8.3.2 共同保険式再保険"", ""source"": ""hoken1-seiho_08.pdf"", ""usage"": ""8.1.2 再保険の目的"", ""url"": ""textbooks/hoken1-seiho_08.pdf#page=22"", ""reason"": ""教科書リンクを小問テーマに近い見出しへ寄せ直し。関連：8.1.2 再保険の目的"", ""pdf_page"": ""22"", ""internal_page"": ""8-18""}, {""id"": ""OFF-04"", ""category"": ""監督指針"", ""title"": ""II-3-10 再保険に関するリスク管理"", ""source"": ""金融庁"", ""usage"": ""再保険リスク、再保険先管理、リスク移転の確認"", ""url"": ""https://www.fsa.go.jp/common/law/guide/ins/02c.html#:~:text=II%20%EF%BC%8D%EF%BC%93%EF%BC%8D10%EF%BC%8D%EF%BC%91%20%E4%BF%9D%E6%9C%89%E3%83%BB%E5%87%BA%E5%86%8D%E3%81%AB%E9%96%A2%E3%81%99%E3%82%8B%E3%83%AA%E3%82%B9%E3%82%AF%E7%AE%A1%E7%90%86"", ""type"": ""公式"", ""reason"": ""再保険リスク、再保険先管理、リスク移転の確認"", ""section_hint"": ""II－3－10 再保険に関するリスク管理"", ""excerpt"": ""保有するリスクの規模・集中度を出再を通じて適正に管理するため、保有・出再政策、保有限度額、再保険によるカバー状況などを確認する箇所。"", ""display_mode"": ""official_panel""}]",2,教科書：第8章 再保険 ＞ 8.3.2 共同保険式再保険 ／ 公式：II-3-10 再保険に関するリスク管理,II－3－10 再保険に関するリスク管理,保有するリスクの規模・集中度を出再を通じて適正に管理するため、保有・出再政策、保有限度額、再保険によるカバー状況などを確認する箇所。,
H23-Q2(2),H23,第Ⅰ部,問題2,(2),10,変額年金保険の経済価値ヘッジと会計価値ヘッジ,説明,経済価値ヘッジ／会計価値ヘッジ／責任準備金／最低保証／デリバティブ／会計ミスマッチ,知識型,変額年金,3,S,hoken1-seiho_05.pdf,第5章 変額年金保険 ＞ 5.5.1 経済価値のヘッジ ＞ 5.5.2 会計価値のヘッジ,5.5.3 テイルリスクのヘッジ,教科書リンクを小問テーマに近い見出しへ寄せ直し。関連：5.5.3 テイルリスクのヘッジ,34,5-30,H23G.pdf,p.6,6,13,exams/H23G.pdf#page=6,textbooks/hoken1-seiho_05.pdf#page=34,exams/H23G.pdf#page=13,,,,,,"[{""type"": ""教科書"", ""category"": ""教科書"", ""title"": ""第5章 変額年金保険 ＞ 5.5.1 経済価値のヘッジ ＞ 5.5.2 会計価値のヘッジ"", ""source"": ""hoken1-seiho_05.pdf"", ""usage"": ""5.5.3 テイルリスクのヘッジ"", ""url"": ""textbooks/hoken1-seiho_05.pdf#page=34"", ""reason"": ""教科書リンクを小問テーマに近い見出しへ寄せ直し。関連：5.5.3 テイルリスクのヘッジ"", ""pdf_page"": ""34"", ""internal_page"": ""5-30""}]",1,教科書：第5章 変額年金保険 ＞ 5.5.1 経済価値のヘッジ ＞ 5.5.2 会計価値のヘッジ,,,
H23-Q2(3),H23,第Ⅰ部,問題2,(3),10,責任準備金額が死亡保険金額を上回る場合の解約返戻金設計,説明,責任準備金＞死亡保険金／解約返戻金＞死亡保険金／トンチン性／契約者間公平性／解約返戻金制限,知識型,解約返戻金,4,A,hoken1-seiho_02.pdf,第2章 解約および解約返戻金 ＞ 2.4.1 健全性 ＞ 2.4.2 公平性,2.5 商品開発における留意事項,教科書リンクを小問テーマに近い見出しへ寄せ直し。関連：2.5 商品開発における留意事項,20,2-14,H23G.pdf,p.6,6,13,exams/H23G.pdf#page=6,textbooks/hoken1-seiho_02.pdf#page=20,exams/H23G.pdf#page=13,IV-5-3 契約者価額,https://www.fsa.go.jp/common/law/guide/ins/04.html#:~:text=IV%20%EF%BC%8D%EF%BC%95%EF%BC%8D%EF%BC%93%20%E5%A5%91%E7%B4%84%E8%80%85%E4%BE%A1%E9%A1%8D,,,1,"[{""type"": ""教科書"", ""category"": ""教科書"", ""title"": ""第2章 解約および解約返戻金 ＞ 2.4.1 健全性 ＞ 2.4.2 公平性"", ""source"": ""hoken1-seiho_02.pdf"", ""usage"": ""2.5 商品開発における留意事項"", ""url"": ""textbooks/hoken1-seiho_02.pdf#page=20"", ""reason"": ""教科書リンクを小問テーマに近い見出しへ寄せ直し。関連：2.5 商品開発における留意事項"", ""pdf_page"": ""20"", ""internal_page"": ""2-14""}, {""id"": ""OFF-16"", ""category"": ""監督指針"", ""title"": ""IV-5-3 契約者価額"", ""source"": ""金融庁"", ""usage"": ""解約返戻金、契約者価額、MVA、市場価格調整"", ""url"": ""https://www.fsa.go.jp/common/law/guide/ins/04.html#:~:text=IV%20%EF%BC%8D%EF%BC%95%EF%BC%8D%EF%BC%93%20%E5%A5%91%E7%B4%84%E8%80%85%E4%BE%A1%E9%A1%8D"", ""type"": ""公式"", ""reason"": ""解約返戻金、契約者価額、MVA、市場価格調整"", ""section_hint"": ""IV－5－3 契約者価額"", ""excerpt"": ""解約返戻金は支出した事業費・投資上の損失・保険設計上の仕組み等に照らして合理的かつ妥当か、MVA係数はリスク管理や取引費用との整合性から妥当かを確認する箇所。"", ""display_mode"": ""official_panel""}]",2,教科書：第2章 解約および解約返戻金 ＞ 2.4.1 健全性 ＞ 2.4.2 公平性 ／ 公式：IV-5-3 契約者価額,IV－5－3 契約者価額,解約返戻金は支出した事業費・投資上の損失・保険設計上の仕組み等に照らして合理的かつ妥当か、MVA係数はリスク管理や取引費用との整合性から妥当かを確認する箇所。,
H23-Q2(4),H23,第Ⅰ部,問題2,(4),10,団体生命保険の経験料率・無配当団体保険料率設定,説明,経験料率／配当清算法／有配当方式／無配当団体生命保険／将来調整／団体規模,知識型,団体生命保険,4,S,hoken1-seiho_06.pdf,第6章 団体生命保険 ＞ 6.6.3 経験料率,6.7 配当,教科書リンクを小問テーマに近い見出しへ寄せ直し。関連：6.7 配当,21,6-17,H23G.pdf,p.6,6,15,exams/H23G.pdf#page=6,textbooks/hoken1-seiho_06.pdf#page=21,exams/H23G.pdf#page=15,,,,,,"[{""type"": ""教科書"", ""category"": ""教科書"", ""title"": ""第6章 団体生命保険 ＞ 6.6.3 経験料率"", ""source"": ""hoken1-seiho_06.pdf"", ""usage"": ""6.7 配当"", ""url"": ""textbooks/hoken1-seiho_06.pdf#page=21"", ""reason"": ""教科書リンクを小問テーマに近い見出しへ寄せ直し。関連：6.7 配当"", ""pdf_page"": ""21"", ""internal_page"": ""6-17""}]",1,教科書：第6章 団体生命保険 ＞ 6.6.3 経験料率,,,
H23-Q3(1),H23,第Ⅱ部,問題3,(1),40,無選択・引受基準緩和型医療保険の開発,所見論述,無選択／緩和型／医療保険／危険選択／予定発生率／モニタリング,所見型,医療保険・危険選択,5,S,hoken1-seiho_07.pdf,第7章 医療保険 ＞ 7.4.1.4 予定発生率および予定入院日数などの設定の留意点,4.4.4 危険選択（アンダーライティング）,教科書リンクを小問テーマに近い見出しへ寄せ直し。関連：4.4.4 危険選択（アンダーライティング）,20,7-16,H23G.pdf,p.7,7,17,exams/H23G.pdf#page=7,textbooks/hoken1-seiho_07.pdf#page=20,exams/H23G.pdf#page=17,IV-1-4 危険選択,https://www.fsa.go.jp/common/law/guide/ins/04.html#:~:text=IV%20%EF%BC%8D%EF%BC%91%EF%BC%8D%EF%BC%94%20%E5%8D%B1%E9%99%BA%E9%81%B8%E6%8A%9E,,,1,"[{""type"": ""教科書"", ""category"": ""教科書"", ""title"": ""第7章 医療保険 ＞ 7.4.1.4 予定発生率および予定入院日数などの設定の留意点"", ""source"": ""hoken1-seiho_07.pdf"", ""usage"": ""4.4.4 危険選択（アンダーライティング）"", ""url"": ""textbooks/hoken1-seiho_07.pdf#page=20"", ""reason"": ""教科書リンクを小問テーマに近い見出しへ寄せ直し。関連：4.4.4 危険選択（アンダーライティング）"", ""pdf_page"": ""20"", ""internal_page"": ""7-16""}, {""id"": ""OFF-08"", ""category"": ""監督指針"", ""title"": ""IV-1-4 危険選択"", ""source"": ""金融庁"", ""usage"": ""危険選択、告知項目、引受範囲に関する商品審査"", ""url"": ""https://www.fsa.go.jp/common/law/guide/ins/04.html#:~:text=IV%20%EF%BC%8D%EF%BC%91%EF%BC%8D%EF%BC%94%20%E5%8D%B1%E9%99%BA%E9%81%B8%E6%8A%9E"", ""type"": ""公式"", ""reason"": ""危険選択、告知項目、引受範囲に関する商品審査"", ""section_hint"": ""IV－1－4 危険選択"", ""excerpt"": ""被保険者の健康状態等に係る身体的危険、職業等に係る環境的危険を適切に選択する方策、モラルリスク排除、無選択型商品の逆選択対応を確認する箇所。"", ""display_mode"": ""official_panel""}]",2,教科書：第7章 医療保険 ＞ 7.4.1.4 予定発生率および予定入院日数などの設定の留意点 ／ 公式：IV-1-4 危険選択,IV－1－4 危険選択,被保険者の健康状態等に係る身体的危険、職業等に係る環境的危険を適切に選択する方策、モラルリスク排除、無選択型商品の逆選択対応を確認する箇所。,
H23-Q3(2),H23,第Ⅱ部,問題3,(2),40,アキュムレーション方式によるプライシング,所見論述,アキュムレーション方式／利益目標／予定利率／アセット・シェア,所見型,アセット・シェア,5,S,hoken1-seiho_03.pdf,第3章 アセット・シェア ＞ 3.3.1 料率設定への活用,3.2 アセット・シェア計算の原理,教科書リンクを小問テーマに近い見出しへ寄せ直し。関連：3.2 アセット・シェア計算の原理,25,3-21,H23G.pdf,p.7,7,24,exams/H23G.pdf#page=7,textbooks/hoken1-seiho_03.pdf#page=25,exams/H23G.pdf#page=24,,,,,,"[{""type"": ""教科書"", ""category"": ""教科書"", ""title"": ""第3章 アセット・シェア ＞ 3.3.1 料率設定への活用"", ""source"": ""hoken1-seiho_03.pdf"", ""usage"": ""3.2 アセット・シェア計算の原理"", ""url"": ""textbooks/hoken1-seiho_03.pdf#page=25"", ""reason"": ""教科書リンクを小問テーマに近い見出しへ寄せ直し。関連：3.2 アセット・シェア計算の原理"", ""pdf_page"": ""25"", ""internal_page"": ""3-21""}]",1,教科書：第3章 アセット・シェア ＞ 3.3.1 料率設定への活用,,,
H24-Q1(1),H24,第Ⅰ部,問題1,(1),5,医療保険の入院発生率・給付日数,計算・説明,入院日数／フランチャイズ方式／粗発生率／粗給付日数／モラルリスク,計算型,医療保険,4,S,hoken1-seiho_07.pdf,第7章 医療保険 ＞ 7.4.1.2 発生率,7.4.1.4 予定発生率および予定入院日数などの設定の留意点,教科書リンクを小問テーマに近い見出しへ寄せ直し。関連：7.4.1.4 予定発生率および予定入院日数などの設定の留意点,18,7-14,H24G.pdf,p.1,1,7,exams/H24G.pdf#page=1,textbooks/hoken1-seiho_07.pdf#page=18,exams/H24G.pdf#page=7,,,,,,"[{""type"": ""教科書"", ""category"": ""教科書"", ""title"": ""第7章 医療保険 ＞ 7.4.1.2 発生率"", ""source"": ""hoken1-seiho_07.pdf"", ""usage"": ""7.4.1.4 予定発生率および予定入院日数などの設定の留意点"", ""url"": ""textbooks/hoken1-seiho_07.pdf#page=18"", ""reason"": ""教科書リンクを小問テーマに近い見出しへ寄せ直し。関連：7.4.1.4 予定発生率および予定入院日数などの設定の留意点"", ""pdf_page"": ""18"", ""internal_page"": ""7-14""}]",1,教科書：第7章 医療保険 ＞ 7.4.1.2 発生率,,,
H24-Q1(2),H24,第Ⅰ部,問題1,(2),5,集積リスク移転を目的とする生命再保険,説明,集積リスク／Cat Cover／エクセスオブロス／証券化,知識型,再保険,3,S,hoken1-seiho_08.pdf,第8章 再保険 ＞ 8.3.4 エクセスオブロス・カバー,8.1.2 再保険の目的／8.3.5 ストップロス・カバー,教科書リンクを小問テーマに近い見出しへ寄せ直し。関連：8.1.2 再保険の目的／8.3.5 ストップロス・カバー,28,8-24,H24G.pdf,p.2,2,7,exams/H24G.pdf#page=2,textbooks/hoken1-seiho_08.pdf#page=28,exams/H24G.pdf#page=7,II-3-10 再保険に関するリスク管理,https://www.fsa.go.jp/common/law/guide/ins/02c.html#:~:text=II%20%EF%BC%8D%EF%BC%93%EF%BC%8D10%EF%BC%8D%EF%BC%91%20%E4%BF%9D%E6%9C%89%E3%83%BB%E5%87%BA%E5%86%8D%E3%81%AB%E9%96%A2%E3%81%99%E3%82%8B%E3%83%AA%E3%82%B9%E3%82%AF%E7%AE%A1%E7%90%86,,,1,"[{""type"": ""教科書"", ""category"": ""教科書"", ""title"": ""第8章 再保険 ＞ 8.3.4 エクセスオブロス・カバー"", ""source"": ""hoken1-seiho_08.pdf"", ""usage"": ""8.1.2 再保険の目的／8.3.5 ストップロス・カバー"", ""url"": ""textbooks/hoken1-seiho_08.pdf#page=28"", ""reason"": ""教科書リンクを小問テーマに近い見出しへ寄せ直し。関連：8.1.2 再保険の目的／8.3.5 ストップロス・カバー"", ""pdf_page"": ""28"", ""internal_page"": ""8-24""}, {""id"": ""OFF-04"", ""category"": ""監督指針"", ""title"": ""II-3-10 再保険に関するリスク管理"", ""source"": ""金融庁"", ""usage"": ""再保険リスク、再保険先管理、リスク移転の確認"", ""url"": ""https://www.fsa.go.jp/common/law/guide/ins/02c.html#:~:text=II%20%EF%BC%8D%EF%BC%93%EF%BC%8D10%EF%BC%8D%EF%BC%91%20%E4%BF%9D%E6%9C%89%E3%83%BB%E5%87%BA%E5%86%8D%E3%81%AB%E9%96%A2%E3%81%99%E3%82%8B%E3%83%AA%E3%82%B9%E3%82%AF%E7%AE%A1%E7%90%86"", ""type"": ""公式"", ""reason"": ""再保険リスク、再保険先管理、リスク移転の確認"", ""section_hint"": ""II－3－10 再保険に関するリスク管理"", ""excerpt"": ""保有するリスクの規模・集中度を出再を通じて適正に管理するため、保有・出再政策、保有限度額、再保険によるカバー状況などを確認する箇所。"", ""display_mode"": ""official_panel""}]",2,教科書：第8章 再保険 ＞ 8.3.4 エクセスオブロス・カバー ／ 公式：II-3-10 再保険に関するリスク管理,II－3－10 再保険に関するリスク管理,保有するリスクの規模・集中度を出再を通じて適正に管理するため、保有・出再政策、保有限度額、再保険によるカバー状況などを確認する箇所。,
H24-Q1(3),H24,第Ⅰ部,問題1,(3),5,保険法における保険契約の類型,語句記入,生命保険契約／損害保険契約／傷害疾病定額保険／損害てん補,知識型,法令・基礎書類,3,A,hoken1-seiho_04.pdf,第4章 生命保険の商品開発 ＞ 4.4.10 法令等,7.1.1 保険業法上の医療保険,教科書リンクを小問テーマに近い見出しへ寄せ直し。関連：7.1.1 保険業法上の医療保険,54,4-51,H24G.pdf,p.2,2,7,exams/H24G.pdf#page=2,textbooks/hoken1-seiho_04.pdf#page=54,exams/H24G.pdf#page=7,,,,,,"[{""type"": ""教科書"", ""category"": ""教科書"", ""title"": ""第4章 生命保険の商品開発 ＞ 4.4.10 法令等"", ""source"": ""hoken1-seiho_04.pdf"", ""usage"": ""7.1.1 保険業法上の医療保険"", ""url"": ""textbooks/hoken1-seiho_04.pdf#page=54"", ""reason"": ""教科書リンクを小問テーマに近い見出しへ寄せ直し。関連：7.1.1 保険業法上の医療保険"", ""pdf_page"": ""54"", ""internal_page"": ""4-51""}]",1,教科書：第4章 生命保険の商品開発 ＞ 4.4.10 法令等,,,
H24-Q1(4),H24,第Ⅰ部,問題1,(4),5,アセット・シェア計算の活用目的,列挙・説明,保険料率／責任準備金十分性／配当確認／組織変更,知識型,アセット・シェア,2,S,hoken1-seiho_03.pdf,第3章 アセット・シェア ＞ 3.1.2 アセット・シェア計算の目的,3.3 アセット・シェアの活用例,教科書リンクを小問テーマに近い見出しへ寄せ直し。関連：3.3 アセット・シェアの活用例,6,3-2,H24G.pdf,p.2,2,7,exams/H24G.pdf#page=2,textbooks/hoken1-seiho_03.pdf#page=6,exams/H24G.pdf#page=7,,,,,,"[{""type"": ""教科書"", ""category"": ""教科書"", ""title"": ""第3章 アセット・シェア ＞ 3.1.2 アセット・シェア計算の目的"", ""source"": ""hoken1-seiho_03.pdf"", ""usage"": ""3.3 アセット・シェアの活用例"", ""url"": ""textbooks/hoken1-seiho_03.pdf#page=6"", ""reason"": ""教科書リンクを小問テーマに近い見出しへ寄せ直し。関連：3.3 アセット・シェアの活用例"", ""pdf_page"": ""6"", ""internal_page"": ""3-2""}]",1,教科書：第3章 アセット・シェア ＞ 3.1.2 アセット・シェア計算の目的,,,
H24-Q2(1),H24,第Ⅰ部,問題2,(1),10,金利上昇時の解約返戻金支払と流動性問題,説明,金利上昇／解約増加／流動性リスク／MVA／ALM,複合型,解約返戻金・金利リスク,4,S,hoken1-seiho_02.pdf,第2章 解約および解約返戻金 ＞ 2.7.4 流動性に対するリスク管理,2.7.2 ALMの観点からみた解約,教科書リンクを小問テーマに近い見出しへ寄せ直し。関連：2.7.2 ALMの観点からみた解約,42,2-36,H24G.pdf,p.3,3,8,exams/H24G.pdf#page=3,textbooks/hoken1-seiho_02.pdf#page=42,exams/H24G.pdf#page=8,II-3-12 流動性リスク管理態勢,https://www.fsa.go.jp/common/law/guide/ins/02c.html#:~:text=II%20%EF%BC%8D%EF%BC%93%EF%BC%8D12%20%E6%B5%81%E5%8B%95%E6%80%A7%E3%83%AA%E3%82%B9%E3%82%AF%E7%AE%A1%E7%90%86%E6%85%8B%E5%8B%A2,IV-5-3 契約者価額,https://www.fsa.go.jp/common/law/guide/ins/04.html#:~:text=IV%20%EF%BC%8D%EF%BC%95%EF%BC%8D%EF%BC%93%20%E5%A5%91%E7%B4%84%E8%80%85%E4%BE%A1%E9%A1%8D,2,"[{""type"": ""教科書"", ""category"": ""教科書"", ""title"": ""第2章 解約および解約返戻金 ＞ 2.7.4 流動性に対するリスク管理"", ""source"": ""hoken1-seiho_02.pdf"", ""usage"": ""2.7.2 ALMの観点からみた解約"", ""url"": ""textbooks/hoken1-seiho_02.pdf#page=42"", ""reason"": ""教科書リンクを小問テーマに近い見出しへ寄せ直し。関連：2.7.2 ALMの観点からみた解約"", ""pdf_page"": ""42"", ""internal_page"": ""2-36""}, {""id"": ""OFF-05"", ""category"": ""監督指針"", ""title"": ""II-3-12 流動性リスク管理態勢"", ""source"": ""金融庁"", ""usage"": ""流動性リスク、金利上昇時の解約増加・資金流出"", ""url"": ""https://www.fsa.go.jp/common/law/guide/ins/02c.html#:~:text=II%20%EF%BC%8D%EF%BC%93%EF%BC%8D12%20%E6%B5%81%E5%8B%95%E6%80%A7%E3%83%AA%E3%82%B9%E3%82%AF%E7%AE%A1%E7%90%86%E6%85%8B%E5%8B%A2"", ""type"": ""公式"", ""reason"": ""流動性リスク、金利上昇時の解約増加・資金流出"", ""section_hint"": ""II－3－12 流動性リスク管理態勢"", ""excerpt"": ""資金繰り・流動性リスクの管理態勢、金利上昇時の解約増加や資金流出への備えを確認する箇所。"", ""display_mode"": ""official_panel""}, {""id"": ""OFF-16"", ""category"": ""監督指針"", ""title"": ""IV-5-3 契約者価額"", ""source"": ""金融庁"", ""usage"": ""解約返戻金、契約者価額、MVA、市場価格調整"", ""url"": ""https://www.fsa.go.jp/common/law/guide/ins/04.html#:~:text=IV%20%EF%BC%8D%EF%BC%95%EF%BC%8D%EF%BC%93%20%E5%A5%91%E7%B4%84%E8%80%85%E4%BE%A1%E9%A1%8D"", ""type"": ""公式"", ""reason"": ""解約返戻金、契約者価額、MVA、市場価格調整"", ""section_hint"": ""IV－5－3 契約者価額"", ""excerpt"": ""解約返戻金は支出した事業費・投資上の損失・保険設計上の仕組み等に照らして合理的かつ妥当か、MVA係数はリスク管理や取引費用との整合性から妥当かを確認する箇所。"", ""display_mode"": ""official_panel""}]",3,教科書：第2章 解約および解約返戻金 ＞ 2.7.4 流動性に対するリスク管理 ／ 公式：II-3-12 流動性リスク管理態勢 ／ 公式：IV-5-3 契約者価額,II－3－12 流動性リスク管理態勢,資金繰り・流動性リスクの管理態勢、金利上昇時の解約増加や資金流出への備えを確認する箇所。,
H24-Q2(2),H24,第Ⅰ部,問題2,(2),10,変額年金保険の動的解約モデル,計算・説明,動的解約率／インザマネーネス／最低保証金額／ステップアップ,計算型,変額年金・解約モデル,5,S,hoken1-seiho_02.pdf,第2章 解約および解約返戻金 ＞ 2.6.4 動的解約率前提,第5章 変額年金保険 ＞ 5.2 最低保証リスク,教科書リンクを小問テーマに近い見出しへ寄せ直し。関連：第5章 変額年金保険 ＞ 5.2 最低保証リスク,37,2-31,H24G.pdf,p.3,3,10,exams/H24G.pdf#page=3,textbooks/hoken1-seiho_02.pdf#page=37,exams/H24G.pdf#page=10,IV-1-14 特別勘定又は積立勘定を設ける商品,https://www.fsa.go.jp/common/law/guide/ins/04.html#:~:text=IV%20%EF%BC%8D%EF%BC%91%EF%BC%8D14%20%E7%89%B9%E5%88%A5%E5%8B%98%E5%AE%9A%E5%8F%88%E3%81%AF%E7%A9%8D%E7%AB%8B%E5%8B%98%E5%AE%9A%E3%82%92%E8%A8%AD%E3%81%91%E3%82%8B%E5%95%86%E5%93%81,,,1,"[{""type"": ""教科書"", ""category"": ""教科書"", ""title"": ""第2章 解約および解約返戻金 ＞ 2.6.4 動的解約率前提"", ""source"": ""hoken1-seiho_02.pdf"", ""usage"": ""第5章 変額年金保険 ＞ 5.2 最低保証リスク"", ""url"": ""textbooks/hoken1-seiho_02.pdf#page=37"", ""reason"": ""教科書リンクを小問テーマに近い見出しへ寄せ直し。関連：第5章 変額年金保険 ＞ 5.2 最低保証リスク"", ""pdf_page"": ""37"", ""internal_page"": ""2-31""}, {""id"": ""OFF-11"", ""category"": ""監督指針"", ""title"": ""IV-1-14 特別勘定又は積立勘定を設ける商品"", ""source"": ""金融庁"", ""usage"": ""変額年金、特別勘定、最低保証を含む商品の審査観点"", ""url"": ""https://www.fsa.go.jp/common/law/guide/ins/04.html#:~:text=IV%20%EF%BC%8D%EF%BC%91%EF%BC%8D14%20%E7%89%B9%E5%88%A5%E5%8B%98%E5%AE%9A%E5%8F%88%E3%81%AF%E7%A9%8D%E7%AB%8B%E5%8B%98%E5%AE%9A%E3%82%92%E8%A8%AD%E3%81%91%E3%82%8B%E5%95%86%E5%93%81"", ""type"": ""公式"", ""reason"": ""変額年金、特別勘定、最低保証を含む商品の審査観点"", ""section_hint"": ""IV－1－14 特別勘定又は積立勘定を設ける商品"", ""excerpt"": ""変額年金・特別勘定・積立勘定を設ける商品、最低保証を含む商品の商品審査上の確認先。"", ""display_mode"": ""official_panel""}]",2,教科書：第2章 解約および解約返戻金 ＞ 2.6.4 動的解約率前提 ／ 公式：IV-1-14 特別勘定又は積立勘定を設ける商品,IV－1－14 特別勘定又は積立勘定を設ける商品,変額年金・特別勘定・積立勘定を設ける商品、最低保証を含む商品の商品審査上の確認先。,
H24-Q2(3),H24,第Ⅰ部,問題2,(3),10,モデル・ポイントの説明と設定上の留意点,説明,モデル・ポイント／代表契約／選定単位／計算効率／ヴァリデーション／恣意性排除,知識型,商品毎収益検証,3,S,hoken1-seiho_10.pdf,第10章 商品毎収益検証 ＞ 10.10.2 保険群団単位モデルとモデルポイント法の注意事項,10.10.3 代表契約単位のモデルと将来指標,教科書リンクを小問テーマに近い見出しへ寄せ直し。関連：10.10.3 代表契約単位のモデルと将来指標,59,10-53,H24G.pdf,p.4,5,10,exams/H24G.pdf#page=5,textbooks/hoken1-seiho_10.pdf#page=59,exams/H24G.pdf#page=10,,,,,,"[{""type"": ""教科書"", ""category"": ""教科書"", ""title"": ""第10章 商品毎収益検証 ＞ 10.10.2 保険群団単位モデルとモデルポイント法の注意事項"", ""source"": ""hoken1-seiho_10.pdf"", ""usage"": ""10.10.3 代表契約単位のモデルと将来指標"", ""url"": ""textbooks/hoken1-seiho_10.pdf#page=59"", ""reason"": ""教科書リンクを小問テーマに近い見出しへ寄せ直し。関連：10.10.3 代表契約単位のモデルと将来指標"", ""pdf_page"": ""59"", ""internal_page"": ""10-53""}]",1,教科書：第10章 商品毎収益検証 ＞ 10.10.2 保険群団単位モデルとモデルポイント法の注意事項,,,
H24-Q2(4),H24,第Ⅰ部,問題2,(4),10,予定保険料払込免除率の設定と責任準備金・契約者価額,説明,保険料払込免除率／障害状態／要介護状態／責任準備金／契約者価額／基礎率整合性,知識型,営業保険料・基礎率,4,A,hoken1-seiho_01.pdf,第1章 営業保険料 ＞ 1.4.1 予定死亡率・予定給付発生率等,2.2.2 解約返戻金に係る法規整,教科書リンクを小問テーマに近い見出しへ寄せ直し。関連：2.2.2 解約返戻金に係る法規整,9,1-7,H24G.pdf,p.4,5,12,exams/H24G.pdf#page=5,textbooks/hoken1-seiho_01.pdf#page=9,exams/H24G.pdf#page=12,IV-5-3 契約者価額,https://www.fsa.go.jp/common/law/guide/ins/04.html#:~:text=IV%20%EF%BC%8D%EF%BC%95%EF%BC%8D%EF%BC%93%20%E5%A5%91%E7%B4%84%E8%80%85%E4%BE%A1%E9%A1%8D,,,1,"[{""type"": ""教科書"", ""category"": ""教科書"", ""title"": ""第1章 営業保険料 ＞ 1.4.1 予定死亡率・予定給付発生率等"", ""source"": ""hoken1-seiho_01.pdf"", ""usage"": ""2.2.2 解約返戻金に係る法規整"", ""url"": ""textbooks/hoken1-seiho_01.pdf#page=9"", ""reason"": ""教科書リンクを小問テーマに近い見出しへ寄せ直し。関連：2.2.2 解約返戻金に係る法規整"", ""pdf_page"": ""9"", ""internal_page"": ""1-7""}, {""id"": ""OFF-16"", ""category"": ""監督指針"", ""title"": ""IV-5-3 契約者価額"", ""source"": ""金融庁"", ""usage"": ""解約返戻金、契約者価額、MVA、市場価格調整"", ""url"": ""https://www.fsa.go.jp/common/law/guide/ins/04.html#:~:text=IV%20%EF%BC%8D%EF%BC%95%EF%BC%8D%EF%BC%93%20%E5%A5%91%E7%B4%84%E8%80%85%E4%BE%A1%E9%A1%8D"", ""type"": ""公式"", ""reason"": ""解約返戻金、契約者価額、MVA、市場価格調整"", ""section_hint"": ""IV－5－3 契約者価額"", ""excerpt"": ""解約返戻金は支出した事業費・投資上の損失・保険設計上の仕組み等に照らして合理的かつ妥当か、MVA係数はリスク管理や取引費用との整合性から妥当かを確認する箇所。"", ""display_mode"": ""official_panel""}]",2,教科書：第1章 営業保険料 ＞ 1.4.1 予定死亡率・予定給付発生率等 ／ 公式：IV-5-3 契約者価額,IV－5－3 契約者価額,解約返戻金は支出した事業費・投資上の損失・保険設計上の仕組み等に照らして合理的かつ妥当か、MVA係数はリスク管理や取引費用との整合性から妥当かを確認する箇所。,
H24-Q3(1),H24,第Ⅱ部,問題3,(1),20,低金利下における団体年金保険の予定利率設定,所見論述,低金利／予定利率／団体年金／金利リスク／販売停止・据置,所見型,営業保険料・予定利率,5,S,hoken1-seiho_01.pdf,第1章 営業保険料 ＞ 1.4.3 予定利率,10.5 金利のシナリオ設定,教科書リンクを小問テーマに近い見出しへ寄せ直し。関連：10.5 金利のシナリオ設定,13,1-11,H24G.pdf,p.6,6,14,exams/H24G.pdf#page=6,textbooks/hoken1-seiho_01.pdf#page=13,exams/H24G.pdf#page=14,,,,,,"[{""type"": ""教科書"", ""category"": ""教科書"", ""title"": ""第1章 営業保険料 ＞ 1.4.3 予定利率"", ""source"": ""hoken1-seiho_01.pdf"", ""usage"": ""10.5 金利のシナリオ設定"", ""url"": ""textbooks/hoken1-seiho_01.pdf#page=13"", ""reason"": ""教科書リンクを小問テーマに近い見出しへ寄せ直し。関連：10.5 金利のシナリオ設定"", ""pdf_page"": ""13"", ""internal_page"": ""1-11""}]",1,教科書：第1章 営業保険料 ＞ 1.4.3 予定利率,,,
H24-Q3(2),H24,第Ⅱ部,問題3,(2),20,金融機関代理店チャネルの商品設計・価格設定,所見論述,乗合代理店／金融機関窓販／商品設計／チャネル特性／ガバナンス,所見型,商品開発・販売チャネル,5,S,hoken1-seiho_04.pdf,第4章 生命保険の商品開発 ＞ 4.4.3 販売経路（営業、募集）,4.2.1 商品開発プロセスの概略／1.4.4 予定事業費率,教科書リンクを小問テーマに近い見出しへ寄せ直し。関連：4.2.1 商品開発プロセスの概略／1.4.4 予定事業費率,39,4-36,H24G.pdf,p.6,6,17,exams/H24G.pdf#page=6,textbooks/hoken1-seiho_04.pdf#page=39,exams/H24G.pdf#page=17,,,,,,"[{""type"": ""教科書"", ""category"": ""教科書"", ""title"": ""第4章 生命保険の商品開発 ＞ 4.4.3 販売経路（営業、募集）"", ""source"": ""hoken1-seiho_04.pdf"", ""usage"": ""4.2.1 商品開発プロセスの概略／1.4.4 予定事業費率"", ""url"": ""textbooks/hoken1-seiho_04.pdf#page=39"", ""reason"": ""教科書リンクを小問テーマに近い見出しへ寄せ直し。関連：4.2.1 商品開発プロセスの概略／1.4.4 予定事業費率"", ""pdf_page"": ""39"", ""internal_page"": ""4-36""}]",1,教科書：第4章 生命保険の商品開発 ＞ 4.4.3 販売経路（営業、募集）,,,
H25-Q1(1),H25,第Ⅰ部,問題1,(1),5,第三分野標準生命表2007の作成方法,語句記入,第三分野標準生命表／基礎データ／補整／死亡保険用死亡率,知識型,医療保険,3,A,hoken1-seiho_07.pdf,第7章 医療保険 ＞ 7.4.1.1 死亡率,付録4 第三分野標準生命表2018の作成概要,教科書リンクを小問テーマに近い見出しへ寄せ直し。関連：付録4 第三分野標準生命表2018の作成概要,17,7-13,H25G.pdf,p.1,1,6,exams/H25G.pdf#page=1,textbooks/hoken1-seiho_07.pdf#page=17,exams/H25G.pdf#page=6,IV-4 第三分野,https://www.fsa.go.jp/common/law/guide/ins/04.html#:~:text=IV%20%EF%BC%8D%EF%BC%94%EF%BC%8D%EF%BC%91%20%E5%9F%BA%E7%A4%8E%E7%8E%87%E5%A4%89%E6%9B%B4%E6%A8%A9%E3%81%AE%E8%A8%AD%E5%AE%9A%E3%81%AB%E3%81%A4%E3%81%84%E3%81%A6,金融庁 報道発表資料（保険会社関係）,https://www.fsa.go.jp/news/r7/hoken/news_menu_h.html,2,"[{""type"": ""教科書"", ""category"": ""教科書"", ""title"": ""第7章 医療保険 ＞ 7.4.1.1 死亡率"", ""source"": ""hoken1-seiho_07.pdf"", ""usage"": ""付録4 第三分野標準生命表2018の作成概要"", ""url"": ""textbooks/hoken1-seiho_07.pdf#page=17"", ""reason"": ""教科書リンクを小問テーマに近い見出しへ寄せ直し。関連：付録4 第三分野標準生命表2018の作成概要"", ""pdf_page"": ""17"", ""internal_page"": ""7-13""}, {""id"": ""OFF-13"", ""category"": ""監督指針"", ""title"": ""IV-4 第三分野"", ""source"": ""金融庁"", ""usage"": ""第三分野商品の商品審査、基礎率変更権、契約者保護"", ""url"": ""https://www.fsa.go.jp/common/law/guide/ins/04.html#:~:text=IV%20%EF%BC%8D%EF%BC%94%EF%BC%8D%EF%BC%91%20%E5%9F%BA%E7%A4%8E%E7%8E%87%E5%A4%89%E6%9B%B4%E6%A8%A9%E3%81%AE%E8%A8%AD%E5%AE%9A%E3%81%AB%E3%81%A4%E3%81%84%E3%81%A6"", ""type"": ""公式"", ""reason"": ""第三分野商品の商品審査、基礎率変更権、契約者保護"", ""section_hint"": ""IV－4 第三分野／基礎率変更権"", ""excerpt"": ""第三分野保険の基礎率変更権、行使基準、実績発生率指標、契約者説明・情報開示、変更後予定発生率の合理性等を確認する箇所。"", ""display_mode"": ""official_panel""}, {""id"": ""OFF-29"", ""category"": ""パブコメ"", ""title"": ""金融庁 報道発表資料（保険会社関係）"", ""source"": ""金融庁"", ""usage"": ""監督指針・法令改正・標準生命表関連などの公表資料、パブリックコメント確認"", ""url"": ""https://www.fsa.go.jp/news/r7/hoken/news_menu_h.html"", ""type"": ""公式"", ""reason"": ""監督指針・法令改正・標準生命表関連などの公表資料、パブリックコメント確認"", ""section_hint"": ""金融庁 報道発表資料（保険会社関係）"", ""excerpt"": ""監督指針・法令改正・標準生命表関連などのパブリックコメント・公表資料の入口。個別案件の確認用。"", ""display_mode"": ""official_panel""}]",3,教科書：第7章 医療保険 ＞ 7.4.1.1 死亡率 ／ 公式：IV-4 第三分野 ／ 公式：金融庁 報道発表資料（保険会社関係）,IV－4 第三分野／基礎率変更権,第三分野保険の基礎率変更権、行使基準、実績発生率指標、契約者説明・情報開示、変更後予定発生率の合理性等を確認する箇所。,
H25-Q1(2),H25,第Ⅰ部,問題1,(2),5,アセット・シェアの料率設定への活用,語句記入,イクエーション方式／アキュムレーション方式／利益目標／保険料率,知識型,アセット・シェア,3,S,hoken1-seiho_03.pdf,第3章 アセット・シェア ＞ 3.3.1 料率設定への活用,3.2 アセット・シェア計算の原理,教科書リンクを小問テーマに近い見出しへ寄せ直し。関連：3.2 アセット・シェア計算の原理,25,3-21,H25G.pdf,p.1,1,6,exams/H25G.pdf#page=1,textbooks/hoken1-seiho_03.pdf#page=25,exams/H25G.pdf#page=6,,,,,,"[{""type"": ""教科書"", ""category"": ""教科書"", ""title"": ""第3章 アセット・シェア ＞ 3.3.1 料率設定への活用"", ""source"": ""hoken1-seiho_03.pdf"", ""usage"": ""3.2 アセット・シェア計算の原理"", ""url"": ""textbooks/hoken1-seiho_03.pdf#page=25"", ""reason"": ""教科書リンクを小問テーマに近い見出しへ寄せ直し。関連：3.2 アセット・シェア計算の原理"", ""pdf_page"": ""25"", ""internal_page"": ""3-21""}]",1,教科書：第3章 アセット・シェア ＞ 3.3.1 料率設定への活用,,,
H25-Q1(3),H25,第Ⅰ部,問題1,(3),5,財務再保険の定義と会計処理,語句記入,財務再保険／手数料収入／収益認識／預かり金,知識型,再保険,3,S,hoken1-seiho_08.pdf,第8章 再保険 ＞ 8.2.4 伝統的再保険・非伝統的再保険,8.4.3 ファイナイト・リスク保険,教科書リンクを小問テーマに近い見出しへ寄せ直し。関連：8.4.3 ファイナイト・リスク保険,13,8-9,H25G.pdf,p.2,2,6,exams/H25G.pdf#page=2,textbooks/hoken1-seiho_08.pdf#page=13,exams/H25G.pdf#page=6,保険業法施行規則 第71条 / 大蔵省告示第233号（財務再保険）,https://laws.e-gov.go.jp/law/408M50000040005#Mp-At_71,,,1,"[{""type"": ""教科書"", ""category"": ""教科書"", ""title"": ""第8章 再保険 ＞ 8.2.4 伝統的再保険・非伝統的再保険"", ""source"": ""hoken1-seiho_08.pdf"", ""usage"": ""8.4.3 ファイナイト・リスク保険"", ""url"": ""textbooks/hoken1-seiho_08.pdf#page=13"", ""reason"": ""教科書リンクを小問テーマに近い見出しへ寄せ直し。関連：8.4.3 ファイナイト・リスク保険"", ""pdf_page"": ""13"", ""internal_page"": ""8-9""}, {""id"": ""OFF-27"", ""category"": ""法令"", ""title"": ""保険業法施行規則 第71条 / 大蔵省告示第233号（財務再保険）"", ""source"": ""e-Gov法令検索・金融庁告示関連"", ""usage"": ""財務再保険、収益認識、預り金処理、修正共同保険式再保険"", ""url"": ""https://laws.e-gov.go.jp/law/408M50000040005#Mp-At_71"", ""type"": ""公式"", ""reason"": ""財務再保険、収益認識、預り金処理、修正共同保険式再保険"", ""section_hint"": ""保険業法施行規則 第71条／財務再保険"", ""excerpt"": ""責任準備金を積み立てない保険契約等の取扱い、財務再保険・大蔵省告示第233号に関連する確認先。"", ""display_mode"": ""official_panel""}]",2,教科書：第8章 再保険 ＞ 8.2.4 伝統的再保険・非伝統的再保険 ／ 公式：保険業法施行規則 第71条 / 大蔵省告示第233号（財務再保険）,保険業法施行規則 第71条／財務再保険,責任準備金を積み立てない保険契約等の取扱い、財務再保険・大蔵省告示第233号に関連する確認先。,
H25-Q1(4),H25,第Ⅰ部,問題1,(4),5,団体生命保険の数理算式,計算・算式,二項分布／純保険料／剰余／保険料率,計算型,団体生命保険,4,A,hoken1-seiho_06.pdf,第6章 団体生命保険 ＞ 6.6.1 保険料,6.6.2 平均保険料率,教科書リンクを小問テーマに近い見出しへ寄せ直し。関連：6.6.2 平均保険料率,19,6-15,H25G.pdf,p.2,2,6,exams/H25G.pdf#page=2,textbooks/hoken1-seiho_06.pdf#page=19,exams/H25G.pdf#page=6,,,,,,"[{""type"": ""教科書"", ""category"": ""教科書"", ""title"": ""第6章 団体生命保険 ＞ 6.6.1 保険料"", ""source"": ""hoken1-seiho_06.pdf"", ""usage"": ""6.6.2 平均保険料率"", ""url"": ""textbooks/hoken1-seiho_06.pdf#page=19"", ""reason"": ""教科書リンクを小問テーマに近い見出しへ寄せ直し。関連：6.6.2 平均保険料率"", ""pdf_page"": ""19"", ""internal_page"": ""6-15""}]",1,教科書：第6章 団体生命保険 ＞ 6.6.1 保険料,,,
H25-Q1(5),H25,第Ⅰ部,問題1,(5),5,VaRとCTEの説明・特徴,説明・数式,VaR／CTE／テイルリスク／リスク尺度,知識型,変額年金・リスク評価,3,S,hoken1-seiho_05.pdf,第5章 変額年金保険 ＞ 5.3.1 CTEアプローチ,5.3 変額年金保険数理の基本的な考え方,教科書リンクを小問テーマに近い見出しへ寄せ直し。関連：5.3 変額年金保険数理の基本的な考え方,15,5-11,H25G.pdf,p.3,3,7,exams/H25G.pdf#page=3,textbooks/hoken1-seiho_05.pdf#page=15,exams/H25G.pdf#page=7,,,,,,"[{""type"": ""教科書"", ""category"": ""教科書"", ""title"": ""第5章 変額年金保険 ＞ 5.3.1 CTEアプローチ"", ""source"": ""hoken1-seiho_05.pdf"", ""usage"": ""5.3 変額年金保険数理の基本的な考え方"", ""url"": ""textbooks/hoken1-seiho_05.pdf#page=15"", ""reason"": ""教科書リンクを小問テーマに近い見出しへ寄せ直し。関連：5.3 変額年金保険数理の基本的な考え方"", ""pdf_page"": ""15"", ""internal_page"": ""5-11""}]",1,教科書：第5章 変額年金保険 ＞ 5.3.1 CTEアプローチ,,,
H25-Q1(6),H25,第Ⅰ部,問題1,(6),5,医療保険のIBNR備金と入院責任準備金,説明,IBNR／入院責任準備金／既発生未報告／支払備金,知識型,医療保険,3,S,hoken1-seiho_07.pdf,第7章 医療保険 ＞ 7.5.3 支払備金・既発生未報告支払備金,7.5.3.1 既発生未報告支払備金と入院責任準備金との関係,教科書リンクを小問テーマに近い見出しへ寄せ直し。関連：7.5.3.1 既発生未報告支払備金と入院責任準備金との関係,26,7-22,H25G.pdf,p.3,3,7,exams/H25G.pdf#page=3,textbooks/hoken1-seiho_07.pdf#page=26,exams/H25G.pdf#page=7,IV-5-2 責任準備金,https://www.fsa.go.jp/common/law/guide/ins/04.html#:~:text=IV%20%EF%BC%8D%EF%BC%95%EF%BC%8D%EF%BC%92%20%E8%B2%AC%E4%BB%BB%E6%BA%96%E5%82%99%E9%87%91,,,1,"[{""type"": ""教科書"", ""category"": ""教科書"", ""title"": ""第7章 医療保険 ＞ 7.5.3 支払備金・既発生未報告支払備金"", ""source"": ""hoken1-seiho_07.pdf"", ""usage"": ""7.5.3.1 既発生未報告支払備金と入院責任準備金との関係"", ""url"": ""textbooks/hoken1-seiho_07.pdf#page=26"", ""reason"": ""教科書リンクを小問テーマに近い見出しへ寄せ直し。関連：7.5.3.1 既発生未報告支払備金と入院責任準備金との関係"", ""pdf_page"": ""26"", ""internal_page"": ""7-22""}, {""id"": ""OFF-15"", ""category"": ""監督指針"", ""title"": ""IV-5-2 責任準備金"", ""source"": ""金融庁"", ""usage"": ""責任準備金、標準責任準備金、第三分野ストレステスト"", ""url"": ""https://www.fsa.go.jp/common/law/guide/ins/04.html#:~:text=IV%20%EF%BC%8D%EF%BC%95%EF%BC%8D%EF%BC%92%20%E8%B2%AC%E4%BB%BB%E6%BA%96%E5%82%99%E9%87%91"", ""type"": ""公式"", ""reason"": ""責任準備金、標準責任準備金、第三分野ストレステスト"", ""section_hint"": ""IV－5－2 責任準備金"", ""excerpt"": ""責任準備金審査、負値責任準備金、MVAの仕組みを持つ商品の責任準備金、第三分野ストレステスト等の確認先。"", ""display_mode"": ""official_panel""}]",2,教科書：第7章 医療保険 ＞ 7.5.3 支払備金・既発生未報告支払備金 ／ 公式：IV-5-2 責任準備金,IV－5－2 責任準備金,責任準備金審査、負値責任準備金、MVAの仕組みを持つ商品の責任準備金、第三分野ストレステスト等の確認先。,
H25-Q2(1),H25,第Ⅰ部,問題2,(1),10,MVAの算式と利率設定の留意点,説明・算式,MVA／契約時利率／解約時利率／タイムラグマージン,複合型,解約返戻金・MVA,4,S,hoken1-seiho_02.pdf,第2章 解約および解約返戻金 ＞ 2.5.4 市場価格調整（Market Value Adjustment）,2.6.3 MVAの影響,教科書リンクを小問テーマに近い見出しへ寄せ直し。関連：2.6.3 MVAの影響,30,2-24,H25G.pdf,p.4,4,8,exams/H25G.pdf#page=4,textbooks/hoken1-seiho_02.pdf#page=30,exams/H25G.pdf#page=8,IV-5-3 契約者価額,https://www.fsa.go.jp/common/law/guide/ins/04.html#:~:text=IV%20%EF%BC%8D%EF%BC%95%EF%BC%8D%EF%BC%93%20%E5%A5%91%E7%B4%84%E8%80%85%E4%BE%A1%E9%A1%8D,II-4-2 保険募集管理態勢,https://www.fsa.go.jp/common/law/guide/ins/02d.html#:~:text=%E5%A5%91%E7%B4%84%E7%B7%A0%E7%B5%90%E5%89%8D%E4%BA%A4%E4%BB%98%E6%9B%B8%E9%9D%A2,2,"[{""type"": ""教科書"", ""category"": ""教科書"", ""title"": ""第2章 解約および解約返戻金 ＞ 2.5.4 市場価格調整（Market Value Adjustment）"", ""source"": ""hoken1-seiho_02.pdf"", ""usage"": ""2.6.3 MVAの影響"", ""url"": ""textbooks/hoken1-seiho_02.pdf#page=30"", ""reason"": ""教科書リンクを小問テーマに近い見出しへ寄せ直し。関連：2.6.3 MVAの影響"", ""pdf_page"": ""30"", ""internal_page"": ""2-24""}, {""id"": ""OFF-16"", ""category"": ""監督指針"", ""title"": ""IV-5-3 契約者価額"", ""source"": ""金融庁"", ""usage"": ""解約返戻金、契約者価額、MVA、市場価格調整"", ""url"": ""https://www.fsa.go.jp/common/law/guide/ins/04.html#:~:text=IV%20%EF%BC%8D%EF%BC%95%EF%BC%8D%EF%BC%93%20%E5%A5%91%E7%B4%84%E8%80%85%E4%BE%A1%E9%A1%8D"", ""type"": ""公式"", ""reason"": ""解約返戻金、契約者価額、MVA、市場価格調整"", ""section_hint"": ""IV－5－3 契約者価額"", ""excerpt"": ""解約返戻金は支出した事業費・投資上の損失・保険設計上の仕組み等に照らして合理的かつ妥当か、MVA係数はリスク管理や取引費用との整合性から妥当かを確認する箇所。"", ""display_mode"": ""official_panel""}, {""id"": ""OFF-06"", ""category"": ""監督指針"", ""title"": ""II-4-2 保険募集管理態勢"", ""source"": ""金融庁"", ""usage"": ""契約締結前交付書面、MVA等の商品説明関連"", ""url"": ""https://www.fsa.go.jp/common/law/guide/ins/02d.html#:~:text=%E5%A5%91%E7%B4%84%E7%B7%A0%E7%B5%90%E5%89%8D%E4%BA%A4%E4%BB%98%E6%9B%B8%E9%9D%A2"", ""type"": ""公式"", ""reason"": ""契約締結前交付書面、MVA等の商品説明関連"", ""section_hint"": ""II－4－2 保険募集管理態勢／契約締結前交付書面"", ""excerpt"": ""契約概要・注意喚起情報、特定保険契約の契約締結前交付書面、MVA等の商品説明に関する確認先。"", ""display_mode"": ""official_panel""}]",3,教科書：第2章 解約および解約返戻金 ＞ 2.5.4 市場価格調整（Market Value Adjustment） ／ 公式：IV-5-3 契約者価額 ／ 公式：II-4-2 保険募集管理態勢,IV－5－3 契約者価額,解約返戻金は支出した事業費・投資上の損失・保険設計上の仕組み等に照らして合理的かつ妥当か、MVA係数はリスク管理や取引費用との整合性から妥当かを確認する箇所。,
H25-Q2(2),H25,第Ⅰ部,問題2,(2),10,保険料率区分要素と男女別料率,説明,同質性／分離の必然性／測定可能性／男女別料率,知識型,料率細分化,3,S,hoken1-seiho_01.pdf,第1章 営業保険料 ＞ 1.5.3 保険料率の区分にあたって留意すべき事項,1.5.2 保険技術的公平性と社会的公平性,教科書リンクを小問テーマに近い見出しへ寄せ直し。関連：1.5.2 保険技術的公平性と社会的公平性,26,1-24,H25G.pdf,p.4,4,9,exams/H25G.pdf#page=4,textbooks/hoken1-seiho_01.pdf#page=26,exams/H25G.pdf#page=9,IV-5-1 保険料,https://www.fsa.go.jp/common/law/guide/ins/04.html#:~:text=IV%20%EF%BC%8D%EF%BC%95%EF%BC%8D%EF%BC%91%20%E4%BF%9D%E9%99%BA%E6%96%99,,,1,"[{""type"": ""教科書"", ""category"": ""教科書"", ""title"": ""第1章 営業保険料 ＞ 1.5.3 保険料率の区分にあたって留意すべき事項"", ""source"": ""hoken1-seiho_01.pdf"", ""usage"": ""1.5.2 保険技術的公平性と社会的公平性"", ""url"": ""textbooks/hoken1-seiho_01.pdf#page=26"", ""reason"": ""教科書リンクを小問テーマに近い見出しへ寄せ直し。関連：1.5.2 保険技術的公平性と社会的公平性"", ""pdf_page"": ""26"", ""internal_page"": ""1-24""}, {""id"": ""OFF-14"", ""category"": ""監督指針"", ""title"": ""IV-5-1 保険料"", ""source"": ""金融庁"", ""usage"": ""保険料・付加保険料・料率区分・割増引制度"", ""url"": ""https://www.fsa.go.jp/common/law/guide/ins/04.html#:~:text=IV%20%EF%BC%8D%EF%BC%95%EF%BC%8D%EF%BC%91%20%E4%BF%9D%E9%99%BA%E6%96%99"", ""type"": ""公式"", ""reason"": ""保険料・付加保険料・料率区分・割増引制度"", ""section_hint"": ""IV－5－1 保険料"", ""excerpt"": ""保険料の算出方法について、十分性・公平性等を考慮して合理的かつ妥当か、不当な差別的扱いがないか、予定発生率等が基礎データに基づくかを確認する箇所。"", ""display_mode"": ""official_panel""}]",2,教科書：第1章 営業保険料 ＞ 1.5.3 保険料率の区分にあたって留意すべき事項 ／ 公式：IV-5-1 保険料,IV－5－1 保険料,保険料の算出方法について、十分性・公平性等を考慮して合理的かつ妥当か、不当な差別的扱いがないか、予定発生率等が基礎データに基づくかを確認する箇所。,
H25-Q2(3),H25,第Ⅰ部,問題2,(3),10,商品毎収益検証における事業費シナリオ設定,説明,新契約費／維持費／配賦単位／会社経験値／規模の経済,複合型,商品毎収益検証,4,S,hoken1-seiho_10.pdf,第10章 商品毎収益検証 ＞ 10.7 事業費の設定,10.7.5 規模の弾力性,教科書リンクを小問テーマに近い見出しへ寄せ直し。関連：10.7.5 規模の弾力性,43,10-37,H25G.pdf,p.4,4,10,exams/H25G.pdf#page=4,textbooks/hoken1-seiho_10.pdf#page=43,exams/H25G.pdf#page=10,,,,,,"[{""type"": ""教科書"", ""category"": ""教科書"", ""title"": ""第10章 商品毎収益検証 ＞ 10.7 事業費の設定"", ""source"": ""hoken1-seiho_10.pdf"", ""usage"": ""10.7.5 規模の弾力性"", ""url"": ""textbooks/hoken1-seiho_10.pdf#page=43"", ""reason"": ""教科書リンクを小問テーマに近い見出しへ寄せ直し。関連：10.7.5 規模の弾力性"", ""pdf_page"": ""43"", ""internal_page"": ""10-37""}]",1,教科書：第10章 商品毎収益検証 ＞ 10.7 事業費の設定,,,
H25-Q3(1),H25,第Ⅱ部,問題3,(1),20,無解約返戻金型商品の開発・予定解約率,所見論述,無解約返戻金／予定解約率／契約者理解／解約率変動リスク,所見型,解約返戻金,5,S,hoken1-seiho_02.pdf,第2章 解約および解約返戻金 ＞ 2.5.2 低・無解約返戻金型商品,2.6.2 解約リスク,教科書リンクを小問テーマに近い見出しへ寄せ直し。関連：2.6.2 解約リスク,27,2-21,H25G.pdf,p.5,5,12,exams/H25G.pdf#page=5,textbooks/hoken1-seiho_02.pdf#page=27,exams/H25G.pdf#page=12,,,,,,"[{""type"": ""教科書"", ""category"": ""教科書"", ""title"": ""第2章 解約および解約返戻金 ＞ 2.5.2 低・無解約返戻金型商品"", ""source"": ""hoken1-seiho_02.pdf"", ""usage"": ""2.6.2 解約リスク"", ""url"": ""textbooks/hoken1-seiho_02.pdf#page=27"", ""reason"": ""教科書リンクを小問テーマに近い見出しへ寄せ直し。関連：2.6.2 解約リスク"", ""pdf_page"": ""27"", ""internal_page"": ""2-21""}]",1,教科書：第2章 解約および解約返戻金 ＞ 2.5.2 低・無解約返戻金型商品,,,
H25-Q3(2),H25,第Ⅱ部,問題3,(2),20,長寿リスクと個人年金保険の商品設計,所見論述,長寿リスク／年金開始後死亡率／予定利率／再保険／商品設計,所見型,営業保険料・基礎率,5,S,hoken1-seiho_04.pdf,第4章 生命保険の商品開発 ＞ 4.3.1 保険給付等の詳細設計,1.4.1 予定死亡率・予定給付発生率等,教科書リンクを小問テーマに近い見出しへ寄せ直し。関連：1.4.1 予定死亡率・予定給付発生率等,26,4-23,H25G.pdf,p.5,5,15,exams/H25G.pdf#page=5,textbooks/hoken1-seiho_04.pdf#page=26,exams/H25G.pdf#page=15,,,,,,"[{""type"": ""教科書"", ""category"": ""教科書"", ""title"": ""第4章 生命保険の商品開発 ＞ 4.3.1 保険給付等の詳細設計"", ""source"": ""hoken1-seiho_04.pdf"", ""usage"": ""1.4.1 予定死亡率・予定給付発生率等"", ""url"": ""textbooks/hoken1-seiho_04.pdf#page=26"", ""reason"": ""教科書リンクを小問テーマに近い見出しへ寄せ直し。関連：1.4.1 予定死亡率・予定給付発生率等"", ""pdf_page"": ""26"", ""internal_page"": ""4-23""}]",1,教科書：第4章 生命保険の商品開発 ＞ 4.3.1 保険給付等の詳細設計,,,
H26-Q1(1),H26,第Ⅰ部,問題1,(1),5,算出方法書の記載事項,語句記入,返戻金／契約者配当／未収保険料／保険期間／保険数理,知識型,法令・基礎書類,2,S,hoken1-seiho_04.pdf,第4章 生命保険の商品開発 ＞ ［参考］商品開発に関連する基礎書類,4.4.10 法令等,教科書リンクを小問テーマに近い見出しへ寄せ直し。関連：4.4.10 法令等,56,4-53,H26G.pdf,p.1,1,7,exams/H26G.pdf#page=1,textbooks/hoken1-seiho_04.pdf#page=56,exams/H26G.pdf#page=7,保険業法施行規則 第10条（算出方法書の記載事項）,https://laws.e-gov.go.jp/law/408M50000040005#Mp-At_10,,,1,"[{""type"": ""教科書"", ""category"": ""教科書"", ""title"": ""第4章 生命保険の商品開発 ＞ ［参考］商品開発に関連する基礎書類"", ""source"": ""hoken1-seiho_04.pdf"", ""usage"": ""4.4.10 法令等"", ""url"": ""textbooks/hoken1-seiho_04.pdf#page=56"", ""reason"": ""教科書リンクを小問テーマに近い見出しへ寄せ直し。関連：4.4.10 法令等"", ""pdf_page"": ""56"", ""internal_page"": ""4-53""}, {""id"": ""OFF-25"", ""category"": ""法令"", ""title"": ""保険業法施行規則 第10条（算出方法書の記載事項）"", ""source"": ""e-Gov法令検索"", ""usage"": ""保険料、責任準備金、契約者価額、配当、未収保険料等"", ""url"": ""https://laws.e-gov.go.jp/law/408M50000040005#Mp-At_10"", ""type"": ""公式"", ""reason"": ""保険料、責任準備金、契約者価額、配当、未収保険料等"", ""section_hint"": ""保険業法施行規則 第10条（算出方法書の記載事項）"", ""excerpt"": ""算出方法書の記載事項。保険料、責任準備金、契約者価額、契約者配当、未収保険料、保険金額・保険種類等変更時の計算方法。"", ""display_mode"": ""official_panel""}]",2,教科書：第4章 生命保険の商品開発 ＞ ［参考］商品開発に関連する基礎書類 ／ 公式：保険業法施行規則 第10条（算出方法書の記載事項）,保険業法施行規則 第10条（算出方法書の記載事項）,算出方法書の記載事項。保険料、責任準備金、契約者価額、契約者配当、未収保険料、保険金額・保険種類等変更時の計算方法。,
H26-Q1(2),H26,第Ⅰ部,問題1,(2),5,団体保険の商品種類・目的,語句記入,総合福祉団体定期保険／ヒューマン・ヴァリュー特約／団体信用生命保険,知識型,団体生命保険,2,S,hoken1-seiho_06.pdf,第6章 団体生命保険 ＞ 6.5 団体保険の種類,6.4 団体定期保険の総論,教科書リンクを小問テーマに近い見出しへ寄せ直し。関連：6.4 団体定期保険の総論,12,6-8,H26G.pdf,p.1,1,7,exams/H26G.pdf#page=1,textbooks/hoken1-seiho_06.pdf#page=12,exams/H26G.pdf#page=7,IV-1-15 団体保険又は団体契約の取扱い,https://www.fsa.go.jp/common/law/guide/ins/04.html#:~:text=IV%20%EF%BC%8D%EF%BC%91%EF%BC%8D15%20%E5%9B%A3%E4%BD%93%E4%BF%9D%E9%99%BA%E5%8F%88%E3%81%AF%E5%9B%A3%E4%BD%93%E5%A5%91%E7%B4%84%E3%81%AE%E5%8F%96%E6%89%B1%E3%81%84,,,1,"[{""type"": ""教科書"", ""category"": ""教科書"", ""title"": ""第6章 団体生命保険 ＞ 6.5 団体保険の種類"", ""source"": ""hoken1-seiho_06.pdf"", ""usage"": ""6.4 団体定期保険の総論"", ""url"": ""textbooks/hoken1-seiho_06.pdf#page=12"", ""reason"": ""教科書リンクを小問テーマに近い見出しへ寄せ直し。関連：6.4 団体定期保険の総論"", ""pdf_page"": ""12"", ""internal_page"": ""6-8""}, {""id"": ""OFF-12"", ""category"": ""監督指針"", ""title"": ""IV-1-15 団体保険又は団体契約の取扱い"", ""source"": ""金融庁"", ""usage"": ""団体及び被保険団体の範囲、被保険団体区分、保険料率設定"", ""url"": ""https://www.fsa.go.jp/common/law/guide/ins/04.html#:~:text=IV%20%EF%BC%8D%EF%BC%91%EF%BC%8D15%20%E5%9B%A3%E4%BD%93%E4%BF%9D%E9%99%BA%E5%8F%88%E3%81%AF%E5%9B%A3%E4%BD%93%E5%A5%91%E7%B4%84%E3%81%AE%E5%8F%96%E6%89%B1%E3%81%84"", ""type"": ""公式"", ""reason"": ""団体及び被保険団体の範囲、被保険団体区分、保険料率設定"", ""section_hint"": ""IV－1－15 団体保険又は団体契約の取扱い"", ""excerpt"": ""団体及び被保険団体の範囲、団体要件、退職者等を含める場合の事務処理能力・保険料収納管理等を確認する箇所。"", ""display_mode"": ""official_panel""}]",2,教科書：第6章 団体生命保険 ＞ 6.5 団体保険の種類 ／ 公式：IV-1-15 団体保険又は団体契約の取扱い,IV－1－15 団体保険又は団体契約の取扱い,団体及び被保険団体の範囲、団体要件、退職者等を含める場合の事務処理能力・保険料収納管理等を確認する箇所。,
H26-Q1(3),H26,第Ⅰ部,問題1,(3),5,非伝統的再保険とART,語句記入,財務再保険／サープラス・リリーフ／ART／キャプティブ／証券化,知識型,再保険,3,S,hoken1-seiho_08.pdf,第8章 再保険 ＞ 8.2.4 伝統的再保険・非伝統的再保険,8.4 再保険と財務改善,教科書リンクを小問テーマに近い見出しへ寄せ直し。関連：8.4 再保険と財務改善,13,8-9,H26G.pdf,p.2,2,7,exams/H26G.pdf#page=2,textbooks/hoken1-seiho_08.pdf#page=13,exams/H26G.pdf#page=7,II-3-10 再保険に関するリスク管理,https://www.fsa.go.jp/common/law/guide/ins/02c.html#:~:text=II%20%EF%BC%8D%EF%BC%93%EF%BC%8D10%EF%BC%8D%EF%BC%91%20%E4%BF%9D%E6%9C%89%E3%83%BB%E5%87%BA%E5%86%8D%E3%81%AB%E9%96%A2%E3%81%99%E3%82%8B%E3%83%AA%E3%82%B9%E3%82%AF%E7%AE%A1%E7%90%86,,,1,"[{""type"": ""教科書"", ""category"": ""教科書"", ""title"": ""第8章 再保険 ＞ 8.2.4 伝統的再保険・非伝統的再保険"", ""source"": ""hoken1-seiho_08.pdf"", ""usage"": ""8.4 再保険と財務改善"", ""url"": ""textbooks/hoken1-seiho_08.pdf#page=13"", ""reason"": ""教科書リンクを小問テーマに近い見出しへ寄せ直し。関連：8.4 再保険と財務改善"", ""pdf_page"": ""13"", ""internal_page"": ""8-9""}, {""id"": ""OFF-04"", ""category"": ""監督指針"", ""title"": ""II-3-10 再保険に関するリスク管理"", ""source"": ""金融庁"", ""usage"": ""再保険リスク、再保険先管理、リスク移転の確認"", ""url"": ""https://www.fsa.go.jp/common/law/guide/ins/02c.html#:~:text=II%20%EF%BC%8D%EF%BC%93%EF%BC%8D10%EF%BC%8D%EF%BC%91%20%E4%BF%9D%E6%9C%89%E3%83%BB%E5%87%BA%E5%86%8D%E3%81%AB%E9%96%A2%E3%81%99%E3%82%8B%E3%83%AA%E3%82%B9%E3%82%AF%E7%AE%A1%E7%90%86"", ""type"": ""公式"", ""reason"": ""再保険リスク、再保険先管理、リスク移転の確認"", ""section_hint"": ""II－3－10 再保険に関するリスク管理"", ""excerpt"": ""保有するリスクの規模・集中度を出再を通じて適正に管理するため、保有・出再政策、保有限度額、再保険によるカバー状況などを確認する箇所。"", ""display_mode"": ""official_panel""}]",2,教科書：第8章 再保険 ＞ 8.2.4 伝統的再保険・非伝統的再保険 ／ 公式：II-3-10 再保険に関するリスク管理,II－3－10 再保険に関するリスク管理,保有するリスクの規模・集中度を出再を通じて適正に管理するため、保有・出再政策、保有限度額、再保険によるカバー状況などを確認する箇所。,
H26-Q1(4),H26,第Ⅰ部,問題1,(4),5,死亡率の年齢調整,計算・説明,経験死亡率／年齢調整／経過契約分布／件数ベース死亡率,計算型,営業保険料・基礎率,4,A,hoken1-seiho_01.pdf,第1章 営業保険料 ＞ 1.4.1 予定死亡率・予定給付発生率等,7.4.1.1 死亡率,教科書リンクを小問テーマに近い見出しへ寄せ直し。関連：7.4.1.1 死亡率,9,1-7,H26G.pdf,p.3,3,7,exams/H26G.pdf#page=3,textbooks/hoken1-seiho_01.pdf#page=9,exams/H26G.pdf#page=7,,,,,,"[{""type"": ""教科書"", ""category"": ""教科書"", ""title"": ""第1章 営業保険料 ＞ 1.4.1 予定死亡率・予定給付発生率等"", ""source"": ""hoken1-seiho_01.pdf"", ""usage"": ""7.4.1.1 死亡率"", ""url"": ""textbooks/hoken1-seiho_01.pdf#page=9"", ""reason"": ""教科書リンクを小問テーマに近い見出しへ寄せ直し。関連：7.4.1.1 死亡率"", ""pdf_page"": ""9"", ""internal_page"": ""1-7""}]",1,教科書：第1章 営業保険料 ＞ 1.4.1 予定死亡率・予定給付発生率等,,,
H26-Q1(5),H26,第Ⅰ部,問題1,(5),5,変額年金保険の会計価値ヘッジ,説明,会計価値ヘッジ／責任準備金／経済価値ヘッジ／デリバティブ,知識型,変額年金・ヘッジ,3,S,hoken1-seiho_05.pdf,第5章 変額年金保険 ＞ 5.5.2 会計価値のヘッジ,5.5.1 経済価値のヘッジ,教科書リンクを小問テーマに近い見出しへ寄せ直し。関連：5.5.1 経済価値のヘッジ,35,5-31,H26G.pdf,p.4,4,8,exams/H26G.pdf#page=4,textbooks/hoken1-seiho_05.pdf#page=35,exams/H26G.pdf#page=8,,,,,,"[{""type"": ""教科書"", ""category"": ""教科書"", ""title"": ""第5章 変額年金保険 ＞ 5.5.2 会計価値のヘッジ"", ""source"": ""hoken1-seiho_05.pdf"", ""usage"": ""5.5.1 経済価値のヘッジ"", ""url"": ""textbooks/hoken1-seiho_05.pdf#page=35"", ""reason"": ""教科書リンクを小問テーマに近い見出しへ寄せ直し。関連：5.5.1 経済価値のヘッジ"", ""pdf_page"": ""35"", ""internal_page"": ""5-31""}]",1,教科書：第5章 変額年金保険 ＞ 5.5.2 会計価値のヘッジ,,,
H26-Q1(6),H26,第Ⅰ部,問題1,(6),5,第三分野基礎率変更権の審査上の留意事項,説明,基礎率変更権／審査／予定発生率／契約者保護,知識型,医療保険,3,S,hoken1-seiho_07.pdf,第7章 医療保険 ＞ 7.6.2 基礎率変更権を行使する認可申請の取扱い,7.6.1 基礎率変更権の設定について,教科書リンクを小問テーマに近い見出しへ寄せ直し。関連：7.6.1 基礎率変更権の設定について,37,7-33,H26G.pdf,p.4,4,8,exams/H26G.pdf#page=4,textbooks/hoken1-seiho_07.pdf#page=37,exams/H26G.pdf#page=8,IV-4 第三分野,https://www.fsa.go.jp/common/law/guide/ins/04.html#:~:text=IV%20%EF%BC%8D%EF%BC%94%EF%BC%8D%EF%BC%91%20%E5%9F%BA%E7%A4%8E%E7%8E%87%E5%A4%89%E6%9B%B4%E6%A8%A9%E3%81%AE%E8%A8%AD%E5%AE%9A%E3%81%AB%E3%81%A4%E3%81%84%E3%81%A6,保険業法施行規則 第11条（基礎率変更権等）,https://laws.e-gov.go.jp/law/408M50000040005#Mp-At_11,2,"[{""type"": ""教科書"", ""category"": ""教科書"", ""title"": ""第7章 医療保険 ＞ 7.6.2 基礎率変更権を行使する認可申請の取扱い"", ""source"": ""hoken1-seiho_07.pdf"", ""usage"": ""7.6.1 基礎率変更権の設定について"", ""url"": ""textbooks/hoken1-seiho_07.pdf#page=37"", ""reason"": ""教科書リンクを小問テーマに近い見出しへ寄せ直し。関連：7.6.1 基礎率変更権の設定について"", ""pdf_page"": ""37"", ""internal_page"": ""7-33""}, {""id"": ""OFF-13"", ""category"": ""監督指針"", ""title"": ""IV-4 第三分野"", ""source"": ""金融庁"", ""usage"": ""第三分野商品の商品審査、基礎率変更権、契約者保護"", ""url"": ""https://www.fsa.go.jp/common/law/guide/ins/04.html#:~:text=IV%20%EF%BC%8D%EF%BC%94%EF%BC%8D%EF%BC%91%20%E5%9F%BA%E7%A4%8E%E7%8E%87%E5%A4%89%E6%9B%B4%E6%A8%A9%E3%81%AE%E8%A8%AD%E5%AE%9A%E3%81%AB%E3%81%A4%E3%81%84%E3%81%A6"", ""type"": ""公式"", ""reason"": ""第三分野商品の商品審査、基礎率変更権、契約者保護"", ""section_hint"": ""IV－4 第三分野／基礎率変更権"", ""excerpt"": ""第三分野保険の基礎率変更権、行使基準、実績発生率指標、契約者説明・情報開示、変更後予定発生率の合理性等を確認する箇所。"", ""display_mode"": ""official_panel""}, {""id"": ""OFF-26"", ""category"": ""法令"", ""title"": ""保険業法施行規則 第11条（基礎率変更権等）"", ""source"": ""e-Gov法令検索"", ""usage"": ""第三分野保険の基礎率変更権、認可申請の根拠"", ""url"": ""https://laws.e-gov.go.jp/law/408M50000040005#Mp-At_11"", ""type"": ""公式"", ""reason"": ""第三分野保険の基礎率変更権、認可申請の根拠"", ""section_hint"": ""保険業法施行規則 第11条（基礎率変更権等）"", ""excerpt"": ""基礎率変更権等の算出方法書記載事項・審査基準に関連する条文。第三分野保険の基礎率変更権問題で確認。"", ""display_mode"": ""official_panel""}]",3,教科書：第7章 医療保険 ＞ 7.6.2 基礎率変更権を行使する認可申請の取扱い ／ 公式：IV-4 第三分野 ／ 公式：保険業法施行規則 第11条（基礎率変更権等）,IV－4 第三分野／基礎率変更権,第三分野保険の基礎率変更権、行使基準、実績発生率指標、契約者説明・情報開示、変更後予定発生率の合理性等を確認する箇所。,
H26-Q2(1),H26,第Ⅰ部,問題2,(1),10,高額割引制度のメリット・デメリット,説明,高額割引／費用主義／価格競争力／公平性／逆選択,複合型,料率細分化,4,A,hoken1-seiho_01.pdf,第1章 営業保険料 ＞ 1.5.3 保険料率の区分にあたって留意すべき事項,1.5.1 理念としての公平性原則,教科書リンクを小問テーマに近い見出しへ寄せ直し。関連：1.5.1 理念としての公平性原則,26,1-24,H26G.pdf,p.5,5,9,exams/H26G.pdf#page=5,textbooks/hoken1-seiho_01.pdf#page=26,exams/H26G.pdf#page=9,IV-5-1 保険料,https://www.fsa.go.jp/common/law/guide/ins/04.html#:~:text=IV%20%EF%BC%8D%EF%BC%95%EF%BC%8D%EF%BC%91%20%E4%BF%9D%E9%99%BA%E6%96%99,,,1,"[{""type"": ""教科書"", ""category"": ""教科書"", ""title"": ""第1章 営業保険料 ＞ 1.5.3 保険料率の区分にあたって留意すべき事項"", ""source"": ""hoken1-seiho_01.pdf"", ""usage"": ""1.5.1 理念としての公平性原則"", ""url"": ""textbooks/hoken1-seiho_01.pdf#page=26"", ""reason"": ""教科書リンクを小問テーマに近い見出しへ寄せ直し。関連：1.5.1 理念としての公平性原則"", ""pdf_page"": ""26"", ""internal_page"": ""1-24""}, {""id"": ""OFF-14"", ""category"": ""監督指針"", ""title"": ""IV-5-1 保険料"", ""source"": ""金融庁"", ""usage"": ""保険料・付加保険料・料率区分・割増引制度"", ""url"": ""https://www.fsa.go.jp/common/law/guide/ins/04.html#:~:text=IV%20%EF%BC%8D%EF%BC%95%EF%BC%8D%EF%BC%91%20%E4%BF%9D%E9%99%BA%E6%96%99"", ""type"": ""公式"", ""reason"": ""保険料・付加保険料・料率区分・割増引制度"", ""section_hint"": ""IV－5－1 保険料"", ""excerpt"": ""保険料の算出方法について、十分性・公平性等を考慮して合理的かつ妥当か、不当な差別的扱いがないか、予定発生率等が基礎データに基づくかを確認する箇所。"", ""display_mode"": ""official_panel""}]",2,教科書：第1章 営業保険料 ＞ 1.5.3 保険料率の区分にあたって留意すべき事項 ／ 公式：IV-5-1 保険料,IV－5－1 保険料,保険料の算出方法について、十分性・公平性等を考慮して合理的かつ妥当か、不当な差別的扱いがないか、予定発生率等が基礎データに基づくかを確認する箇所。,
H26-Q2(2),H26,第Ⅰ部,問題2,(2),10,優良体保険導入時の留意事項,説明,優良体／死亡率／査定基準／既契約への影響／募集トラブル,複合型,危険選択・料率細分化,4,S,hoken1-seiho_01.pdf,第1章 営業保険料 ＞ 1.5.3 保険料率の区分にあたって留意すべき事項,4.4.4 危険選択（アンダーライティング）,教科書リンクを小問テーマに近い見出しへ寄せ直し。関連：4.4.4 危険選択（アンダーライティング）,26,1-24,H26G.pdf,p.5,5,10,exams/H26G.pdf#page=5,textbooks/hoken1-seiho_01.pdf#page=26,exams/H26G.pdf#page=10,IV-1-4 危険選択,https://www.fsa.go.jp/common/law/guide/ins/04.html#:~:text=IV%20%EF%BC%8D%EF%BC%91%EF%BC%8D%EF%BC%94%20%E5%8D%B1%E9%99%BA%E9%81%B8%E6%8A%9E,IV-5-1 保険料,https://www.fsa.go.jp/common/law/guide/ins/04.html#:~:text=IV%20%EF%BC%8D%EF%BC%95%EF%BC%8D%EF%BC%91%20%E4%BF%9D%E9%99%BA%E6%96%99,2,"[{""type"": ""教科書"", ""category"": ""教科書"", ""title"": ""第1章 営業保険料 ＞ 1.5.3 保険料率の区分にあたって留意すべき事項"", ""source"": ""hoken1-seiho_01.pdf"", ""usage"": ""4.4.4 危険選択（アンダーライティング）"", ""url"": ""textbooks/hoken1-seiho_01.pdf#page=26"", ""reason"": ""教科書リンクを小問テーマに近い見出しへ寄せ直し。関連：4.4.4 危険選択（アンダーライティング）"", ""pdf_page"": ""26"", ""internal_page"": ""1-24""}, {""id"": ""OFF-08"", ""category"": ""監督指針"", ""title"": ""IV-1-4 危険選択"", ""source"": ""金融庁"", ""usage"": ""危険選択、告知項目、引受範囲に関する商品審査"", ""url"": ""https://www.fsa.go.jp/common/law/guide/ins/04.html#:~:text=IV%20%EF%BC%8D%EF%BC%91%EF%BC%8D%EF%BC%94%20%E5%8D%B1%E9%99%BA%E9%81%B8%E6%8A%9E"", ""type"": ""公式"", ""reason"": ""危険選択、告知項目、引受範囲に関する商品審査"", ""section_hint"": ""IV－1－4 危険選択"", ""excerpt"": ""被保険者の健康状態等に係る身体的危険、職業等に係る環境的危険を適切に選択する方策、モラルリスク排除、無選択型商品の逆選択対応を確認する箇所。"", ""display_mode"": ""official_panel""}, {""id"": ""OFF-14"", ""category"": ""監督指針"", ""title"": ""IV-5-1 保険料"", ""source"": ""金融庁"", ""usage"": ""保険料・付加保険料・料率区分・割増引制度"", ""url"": ""https://www.fsa.go.jp/common/law/guide/ins/04.html#:~:text=IV%20%EF%BC%8D%EF%BC%95%EF%BC%8D%EF%BC%91%20%E4%BF%9D%E9%99%BA%E6%96%99"", ""type"": ""公式"", ""reason"": ""保険料・付加保険料・料率区分・割増引制度"", ""section_hint"": ""IV－5－1 保険料"", ""excerpt"": ""保険料の算出方法について、十分性・公平性等を考慮して合理的かつ妥当か、不当な差別的扱いがないか、予定発生率等が基礎データに基づくかを確認する箇所。"", ""display_mode"": ""official_panel""}]",3,教科書：第1章 営業保険料 ＞ 1.5.3 保険料率の区分にあたって留意すべき事項 ／ 公式：IV-1-4 危険選択 ／ 公式：IV-5-1 保険料,IV－1－4 危険選択,被保険者の健康状態等に係る身体的危険、職業等に係る環境的危険を適切に選択する方策、モラルリスク排除、無選択型商品の逆選択対応を確認する箇所。,
H26-Q2(3),H26,第Ⅰ部,問題2,(3),10,解約益リスクと継続リスク,説明,解約益リスク／継続リスク／将来利益／解約率／収益性,知識型,解約返戻金,3,S,hoken1-seiho_02.pdf,第2章 解約および解約返戻金 ＞ 2.6.1 解約益 ＞ 2.6.2 解約リスク,2.6.4 動的解約率前提,教科書リンクを小問テーマに近い見出しへ寄せ直し。関連：2.6.4 動的解約率前提,32,2-26,H26G.pdf,p.5,5,12,exams/H26G.pdf#page=5,textbooks/hoken1-seiho_02.pdf#page=32,exams/H26G.pdf#page=12,,,,,,"[{""type"": ""教科書"", ""category"": ""教科書"", ""title"": ""第2章 解約および解約返戻金 ＞ 2.6.1 解約益 ＞ 2.6.2 解約リスク"", ""source"": ""hoken1-seiho_02.pdf"", ""usage"": ""2.6.4 動的解約率前提"", ""url"": ""textbooks/hoken1-seiho_02.pdf#page=32"", ""reason"": ""教科書リンクを小問テーマに近い見出しへ寄せ直し。関連：2.6.4 動的解約率前提"", ""pdf_page"": ""32"", ""internal_page"": ""2-26""}]",1,教科書：第2章 解約および解約返戻金 ＞ 2.6.1 解約益 ＞ 2.6.2 解約リスク,,,
H26-Q3(1),H26,第Ⅱ部,問題3,(1),20,市場整合的評価手法を用いた商品毎収益検証,所見論述,市場整合的評価／リスクフリーレート／ALM／シナリオ／収益性,所見型,商品毎収益検証,5,S,hoken1-seiho_10.pdf,第10章 商品毎収益検証 ＞ 10.3.1 商品毎収益検証に使うシナリオと手法,10.9 収益性・健全性の指標の例,教科書リンクを小問テーマに近い見出しへ寄せ直し。関連：10.9 収益性・健全性の指標の例,12,10-6,H26G.pdf,p.6,6,13,exams/H26G.pdf#page=6,textbooks/hoken1-seiho_10.pdf#page=12,exams/H26G.pdf#page=13,,,,,,"[{""type"": ""教科書"", ""category"": ""教科書"", ""title"": ""第10章 商品毎収益検証 ＞ 10.3.1 商品毎収益検証に使うシナリオと手法"", ""source"": ""hoken1-seiho_10.pdf"", ""usage"": ""10.9 収益性・健全性の指標の例"", ""url"": ""textbooks/hoken1-seiho_10.pdf#page=12"", ""reason"": ""教科書リンクを小問テーマに近い見出しへ寄せ直し。関連：10.9 収益性・健全性の指標の例"", ""pdf_page"": ""12"", ""internal_page"": ""10-6""}]",1,教科書：第10章 商品毎収益検証 ＞ 10.3.1 商品毎収益検証に使うシナリオと手法,,,
H26-Q3(2),H26,第Ⅱ部,問題3,(2),20,医療保険の開発・商品設計・基礎率設定,所見論述,医療保険／逆選択／モラルリスク／給付設計／予定発生率,所見型,医療保険・商品開発,5,S,hoken1-seiho_07.pdf,第7章 医療保険 ＞ 7.4.1.4 予定発生率および予定入院日数などの設定の留意点,4.3.1 保険給付等の詳細設計／7.3 保障内容,教科書リンクを小問テーマに近い見出しへ寄せ直し。関連：4.3.1 保険給付等の詳細設計／7.3 保障内容,20,7-16,H26G.pdf,p.6,6,16,exams/H26G.pdf#page=6,textbooks/hoken1-seiho_07.pdf#page=20,exams/H26G.pdf#page=16,,,,,,"[{""type"": ""教科書"", ""category"": ""教科書"", ""title"": ""第7章 医療保険 ＞ 7.4.1.4 予定発生率および予定入院日数などの設定の留意点"", ""source"": ""hoken1-seiho_07.pdf"", ""usage"": ""4.3.1 保険給付等の詳細設計／7.3 保障内容"", ""url"": ""textbooks/hoken1-seiho_07.pdf#page=20"", ""reason"": ""教科書リンクを小問テーマに近い見出しへ寄せ直し。関連：4.3.1 保険給付等の詳細設計／7.3 保障内容"", ""pdf_page"": ""20"", ""internal_page"": ""7-16""}]",1,教科書：第7章 医療保険 ＞ 7.4.1.4 予定発生率および予定入院日数などの設定の留意点,,,
H27-Q1(1),H27,第Ⅰ部,問題1,(1),,監督指針IV-5 保険数理・責任準備金と契約者価額,語句記入,監督指針IV-5 保険数理 / 責任準備金と契約者価額,知識型,商品開発・法令監督,3,S,hoken1-seiho_04.pdf,第4章 生命保険の商品開発,4.4.10 法令等／商品審査・監督指針,公式過去問ページから追加。問題・解答ページ対応を設問単位で設定。,6,4,H27G.pdf,p.1,1,5,exams/H27G.pdf#page=1,textbooks/hoken1-seiho_04.pdf#page=6,exams/H27G.pdf#page=5,監督指針・法令（関連箇所）,https://www.fsa.go.jp/common/law/guide/ins/04.html,,,1,"[{""type"": ""教科書"", ""category"": ""教科書"", ""title"": ""第4章 生命保険の商品開発"", ""source"": ""hoken1-seiho_04.pdf"", ""usage"": ""4.4.10 法令等／商品審査・監督指針"", ""url"": ""textbooks/hoken1-seiho_04.pdf#page=6"", ""reason"": ""日本アクチュアリー会の公式過去問から追加した年度の参照対応。"", ""pdf_page"": ""6"", ""internal_page"": ""4""}, {""type"": ""公式"", ""category"": ""公式"", ""title"": ""監督指針・法令（関連箇所）"", ""source"": ""金融庁/e-Gov"", ""usage"": ""公式根拠確認"", ""url"": ""https://www.fsa.go.jp/common/law/guide/ins/04.html"", ""reason"": ""設問文に対応する監督指針・法令の確認先。"", ""section_hint"": ""保険商品審査・保険数理／団体保険又は団体契約"", ""excerpt"": ""保険料・責任準備金・契約者価額や団体保険の取扱いなど、商品審査上の留意点の確認先。"", ""display_mode"": ""official_panel""}, {""id"": ""ACT-H27G"", ""category"": ""過去問原本"", ""title"": ""H27年度 生保1（問題）PDF p.1"", ""source"": ""日本アクチュアリー会"", ""usage"": ""問題原本の公式PDF。問題・解答の対応確認、PDF本文確認用。"", ""url"": ""https://www.actuaries.jp/lib/collection/books/H27/H27G.pdf#page=1"", ""type"": ""公式"", ""reason"": ""日本アクチュアリー会公開の過去問原本PDF。"", ""section_hint"": ""H27年度 生保1（問題） p.1"", ""excerpt"": ""この設問の問題文は、同会公開PDFの p.1 に対応。"", ""display_mode"": ""official_panel""}]",3,教科書：第4章 生命保険の商品開発 ／ 公式：監督指針・法令（関連箇所） ／ 公式原本：日本アクチュアリー会 H27問題PDF p.1,保険商品審査・保険数理／団体保険又は団体契約,保険料・責任準備金・契約者価額や団体保険の取扱いなど、商品審査上の留意点の確認先。,https://www.actuaries.jp/lib/collection/books/H27/H27G.pdf#page=1
H27-Q1(2),H27,第Ⅰ部,問題1,(2),,アセット・シェアと代表契約の選定,語句記入,アセット / シェアと代表契約の選定,知識型,アセット・シェア,3,S,hoken1-seiho_03.pdf,第3章 アセット・シェア,3章 アセット・シェアの計算・確認・代表契約,公式過去問ページから追加。問題・解答ページ対応を設問単位で設定。,5,3,H27G.pdf,p.2,2,5,exams/H27G.pdf#page=2,textbooks/hoken1-seiho_03.pdf#page=5,exams/H27G.pdf#page=5,,,,,,"[{""type"": ""教科書"", ""category"": ""教科書"", ""title"": ""第3章 アセット・シェア"", ""source"": ""hoken1-seiho_03.pdf"", ""usage"": ""3章 アセット・シェアの計算・確認・代表契約"", ""url"": ""textbooks/hoken1-seiho_03.pdf#page=5"", ""reason"": ""日本アクチュアリー会の公式過去問から追加した年度の参照対応。"", ""pdf_page"": ""5"", ""internal_page"": ""3""}, {""id"": ""ACT-H27G"", ""category"": ""過去問原本"", ""title"": ""H27年度 生保1（問題）PDF p.2"", ""source"": ""日本アクチュアリー会"", ""usage"": ""問題原本の公式PDF。問題・解答の対応確認、PDF本文確認用。"", ""url"": ""https://www.actuaries.jp/lib/collection/books/H27/H27G.pdf#page=2"", ""type"": ""公式"", ""reason"": ""日本アクチュアリー会公開の過去問原本PDF。"", ""section_hint"": ""H27年度 生保1（問題） p.2"", ""excerpt"": ""この設問の問題文は、同会公開PDFの p.2 に対応。"", ""display_mode"": ""official_panel""}]",2,教科書：第3章 アセット・シェア ／ 公式原本：日本アクチュアリー会 H27問題PDF p.2,,,https://www.actuaries.jp/lib/collection/books/H27/H27G.pdf#page=2
H27-Q1(3),H27,第Ⅰ部,問題1,(3),,団体保険の危険選択・グレッグの原則,列挙,団体保険の危険選択 / グレッグの原則,知識型,団体生命保険,3,S,hoken1-seiho_06.pdf,第6章 団体生命保険,6章 団体生命保険の危険選択・団体要件・配当,公式過去問ページから追加。問題・解答ページ対応を設問単位で設定。,5,6,H27G.pdf,p.2,2,5,exams/H27G.pdf#page=2,textbooks/hoken1-seiho_06.pdf#page=5,exams/H27G.pdf#page=5,,,,,,"[{""type"": ""教科書"", ""category"": ""教科書"", ""title"": ""第6章 団体生命保険"", ""source"": ""hoken1-seiho_06.pdf"", ""usage"": ""6章 団体生命保険の危険選択・団体要件・配当"", ""url"": ""textbooks/hoken1-seiho_06.pdf#page=5"", ""reason"": ""日本アクチュアリー会の公式過去問から追加した年度の参照対応。"", ""pdf_page"": ""5"", ""internal_page"": ""6""}, {""id"": ""ACT-H27G"", ""category"": ""過去問原本"", ""title"": ""H27年度 生保1（問題）PDF p.2"", ""source"": ""日本アクチュアリー会"", ""usage"": ""問題原本の公式PDF。問題・解答の対応確認、PDF本文確認用。"", ""url"": ""https://www.actuaries.jp/lib/collection/books/H27/H27G.pdf#page=2"", ""type"": ""公式"", ""reason"": ""日本アクチュアリー会公開の過去問原本PDF。"", ""section_hint"": ""H27年度 生保1（問題） p.2"", ""excerpt"": ""この設問の問題文は、同会公開PDFの p.2 に対応。"", ""display_mode"": ""official_panel""}]",2,教科書：第6章 団体生命保険 ／ 公式原本：日本アクチュアリー会 H27問題PDF p.2,,,https://www.actuaries.jp/lib/collection/books/H27/H27G.pdf#page=2
H27-Q1(4),H27,第Ⅰ部,問題1,(4),,価格弾力性と利益率,計算,価格弾力性と利益率,計算型,営業保険料・料率設定,4,S,hoken1-seiho_01.pdf,第1章 営業保険料,1.2～1.5 営業保険料・計算基礎率・料率区分,公式過去問ページから追加。問題・解答ページ対応を設問単位で設定。,4,1,H27G.pdf,p.2,2,5,exams/H27G.pdf#page=2,textbooks/hoken1-seiho_01.pdf#page=4,exams/H27G.pdf#page=5,,,,,,"[{""type"": ""教科書"", ""category"": ""教科書"", ""title"": ""第1章 営業保険料"", ""source"": ""hoken1-seiho_01.pdf"", ""usage"": ""1.2～1.5 営業保険料・計算基礎率・料率区分"", ""url"": ""textbooks/hoken1-seiho_01.pdf#page=4"", ""reason"": ""日本アクチュアリー会の公式過去問から追加した年度の参照対応。"", ""pdf_page"": ""4"", ""internal_page"": ""1""}, {""id"": ""ACT-H27G"", ""category"": ""過去問原本"", ""title"": ""H27年度 生保1（問題）PDF p.2"", ""source"": ""日本アクチュアリー会"", ""usage"": ""問題原本の公式PDF。問題・解答の対応確認、PDF本文確認用。"", ""url"": ""https://www.actuaries.jp/lib/collection/books/H27/H27G.pdf#page=2"", ""type"": ""公式"", ""reason"": ""日本アクチュアリー会公開の過去問原本PDF。"", ""section_hint"": ""H27年度 生保1（問題） p.2"", ""excerpt"": ""この設問の問題文は、同会公開PDFの p.2 に対応。"", ""display_mode"": ""official_panel""}]",2,教科書：第1章 営業保険料 ／ 公式原本：日本アクチュアリー会 H27問題PDF p.2,,,https://www.actuaries.jp/lib/collection/books/H27/H27G.pdf#page=2
H27-Q1(5),H27,第Ⅰ部,問題1,(5),,優良体保険の判定方法,説明,優良体保険の判定方法,知識型,営業保険料・料率設定,3,S,hoken1-seiho_01.pdf,第1章 営業保険料,1.2～1.5 営業保険料・計算基礎率・料率区分,公式過去問ページから追加。問題・解答ページ対応を設問単位で設定。,4,1,H27G.pdf,p.3,3,6,exams/H27G.pdf#page=3,textbooks/hoken1-seiho_01.pdf#page=4,exams/H27G.pdf#page=6,,,,,,"[{""type"": ""教科書"", ""category"": ""教科書"", ""title"": ""第1章 営業保険料"", ""source"": ""hoken1-seiho_01.pdf"", ""usage"": ""1.2～1.5 営業保険料・計算基礎率・料率区分"", ""url"": ""textbooks/hoken1-seiho_01.pdf#page=4"", ""reason"": ""日本アクチュアリー会の公式過去問から追加した年度の参照対応。"", ""pdf_page"": ""4"", ""internal_page"": ""1""}, {""id"": ""ACT-H27G"", ""category"": ""過去問原本"", ""title"": ""H27年度 生保1（問題）PDF p.3"", ""source"": ""日本アクチュアリー会"", ""usage"": ""問題原本の公式PDF。問題・解答の対応確認、PDF本文確認用。"", ""url"": ""https://www.actuaries.jp/lib/collection/books/H27/H27G.pdf#page=3"", ""type"": ""公式"", ""reason"": ""日本アクチュアリー会公開の過去問原本PDF。"", ""section_hint"": ""H27年度 生保1（問題） p.3"", ""excerpt"": ""この設問の問題文は、同会公開PDFの p.3 に対応。"", ""display_mode"": ""official_panel""}]",2,教科書：第1章 営業保険料 ／ 公式原本：日本アクチュアリー会 H27問題PDF p.3,,,https://www.actuaries.jp/lib/collection/books/H27/H27G.pdf#page=3
H27-Q1(6),H27,第Ⅰ部,問題1,(6),,比例式再保険・非比例式再保険,説明,比例式再保険 / 非比例式再保険,知識型,再保険,3,S,hoken1-seiho_08.pdf,第8章 再保険,8.2～8.3 再保険方式・危険保険料式再保険,公式過去問ページから追加。問題・解答ページ対応を設問単位で設定。,5,8,H27G.pdf,p.3,3,6,exams/H27G.pdf#page=3,textbooks/hoken1-seiho_08.pdf#page=5,exams/H27G.pdf#page=6,,,,,,"[{""type"": ""教科書"", ""category"": ""教科書"", ""title"": ""第8章 再保険"", ""source"": ""hoken1-seiho_08.pdf"", ""usage"": ""8.2～8.3 再保険方式・危険保険料式再保険"", ""url"": ""textbooks/hoken1-seiho_08.pdf#page=5"", ""reason"": ""日本アクチュアリー会の公式過去問から追加した年度の参照対応。"", ""pdf_page"": ""5"", ""internal_page"": ""8""}, {""id"": ""ACT-H27G"", ""category"": ""過去問原本"", ""title"": ""H27年度 生保1（問題）PDF p.3"", ""source"": ""日本アクチュアリー会"", ""usage"": ""問題原本の公式PDF。問題・解答の対応確認、PDF本文確認用。"", ""url"": ""https://www.actuaries.jp/lib/collection/books/H27/H27G.pdf#page=3"", ""type"": ""公式"", ""reason"": ""日本アクチュアリー会公開の過去問原本PDF。"", ""section_hint"": ""H27年度 生保1（問題） p.3"", ""excerpt"": ""この設問の問題文は、同会公開PDFの p.3 に対応。"", ""display_mode"": ""official_panel""}]",2,教科書：第8章 再保険 ／ 公式原本：日本アクチュアリー会 H27問題PDF p.3,,,https://www.actuaries.jp/lib/collection/books/H27/H27G.pdf#page=3
H27-Q2(1),H27,第Ⅰ部,問題2,(1),,商品毎収益検証における解約率シナリオ,説明,商品毎収益検証における解約率シナリオ,知識型,商品毎収益検証,4,S,hoken1-seiho_10.pdf,第10章 商品毎収益検証,10.7～10.11 シナリオ・モデルポイント・ヴァリデーション,公式過去問ページから追加。問題・解答ページ対応を設問単位で設定。,8,10,H27G.pdf,p.3,3,7,exams/H27G.pdf#page=3,textbooks/hoken1-seiho_10.pdf#page=8,exams/H27G.pdf#page=7,,,,,,"[{""type"": ""教科書"", ""category"": ""教科書"", ""title"": ""第10章 商品毎収益検証"", ""source"": ""hoken1-seiho_10.pdf"", ""usage"": ""10.7～10.11 シナリオ・モデルポイント・ヴァリデーション"", ""url"": ""textbooks/hoken1-seiho_10.pdf#page=8"", ""reason"": ""日本アクチュアリー会の公式過去問から追加した年度の参照対応。"", ""pdf_page"": ""8"", ""internal_page"": ""10""}, {""id"": ""ACT-H27G"", ""category"": ""過去問原本"", ""title"": ""H27年度 生保1（問題）PDF p.3"", ""source"": ""日本アクチュアリー会"", ""usage"": ""問題原本の公式PDF。問題・解答の対応確認、PDF本文確認用。"", ""url"": ""https://www.actuaries.jp/lib/collection/books/H27/H27G.pdf#page=3"", ""type"": ""公式"", ""reason"": ""日本アクチュアリー会公開の過去問原本PDF。"", ""section_hint"": ""H27年度 生保1（問題） p.3"", ""excerpt"": ""この設問の問題文は、同会公開PDFの p.3 に対応。"", ""display_mode"": ""official_panel""}]",2,教科書：第10章 商品毎収益検証 ／ 公式原本：日本アクチュアリー会 H27問題PDF p.3,,,https://www.actuaries.jp/lib/collection/books/H27/H27G.pdf#page=3
H27-Q2(2),H27,第Ⅰ部,問題2,(2),,変額年金保険の最低保証・ヘッジ,説明,変額年金保険の最低保証 / ヘッジ,知識型,変額年金・変額保険,4,S,hoken1-seiho_05.pdf,第5章 変額年金保険,5章 変額年金保険・最低保証リスク,公式過去問ページから追加。問題・解答ページ対応を設問単位で設定。,6,5,H27G.pdf,p.3,3,8,exams/H27G.pdf#page=3,textbooks/hoken1-seiho_05.pdf#page=6,exams/H27G.pdf#page=8,,,,,,"[{""type"": ""教科書"", ""category"": ""教科書"", ""title"": ""第5章 変額年金保険"", ""source"": ""hoken1-seiho_05.pdf"", ""usage"": ""5章 変額年金保険・最低保証リスク"", ""url"": ""textbooks/hoken1-seiho_05.pdf#page=6"", ""reason"": ""日本アクチュアリー会の公式過去問から追加した年度の参照対応。"", ""pdf_page"": ""6"", ""internal_page"": ""5""}, {""id"": ""ACT-H27G"", ""category"": ""過去問原本"", ""title"": ""H27年度 生保1（問題）PDF p.3"", ""source"": ""日本アクチュアリー会"", ""usage"": ""問題原本の公式PDF。問題・解答の対応確認、PDF本文確認用。"", ""url"": ""https://www.actuaries.jp/lib/collection/books/H27/H27G.pdf#page=3"", ""type"": ""公式"", ""reason"": ""日本アクチュアリー会公開の過去問原本PDF。"", ""section_hint"": ""H27年度 生保1（問題） p.3"", ""excerpt"": ""この設問の問題文は、同会公開PDFの p.3 に対応。"", ""display_mode"": ""official_panel""}]",2,教科書：第5章 変額年金保険 ／ 公式原本：日本アクチュアリー会 H27問題PDF p.3,,,https://www.actuaries.jp/lib/collection/books/H27/H27G.pdf#page=3
H27-Q3(1),H27,第Ⅱ部,問題3,(1),,平準払貯蓄性商品の予定利率設定,所見,平準払貯蓄性商品の予定利率設定,所見型,営業保険料・料率設定,4,S,hoken1-seiho_01.pdf,第1章 営業保険料,1.2～1.5 営業保険料・計算基礎率・料率区分,公式過去問ページから追加。問題・解答ページ対応を設問単位で設定。,4,1,H27G.pdf,p.4,4,9,exams/H27G.pdf#page=4,textbooks/hoken1-seiho_01.pdf#page=4,exams/H27G.pdf#page=9,,,,,,"[{""type"": ""教科書"", ""category"": ""教科書"", ""title"": ""第1章 営業保険料"", ""source"": ""hoken1-seiho_01.pdf"", ""usage"": ""1.2～1.5 営業保険料・計算基礎率・料率区分"", ""url"": ""textbooks/hoken1-seiho_01.pdf#page=4"", ""reason"": ""日本アクチュアリー会の公式過去問から追加した年度の参照対応。"", ""pdf_page"": ""4"", ""internal_page"": ""1""}, {""id"": ""ACT-H27G"", ""category"": ""過去問原本"", ""title"": ""H27年度 生保1（問題）PDF p.4"", ""source"": ""日本アクチュアリー会"", ""usage"": ""問題原本の公式PDF。問題・解答の対応確認、PDF本文確認用。"", ""url"": ""https://www.actuaries.jp/lib/collection/books/H27/H27G.pdf#page=4"", ""type"": ""公式"", ""reason"": ""日本アクチュアリー会公開の過去問原本PDF。"", ""section_hint"": ""H27年度 生保1（問題） p.4"", ""excerpt"": ""この設問の問題文は、同会公開PDFの p.4 に対応。"", ""display_mode"": ""official_panel""}]",2,教科書：第1章 営業保険料 ／ 公式原本：日本アクチュアリー会 H27問題PDF p.4,,,https://www.actuaries.jp/lib/collection/books/H27/H27G.pdf#page=4
H27-Q3(2),H27,第Ⅱ部,問題3,(2),,医療保険の予定発生率設定とフォローアップ,所見,医療保険の予定発生率設定とフォローアップ,所見型,医療保険・第三分野,4,S,hoken1-seiho_07.pdf,第7章 医療保険,7.4～7.5 予定発生率・商品販売後のフォローアップ,公式過去問ページから追加。問題・解答ページ対応を設問単位で設定。,5,7,H27G.pdf,p.4,4,12,exams/H27G.pdf#page=4,textbooks/hoken1-seiho_07.pdf#page=5,exams/H27G.pdf#page=12,,,,,,"[{""type"": ""教科書"", ""category"": ""教科書"", ""title"": ""第7章 医療保険"", ""source"": ""hoken1-seiho_07.pdf"", ""usage"": ""7.4～7.5 予定発生率・商品販売後のフォローアップ"", ""url"": ""textbooks/hoken1-seiho_07.pdf#page=5"", ""reason"": ""日本アクチュアリー会の公式過去問から追加した年度の参照対応。"", ""pdf_page"": ""5"", ""internal_page"": ""7""}, {""id"": ""ACT-H27G"", ""category"": ""過去問原本"", ""title"": ""H27年度 生保1（問題）PDF p.4"", ""source"": ""日本アクチュアリー会"", ""usage"": ""問題原本の公式PDF。問題・解答の対応確認、PDF本文確認用。"", ""url"": ""https://www.actuaries.jp/lib/collection/books/H27/H27G.pdf#page=4"", ""type"": ""公式"", ""reason"": ""日本アクチュアリー会公開の過去問原本PDF。"", ""section_hint"": ""H27年度 生保1（問題） p.4"", ""excerpt"": ""この設問の問題文は、同会公開PDFの p.4 に対応。"", ""display_mode"": ""official_panel""}]",2,教科書：第7章 医療保険 ／ 公式原本：日本アクチュアリー会 H27問題PDF p.4,,,https://www.actuaries.jp/lib/collection/books/H27/H27G.pdf#page=4
H28-Q1(1),H28,第Ⅰ部,問題1,(1),5,保険業法第3条・生命保険業免許の範囲,語句記入,生存又は死亡／疾病／傷害／出産／不妊治療,知識型,法令・基礎書類,3,A,hoken1-seiho_04.pdf,第4章 生命保険の商品開発 ＞ 4.4.10 法令等,7.1.1 保険業法上の医療保険,教科書リンクを小問テーマに近い見出しへ寄せ直し。関連：7.1.1 保険業法上の医療保険,54,4-51,H28G.pdf,p.1,1,7,exams/H28G.pdf#page=1,textbooks/hoken1-seiho_04.pdf#page=54,exams/H28G.pdf#page=7,保険業法 第3条（免許・引受範囲）,https://laws.e-gov.go.jp/law/407AC0000000105#Mp-At_3,保険業法施行規則 第4条（疾病等に類する事由）,https://laws.e-gov.go.jp/law/408M50000040005#Mp-At_4,2,"[{""type"": ""教科書"", ""category"": ""教科書"", ""title"": ""第4章 生命保険の商品開発 ＞ 4.4.10 法令等"", ""source"": ""hoken1-seiho_04.pdf"", ""usage"": ""7.1.1 保険業法上の医療保険"", ""url"": ""textbooks/hoken1-seiho_04.pdf#page=54"", ""reason"": ""教科書リンクを小問テーマに近い見出しへ寄せ直し。関連：7.1.1 保険業法上の医療保険"", ""pdf_page"": ""54"", ""internal_page"": ""4-51""}, {""id"": ""OFF-18"", ""category"": ""法令"", ""title"": ""保険業法 第3条（免許・引受範囲）"", ""source"": ""e-Gov法令検索"", ""usage"": ""生命保険業免許、第一分野・第三分野等の引受範囲"", ""url"": ""https://laws.e-gov.go.jp/law/407AC0000000105#Mp-At_3"", ""type"": ""公式"", ""reason"": ""生命保険業免許、第一分野・第三分野等の引受範囲"", ""section_hint"": ""保険業法 第3条（免許・引受範囲）"", ""excerpt"": ""生命保険業免許・損害保険業免許の範囲、第一分野・第三分野の引受範囲を確認する条文。"", ""display_mode"": ""official_panel""}, {""id"": ""OFF-23"", ""category"": ""法令"", ""title"": ""保険業法施行規則 第4条（疾病等に類する事由）"", ""source"": ""e-Gov法令検索"", ""usage"": ""第三分野の法的位置づけ、介護・骨髄提供等"", ""url"": ""https://laws.e-gov.go.jp/law/408M50000040005#Mp-At_4"", ""type"": ""公式"", ""reason"": ""第三分野の法的位置づけ、介護・骨髄提供等"", ""section_hint"": ""保険業法施行規則 第4条（疾病等に類する事由）"", ""excerpt"": ""疾病等に類する事由。介護を要する身体の状態、骨髄提供等、第三分野の範囲に関する確認先。"", ""display_mode"": ""official_panel""}]",3,教科書：第4章 生命保険の商品開発 ＞ 4.4.10 法令等 ／ 公式：保険業法 第3条（免許・引受範囲） ／ 公式：保険業法施行規則 第4条（疾病等に類する事由）,保険業法 第3条（免許・引受範囲）,生命保険業免許・損害保険業免許の範囲、第一分野・第三分野の引受範囲を確認する条文。,
H28-Q1(2),H28,第Ⅰ部,問題1,(2),5,大蔵省告示第233号・財務再保険,語句記入,すべてのリスク／出再保険受入手数料／現金／共同保険式再保険,知識型,再保険,3,S,hoken1-seiho_08.pdf,第8章 再保険 ＞ 8.2.4 伝統的再保険・非伝統的再保険,8.2.5 再保険判定,教科書リンクを小問テーマに近い見出しへ寄せ直し。関連：8.2.5 再保険判定,13,8-9,H28G.pdf,p.2,2,7,exams/H28G.pdf#page=2,textbooks/hoken1-seiho_08.pdf#page=13,exams/H28G.pdf#page=7,保険業法施行規則 第71条 / 大蔵省告示第233号（財務再保険）,https://laws.e-gov.go.jp/law/408M50000040005#Mp-At_71,,,1,"[{""type"": ""教科書"", ""category"": ""教科書"", ""title"": ""第8章 再保険 ＞ 8.2.4 伝統的再保険・非伝統的再保険"", ""source"": ""hoken1-seiho_08.pdf"", ""usage"": ""8.2.5 再保険判定"", ""url"": ""textbooks/hoken1-seiho_08.pdf#page=13"", ""reason"": ""教科書リンクを小問テーマに近い見出しへ寄せ直し。関連：8.2.5 再保険判定"", ""pdf_page"": ""13"", ""internal_page"": ""8-9""}, {""id"": ""OFF-27"", ""category"": ""法令"", ""title"": ""保険業法施行規則 第71条 / 大蔵省告示第233号（財務再保険）"", ""source"": ""e-Gov法令検索・金融庁告示関連"", ""usage"": ""財務再保険、収益認識、預り金処理、修正共同保険式再保険"", ""url"": ""https://laws.e-gov.go.jp/law/408M50000040005#Mp-At_71"", ""type"": ""公式"", ""reason"": ""財務再保険、収益認識、預り金処理、修正共同保険式再保険"", ""section_hint"": ""保険業法施行規則 第71条／財務再保険"", ""excerpt"": ""責任準備金を積み立てない保険契約等の取扱い、財務再保険・大蔵省告示第233号に関連する確認先。"", ""display_mode"": ""official_panel""}]",2,教科書：第8章 再保険 ＞ 8.2.4 伝統的再保険・非伝統的再保険 ／ 公式：保険業法施行規則 第71条 / 大蔵省告示第233号（財務再保険）,保険業法施行規則 第71条／財務再保険,責任準備金を積み立てない保険契約等の取扱い、財務再保険・大蔵省告示第233号に関連する確認先。,
H28-Q1(3),H28,第Ⅰ部,問題1,(3),5,変額年金保険の最低保証リスク基本構造,語句記入,プット・オプション／コール・オプション／プットコールパリティ／金利リスク,知識型,変額年金・リスク評価,3,S,hoken1-seiho_05.pdf,第5章 変額年金保険 ＞ 5.2 最低保証リスクの基本的構造,5.3 変額年金保険数理の基本的な考え方,教科書リンクを小問テーマに近い見出しへ寄せ直し。関連：5.3 変額年金保険数理の基本的な考え方,9,5-5,H28G.pdf,p.3,3,7,exams/H28G.pdf#page=3,textbooks/hoken1-seiho_05.pdf#page=9,exams/H28G.pdf#page=7,,,,,,"[{""type"": ""教科書"", ""category"": ""教科書"", ""title"": ""第5章 変額年金保険 ＞ 5.2 最低保証リスクの基本的構造"", ""source"": ""hoken1-seiho_05.pdf"", ""usage"": ""5.3 変額年金保険数理の基本的な考え方"", ""url"": ""textbooks/hoken1-seiho_05.pdf#page=9"", ""reason"": ""教科書リンクを小問テーマに近い見出しへ寄せ直し。関連：5.3 変額年金保険数理の基本的な考え方"", ""pdf_page"": ""9"", ""internal_page"": ""5-5""}]",1,教科書：第5章 変額年金保険 ＞ 5.2 最低保証リスクの基本的構造,,,
H28-Q1(4),H28,第Ⅰ部,問題1,(4),5,保障性商品のプロフィット・マージン計算,計算,営業保険料／純保険料／付加保険料／プロフィット・マージン,計算型,商品毎収益検証,4,A,hoken1-seiho_10.pdf,第10章 商品毎収益検証 ＞ 10.9.1 プロフィット・マージン,10.9.2 投資回収年度,教科書リンクを小問テーマに近い見出しへ寄せ直し。関連：10.9.2 投資回収年度,54,10-48,H28G.pdf,p.4,4,7,exams/H28G.pdf#page=4,textbooks/hoken1-seiho_10.pdf#page=54,exams/H28G.pdf#page=7,IV-5-1 保険料,https://www.fsa.go.jp/common/law/guide/ins/04.html#:~:text=IV%20%EF%BC%8D%EF%BC%95%EF%BC%8D%EF%BC%91%20%E4%BF%9D%E9%99%BA%E6%96%99,,,1,"[{""type"": ""教科書"", ""category"": ""教科書"", ""title"": ""第10章 商品毎収益検証 ＞ 10.9.1 プロフィット・マージン"", ""source"": ""hoken1-seiho_10.pdf"", ""usage"": ""10.9.2 投資回収年度"", ""url"": ""textbooks/hoken1-seiho_10.pdf#page=54"", ""reason"": ""教科書リンクを小問テーマに近い見出しへ寄せ直し。関連：10.9.2 投資回収年度"", ""pdf_page"": ""54"", ""internal_page"": ""10-48""}, {""id"": ""OFF-14"", ""category"": ""監督指針"", ""title"": ""IV-5-1 保険料"", ""source"": ""金融庁"", ""usage"": ""保険料・付加保険料・料率区分・割増引制度"", ""url"": ""https://www.fsa.go.jp/common/law/guide/ins/04.html#:~:text=IV%20%EF%BC%8D%EF%BC%95%EF%BC%8D%EF%BC%91%20%E4%BF%9D%E9%99%BA%E6%96%99"", ""type"": ""公式"", ""reason"": ""保険料・付加保険料・料率区分・割増引制度"", ""section_hint"": ""IV－5－1 保険料"", ""excerpt"": ""保険料の算出方法について、十分性・公平性等を考慮して合理的かつ妥当か、不当な差別的扱いがないか、予定発生率等が基礎データに基づくかを確認する箇所。"", ""display_mode"": ""official_panel""}]",2,教科書：第10章 商品毎収益検証 ＞ 10.9.1 プロフィット・マージン ／ 公式：IV-5-1 保険料,IV－5－1 保険料,保険料の算出方法について、十分性・公平性等を考慮して合理的かつ妥当か、不当な差別的扱いがないか、予定発生率等が基礎データに基づくかを確認する箇所。,
H28-Q1(5),H28,第Ⅰ部,問題1,(5),5,団体生命保険の優良団体割引・平均保険料率,説明,優良団体割引／平均保険料率／団体規模／経験死亡率,知識型,団体生命保険,3,S,hoken1-seiho_06.pdf,第6章 団体生命保険 ＞ 6.6.4 経験体割引,6.6.2 平均保険料率,教科書リンクを小問テーマに近い見出しへ寄せ直し。関連：6.6.2 平均保険料率,24,6-20,H28G.pdf,p.4,4,8,exams/H28G.pdf#page=4,textbooks/hoken1-seiho_06.pdf#page=24,exams/H28G.pdf#page=8,,,,,,"[{""type"": ""教科書"", ""category"": ""教科書"", ""title"": ""第6章 団体生命保険 ＞ 6.6.4 経験体割引"", ""source"": ""hoken1-seiho_06.pdf"", ""usage"": ""6.6.2 平均保険料率"", ""url"": ""textbooks/hoken1-seiho_06.pdf#page=24"", ""reason"": ""教科書リンクを小問テーマに近い見出しへ寄せ直し。関連：6.6.2 平均保険料率"", ""pdf_page"": ""24"", ""internal_page"": ""6-20""}]",1,教科書：第6章 団体生命保険 ＞ 6.6.4 経験体割引,,,
H28-Q1(6),H28,第Ⅰ部,問題1,(6),5,特定保険契約と金融商品取引法準用,説明,特定保険契約／変額保険／外貨建保険／市場リスク,知識型,法令・基礎書類,3,A,hoken1-seiho_04.pdf,第4章 生命保険の商品開発 ＞ 4.4.10 法令等,特定保険契約・募集関連規制,教科書リンクを小問テーマに近い見出しへ寄せ直し。関連：特定保険契約・募集関連規制,54,4-51,H28G.pdf,p.4,4,8,exams/H28G.pdf#page=4,textbooks/hoken1-seiho_04.pdf#page=54,exams/H28G.pdf#page=8,II-4-2 保険募集管理態勢,https://www.fsa.go.jp/common/law/guide/ins/02d.html#:~:text=%E5%A5%91%E7%B4%84%E7%B7%A0%E7%B5%90%E5%89%8D%E4%BA%A4%E4%BB%98%E6%9B%B8%E9%9D%A2,,,1,"[{""type"": ""教科書"", ""category"": ""教科書"", ""title"": ""第4章 生命保険の商品開発 ＞ 4.4.10 法令等"", ""source"": ""hoken1-seiho_04.pdf"", ""usage"": ""特定保険契約・募集関連規制"", ""url"": ""textbooks/hoken1-seiho_04.pdf#page=54"", ""reason"": ""教科書リンクを小問テーマに近い見出しへ寄せ直し。関連：特定保険契約・募集関連規制"", ""pdf_page"": ""54"", ""internal_page"": ""4-51""}, {""id"": ""OFF-06"", ""category"": ""監督指針"", ""title"": ""II-4-2 保険募集管理態勢"", ""source"": ""金融庁"", ""usage"": ""契約締結前交付書面、MVA等の商品説明関連"", ""url"": ""https://www.fsa.go.jp/common/law/guide/ins/02d.html#:~:text=%E5%A5%91%E7%B4%84%E7%B7%A0%E7%B5%90%E5%89%8D%E4%BA%A4%E4%BB%98%E6%9B%B8%E9%9D%A2"", ""type"": ""公式"", ""reason"": ""契約締結前交付書面、MVA等の商品説明関連"", ""section_hint"": ""II－4－2 保険募集管理態勢／契約締結前交付書面"", ""excerpt"": ""契約概要・注意喚起情報、特定保険契約の契約締結前交付書面、MVA等の商品説明に関する確認先。"", ""display_mode"": ""official_panel""}]",2,教科書：第4章 生命保険の商品開発 ＞ 4.4.10 法令等 ／ 公式：II-4-2 保険募集管理態勢,II－4－2 保険募集管理態勢／契約締結前交付書面,契約概要・注意喚起情報、特定保険契約の契約締結前交付書面、MVA等の商品説明に関する確認先。,
H28-Q2(1),H28,第Ⅰ部,問題2,(1),10,商品毎収益検証の死亡率シナリオ設定,列挙・説明,死亡率シナリオ／会社経験値／業界経験値／国民生命表／選択効果,知識型,商品毎収益検証,3,S,hoken1-seiho_10.pdf,第10章 商品毎収益検証 ＞ 10.4 死亡率のシナリオの設定,10.4.1 会社の過去の経験値／10.4.8 商品特性,教科書リンクを小問テーマに近い見出しへ寄せ直し。関連：10.4.1 会社の過去の経験値／10.4.8 商品特性,19,10-13,H28G.pdf,p.5,5,9,exams/H28G.pdf#page=5,textbooks/hoken1-seiho_10.pdf#page=19,exams/H28G.pdf#page=9,,,,,,"[{""type"": ""教科書"", ""category"": ""教科書"", ""title"": ""第10章 商品毎収益検証 ＞ 10.4 死亡率のシナリオの設定"", ""source"": ""hoken1-seiho_10.pdf"", ""usage"": ""10.4.1 会社の過去の経験値／10.4.8 商品特性"", ""url"": ""textbooks/hoken1-seiho_10.pdf#page=19"", ""reason"": ""教科書リンクを小問テーマに近い見出しへ寄せ直し。関連：10.4.1 会社の過去の経験値／10.4.8 商品特性"", ""pdf_page"": ""19"", ""internal_page"": ""10-13""}]",1,教科書：第10章 商品毎収益検証 ＞ 10.4 死亡率のシナリオの設定,,,
H28-Q2(2),H28,第Ⅰ部,問題2,(2),10,医療保険の予定発生率の平滑化・料率設定,説明,粗発生率／年齢単調性／補整／予定発生率／営業保険料,複合型,医療保険,4,S,hoken1-seiho_07.pdf,第7章 医療保険 ＞ 7.4.1.4 予定発生率および予定入院日数などの設定の留意点,1.5 保険料の細分化,教科書リンクを小問テーマに近い見出しへ寄せ直し。関連：1.5 保険料の細分化,20,7-16,H28G.pdf,p.5,5,11,exams/H28G.pdf#page=5,textbooks/hoken1-seiho_07.pdf#page=20,exams/H28G.pdf#page=11,,,,,,"[{""type"": ""教科書"", ""category"": ""教科書"", ""title"": ""第7章 医療保険 ＞ 7.4.1.4 予定発生率および予定入院日数などの設定の留意点"", ""source"": ""hoken1-seiho_07.pdf"", ""usage"": ""1.5 保険料の細分化"", ""url"": ""textbooks/hoken1-seiho_07.pdf#page=20"", ""reason"": ""教科書リンクを小問テーマに近い見出しへ寄せ直し。関連：1.5 保険料の細分化"", ""pdf_page"": ""20"", ""internal_page"": ""7-16""}]",1,教科書：第7章 医療保険 ＞ 7.4.1.4 予定発生率および予定入院日数などの設定の留意点,,,
H28-Q3(1),H28,第Ⅱ部,問題3,(1),25,新規チャネル商品の事業費シナリオ設定,所見論述,金融機関代理店／インターネット／事業費配賦／シナリオ相関／商品毎収益検証,所見型,商品毎収益検証・販売チャネル,5,S,hoken1-seiho_10.pdf,第10章 商品毎収益検証 ＞ 10.7 事業費の設定,4.4.3 販売経路（営業、募集）,教科書リンクを小問テーマに近い見出しへ寄せ直し。関連：4.4.3 販売経路（営業、募集）,43,10-37,H28G.pdf,p.6,6,12,exams/H28G.pdf#page=6,textbooks/hoken1-seiho_10.pdf#page=43,exams/H28G.pdf#page=12,,,,,,"[{""type"": ""教科書"", ""category"": ""教科書"", ""title"": ""第10章 商品毎収益検証 ＞ 10.7 事業費の設定"", ""source"": ""hoken1-seiho_10.pdf"", ""usage"": ""4.4.3 販売経路（営業、募集）"", ""url"": ""textbooks/hoken1-seiho_10.pdf#page=43"", ""reason"": ""教科書リンクを小問テーマに近い見出しへ寄せ直し。関連：4.4.3 販売経路（営業、募集）"", ""pdf_page"": ""43"", ""internal_page"": ""10-37""}]",1,教科書：第10章 商品毎収益検証 ＞ 10.7 事業費の設定,,,
H28-Q3(2),H28,第Ⅱ部,問題3,(2),25,無選択平準払終身保険の開発,所見論述,無選択／終身保険／危険選択／料率区分／リスク管理,所見型,危険選択・商品開発,5,S,hoken1-seiho_04.pdf,第4章 生命保険の商品開発 ＞ 4.4.4 危険選択（アンダーライティング）,1.5 保険料の細分化／7.4.1.4 予定発生率,教科書リンクを小問テーマに近い見出しへ寄せ直し。関連：1.5 保険料の細分化／7.4.1.4 予定発生率,42,4-39,H28G.pdf,p.6,6,16,exams/H28G.pdf#page=6,textbooks/hoken1-seiho_04.pdf#page=42,exams/H28G.pdf#page=16,IV-1-4 危険選択,https://www.fsa.go.jp/common/law/guide/ins/04.html#:~:text=IV%20%EF%BC%8D%EF%BC%91%EF%BC%8D%EF%BC%94%20%E5%8D%B1%E9%99%BA%E9%81%B8%E6%8A%9E,IV-5-1 保険料,https://www.fsa.go.jp/common/law/guide/ins/04.html#:~:text=IV%20%EF%BC%8D%EF%BC%95%EF%BC%8D%EF%BC%91%20%E4%BF%9D%E9%99%BA%E6%96%99,2,"[{""type"": ""教科書"", ""category"": ""教科書"", ""title"": ""第4章 生命保険の商品開発 ＞ 4.4.4 危険選択（アンダーライティング）"", ""source"": ""hoken1-seiho_04.pdf"", ""usage"": ""1.5 保険料の細分化／7.4.1.4 予定発生率"", ""url"": ""textbooks/hoken1-seiho_04.pdf#page=42"", ""reason"": ""教科書リンクを小問テーマに近い見出しへ寄せ直し。関連：1.5 保険料の細分化／7.4.1.4 予定発生率"", ""pdf_page"": ""42"", ""internal_page"": ""4-39""}, {""id"": ""OFF-08"", ""category"": ""監督指針"", ""title"": ""IV-1-4 危険選択"", ""source"": ""金融庁"", ""usage"": ""危険選択、告知項目、引受範囲に関する商品審査"", ""url"": ""https://www.fsa.go.jp/common/law/guide/ins/04.html#:~:text=IV%20%EF%BC%8D%EF%BC%91%EF%BC%8D%EF%BC%94%20%E5%8D%B1%E9%99%BA%E9%81%B8%E6%8A%9E"", ""type"": ""公式"", ""reason"": ""危険選択、告知項目、引受範囲に関する商品審査"", ""section_hint"": ""IV－1－4 危険選択"", ""excerpt"": ""被保険者の健康状態等に係る身体的危険、職業等に係る環境的危険を適切に選択する方策、モラルリスク排除、無選択型商品の逆選択対応を確認する箇所。"", ""display_mode"": ""official_panel""}, {""id"": ""OFF-14"", ""category"": ""監督指針"", ""title"": ""IV-5-1 保険料"", ""source"": ""金融庁"", ""usage"": ""保険料・付加保険料・料率区分・割増引制度"", ""url"": ""https://www.fsa.go.jp/common/law/guide/ins/04.html#:~:text=IV%20%EF%BC%8D%EF%BC%95%EF%BC%8D%EF%BC%91%20%E4%BF%9D%E9%99%BA%E6%96%99"", ""type"": ""公式"", ""reason"": ""保険料・付加保険料・料率区分・割増引制度"", ""section_hint"": ""IV－5－1 保険料"", ""excerpt"": ""保険料の算出方法について、十分性・公平性等を考慮して合理的かつ妥当か、不当な差別的扱いがないか、予定発生率等が基礎データに基づくかを確認する箇所。"", ""display_mode"": ""official_panel""}]",3,教科書：第4章 生命保険の商品開発 ＞ 4.4.4 危険選択（アンダーライティング） ／ 公式：IV-1-4 危険選択 ／ 公式：IV-5-1 保険料,IV－1－4 危険選択,被保険者の健康状態等に係る身体的危険、職業等に係る環境的危険を適切に選択する方策、モラルリスク排除、無選択型商品の逆選択対応を確認する箇所。,
H29-Q1(1),H29,第Ⅰ部,問題1,(1),,監督指針：団体保険又は団体契約の取扱い,語句記入,監督指針：団体保険又は団体契約の取扱い,知識型,団体生命保険,3,S,hoken1-seiho_06.pdf,第6章 団体生命保険,6章 団体生命保険の危険選択・団体要件・配当,公式過去問ページから追加。問題・解答ページ対応を設問単位で設定。,5,6,H29G.pdf,p.1,1,7,exams/H29G.pdf#page=1,textbooks/hoken1-seiho_06.pdf#page=5,exams/H29G.pdf#page=7,監督指針・法令（関連箇所）,https://www.fsa.go.jp/common/law/guide/ins/04.html,,,1,"[{""type"": ""教科書"", ""category"": ""教科書"", ""title"": ""第6章 団体生命保険"", ""source"": ""hoken1-seiho_06.pdf"", ""usage"": ""6章 団体生命保険の危険選択・団体要件・配当"", ""url"": ""textbooks/hoken1-seiho_06.pdf#page=5"", ""reason"": ""日本アクチュアリー会の公式過去問から追加した年度の参照対応。"", ""pdf_page"": ""5"", ""internal_page"": ""6""}, {""type"": ""公式"", ""category"": ""公式"", ""title"": ""監督指針・法令（関連箇所）"", ""source"": ""金融庁/e-Gov"", ""usage"": ""公式根拠確認"", ""url"": ""https://www.fsa.go.jp/common/law/guide/ins/04.html"", ""reason"": ""設問文に対応する監督指針・法令の確認先。"", ""section_hint"": ""保険商品審査・保険数理／団体保険又は団体契約"", ""excerpt"": ""保険料・責任準備金・契約者価額や団体保険の取扱いなど、商品審査上の留意点の確認先。"", ""display_mode"": ""official_panel""}, {""id"": ""ACT-H29G"", ""category"": ""過去問原本"", ""title"": ""H29年度 生保1（問題）PDF p.1"", ""source"": ""日本アクチュアリー会"", ""usage"": ""問題原本の公式PDF。問題・解答の対応確認、PDF本文確認用。"", ""url"": ""https://www.actuaries.jp/lib/collection/books/H29/H29G.pdf#page=1"", ""type"": ""公式"", ""reason"": ""日本アクチュアリー会公開の過去問原本PDF。"", ""section_hint"": ""H29年度 生保1（問題） p.1"", ""excerpt"": ""この設問の問題文は、同会公開PDFの p.1 に対応。"", ""display_mode"": ""official_panel""}]",3,教科書：第6章 団体生命保険 ／ 公式：監督指針・法令（関連箇所） ／ 公式原本：日本アクチュアリー会 H29問題PDF p.1,保険商品審査・保険数理／団体保険又は団体契約,保険料・責任準備金・契約者価額や団体保険の取扱いなど、商品審査上の留意点の確認先。,https://www.actuaries.jp/lib/collection/books/H29/H29G.pdf#page=1
H29-Q1(2),H29,第Ⅰ部,問題1,(2),,変額年金保険・最低保証リスク・危険準備金,正誤,変額年金保険 / 最低保証リスク / 危険準備金,知識型,変額年金・変額保険,3,S,hoken1-seiho_05.pdf,第5章 変額年金保険,5章 変額年金保険・最低保証リスク,公式過去問ページから追加。問題・解答ページ対応を設問単位で設定。,6,5,H29G.pdf,p.2,2,7,exams/H29G.pdf#page=2,textbooks/hoken1-seiho_05.pdf#page=6,exams/H29G.pdf#page=7,,,,,,"[{""type"": ""教科書"", ""category"": ""教科書"", ""title"": ""第5章 変額年金保険"", ""source"": ""hoken1-seiho_05.pdf"", ""usage"": ""5章 変額年金保険・最低保証リスク"", ""url"": ""textbooks/hoken1-seiho_05.pdf#page=6"", ""reason"": ""日本アクチュアリー会の公式過去問から追加した年度の参照対応。"", ""pdf_page"": ""6"", ""internal_page"": ""5""}, {""id"": ""ACT-H29G"", ""category"": ""過去問原本"", ""title"": ""H29年度 生保1（問題）PDF p.2"", ""source"": ""日本アクチュアリー会"", ""usage"": ""問題原本の公式PDF。問題・解答の対応確認、PDF本文確認用。"", ""url"": ""https://www.actuaries.jp/lib/collection/books/H29/H29G.pdf#page=2"", ""type"": ""公式"", ""reason"": ""日本アクチュアリー会公開の過去問原本PDF。"", ""section_hint"": ""H29年度 生保1（問題） p.2"", ""excerpt"": ""この設問の問題文は、同会公開PDFの p.2 に対応。"", ""display_mode"": ""official_panel""}]",2,教科書：第5章 変額年金保険 ／ 公式原本：日本アクチュアリー会 H29問題PDF p.2,,,https://www.actuaries.jp/lib/collection/books/H29/H29G.pdf#page=2
H29-Q1(3),H29,第Ⅰ部,問題1,(3),,配当設定・確認におけるアセット・シェア,語句記入,配当設定 / 確認におけるアセット / シェア,知識型,アセット・シェア,3,S,hoken1-seiho_03.pdf,第3章 アセット・シェア,3章 アセット・シェアの計算・確認・代表契約,公式過去問ページから追加。問題・解答ページ対応を設問単位で設定。,5,3,H29G.pdf,p.2,2,7,exams/H29G.pdf#page=2,textbooks/hoken1-seiho_03.pdf#page=5,exams/H29G.pdf#page=7,,,,,,"[{""type"": ""教科書"", ""category"": ""教科書"", ""title"": ""第3章 アセット・シェア"", ""source"": ""hoken1-seiho_03.pdf"", ""usage"": ""3章 アセット・シェアの計算・確認・代表契約"", ""url"": ""textbooks/hoken1-seiho_03.pdf#page=5"", ""reason"": ""日本アクチュアリー会の公式過去問から追加した年度の参照対応。"", ""pdf_page"": ""5"", ""internal_page"": ""3""}, {""id"": ""ACT-H29G"", ""category"": ""過去問原本"", ""title"": ""H29年度 生保1（問題）PDF p.2"", ""source"": ""日本アクチュアリー会"", ""usage"": ""問題原本の公式PDF。問題・解答の対応確認、PDF本文確認用。"", ""url"": ""https://www.actuaries.jp/lib/collection/books/H29/H29G.pdf#page=2"", ""type"": ""公式"", ""reason"": ""日本アクチュアリー会公開の過去問原本PDF。"", ""section_hint"": ""H29年度 生保1（問題） p.2"", ""excerpt"": ""この設問の問題文は、同会公開PDFの p.2 に対応。"", ""display_mode"": ""official_panel""}]",2,教科書：第3章 アセット・シェア ／ 公式原本：日本アクチュアリー会 H29問題PDF p.2,,,https://www.actuaries.jp/lib/collection/books/H29/H29G.pdf#page=2
H29-Q1(4),H29,第Ⅰ部,問題1,(4),,生保標準生命表2007（年金開始後用）,語句・選択,生保標準生命表2007（年金開始後用）,知識型,営業保険料・料率設定,3,S,hoken1-seiho_01.pdf,第1章 営業保険料,1.2～1.5 営業保険料・計算基礎率・料率区分,公式過去問ページから追加。問題・解答ページ対応を設問単位で設定。,4,1,H29G.pdf,p.3,3,7,exams/H29G.pdf#page=3,textbooks/hoken1-seiho_01.pdf#page=4,exams/H29G.pdf#page=7,,,,,,"[{""type"": ""教科書"", ""category"": ""教科書"", ""title"": ""第1章 営業保険料"", ""source"": ""hoken1-seiho_01.pdf"", ""usage"": ""1.2～1.5 営業保険料・計算基礎率・料率区分"", ""url"": ""textbooks/hoken1-seiho_01.pdf#page=4"", ""reason"": ""日本アクチュアリー会の公式過去問から追加した年度の参照対応。"", ""pdf_page"": ""4"", ""internal_page"": ""1""}, {""id"": ""ACT-H29G"", ""category"": ""過去問原本"", ""title"": ""H29年度 生保1（問題）PDF p.3"", ""source"": ""日本アクチュアリー会"", ""usage"": ""問題原本の公式PDF。問題・解答の対応確認、PDF本文確認用。"", ""url"": ""https://www.actuaries.jp/lib/collection/books/H29/H29G.pdf#page=3"", ""type"": ""公式"", ""reason"": ""日本アクチュアリー会公開の過去問原本PDF。"", ""section_hint"": ""H29年度 生保1（問題） p.3"", ""excerpt"": ""この設問の問題文は、同会公開PDFの p.3 に対応。"", ""display_mode"": ""official_panel""}]",2,教科書：第1章 営業保険料 ／ 公式原本：日本アクチュアリー会 H29問題PDF p.3,,,https://www.actuaries.jp/lib/collection/books/H29/H29G.pdf#page=3
H29-Q1(5),H29,第Ⅰ部,問題1,(5),,危険保険料式再保険,説明,危険保険料式再保険,知識型,再保険,3,S,hoken1-seiho_08.pdf,第8章 再保険,8.2～8.3 再保険方式・危険保険料式再保険,公式過去問ページから追加。問題・解答ページ対応を設問単位で設定。,5,8,H29G.pdf,p.3,3,7,exams/H29G.pdf#page=3,textbooks/hoken1-seiho_08.pdf#page=5,exams/H29G.pdf#page=7,,,,,,"[{""type"": ""教科書"", ""category"": ""教科書"", ""title"": ""第8章 再保険"", ""source"": ""hoken1-seiho_08.pdf"", ""usage"": ""8.2～8.3 再保険方式・危険保険料式再保険"", ""url"": ""textbooks/hoken1-seiho_08.pdf#page=5"", ""reason"": ""日本アクチュアリー会の公式過去問から追加した年度の参照対応。"", ""pdf_page"": ""5"", ""internal_page"": ""8""}, {""id"": ""ACT-H29G"", ""category"": ""過去問原本"", ""title"": ""H29年度 生保1（問題）PDF p.3"", ""source"": ""日本アクチュアリー会"", ""usage"": ""問題原本の公式PDF。問題・解答の対応確認、PDF本文確認用。"", ""url"": ""https://www.actuaries.jp/lib/collection/books/H29/H29G.pdf#page=3"", ""type"": ""公式"", ""reason"": ""日本アクチュアリー会公開の過去問原本PDF。"", ""section_hint"": ""H29年度 生保1（問題） p.3"", ""excerpt"": ""この設問の問題文は、同会公開PDFの p.3 に対応。"", ""display_mode"": ""official_panel""}]",2,教科書：第8章 再保険 ／ 公式原本：日本アクチュアリー会 H29問題PDF p.3,,,https://www.actuaries.jp/lib/collection/books/H29/H29G.pdf#page=3
H29-Q1(6),H29,第Ⅰ部,問題1,(6),,就業不能所得補償保険の除外期間,説明,就業不能所得補償保険の除外期間,知識型,医療保険・第三分野,3,S,hoken1-seiho_07.pdf,第7章 医療保険,7.4～7.5 予定発生率・商品販売後のフォローアップ,公式過去問ページから追加。問題・解答ページ対応を設問単位で設定。,5,7,H29G.pdf,p.3,3,8,exams/H29G.pdf#page=3,textbooks/hoken1-seiho_07.pdf#page=5,exams/H29G.pdf#page=8,,,,,,"[{""type"": ""教科書"", ""category"": ""教科書"", ""title"": ""第7章 医療保険"", ""source"": ""hoken1-seiho_07.pdf"", ""usage"": ""7.4～7.5 予定発生率・商品販売後のフォローアップ"", ""url"": ""textbooks/hoken1-seiho_07.pdf#page=5"", ""reason"": ""日本アクチュアリー会の公式過去問から追加した年度の参照対応。"", ""pdf_page"": ""5"", ""internal_page"": ""7""}, {""id"": ""ACT-H29G"", ""category"": ""過去問原本"", ""title"": ""H29年度 生保1（問題）PDF p.3"", ""source"": ""日本アクチュアリー会"", ""usage"": ""問題原本の公式PDF。問題・解答の対応確認、PDF本文確認用。"", ""url"": ""https://www.actuaries.jp/lib/collection/books/H29/H29G.pdf#page=3"", ""type"": ""公式"", ""reason"": ""日本アクチュアリー会公開の過去問原本PDF。"", ""section_hint"": ""H29年度 生保1（問題） p.3"", ""excerpt"": ""この設問の問題文は、同会公開PDFの p.3 に対応。"", ""display_mode"": ""official_panel""}]",2,教科書：第7章 医療保険 ／ 公式原本：日本アクチュアリー会 H29問題PDF p.3,,,https://www.actuaries.jp/lib/collection/books/H29/H29G.pdf#page=3
H29-Q2(1),H29,第Ⅰ部,問題2,(1),,商品毎収益検証のモデルポイント・ヴァリデーション,説明,商品毎収益検証のモデルポイント / ヴァリデーション,知識型,商品毎収益検証,4,S,hoken1-seiho_10.pdf,第10章 商品毎収益検証,10.7～10.11 シナリオ・モデルポイント・ヴァリデーション,公式過去問ページから追加。問題・解答ページ対応を設問単位で設定。,8,10,H29G.pdf,p.4,4,8,exams/H29G.pdf#page=4,textbooks/hoken1-seiho_10.pdf#page=8,exams/H29G.pdf#page=8,,,,,,"[{""type"": ""教科書"", ""category"": ""教科書"", ""title"": ""第10章 商品毎収益検証"", ""source"": ""hoken1-seiho_10.pdf"", ""usage"": ""10.7～10.11 シナリオ・モデルポイント・ヴァリデーション"", ""url"": ""textbooks/hoken1-seiho_10.pdf#page=8"", ""reason"": ""日本アクチュアリー会の公式過去問から追加した年度の参照対応。"", ""pdf_page"": ""8"", ""internal_page"": ""10""}, {""id"": ""ACT-H29G"", ""category"": ""過去問原本"", ""title"": ""H29年度 生保1（問題）PDF p.4"", ""source"": ""日本アクチュアリー会"", ""usage"": ""問題原本の公式PDF。問題・解答の対応確認、PDF本文確認用。"", ""url"": ""https://www.actuaries.jp/lib/collection/books/H29/H29G.pdf#page=4"", ""type"": ""公式"", ""reason"": ""日本アクチュアリー会公開の過去問原本PDF。"", ""section_hint"": ""H29年度 生保1（問題） p.4"", ""excerpt"": ""この設問の問題文は、同会公開PDFの p.4 に対応。"", ""display_mode"": ""official_panel""}]",2,教科書：第10章 商品毎収益検証 ／ 公式原本：日本アクチュアリー会 H29問題PDF p.4,,,https://www.actuaries.jp/lib/collection/books/H29/H29G.pdf#page=4
H29-Q2(2),H29,第Ⅰ部,問題2,(2),,がん保険の予定発生率上昇への対応,説明,がん保険の予定発生率上昇への対応,知識型,医療保険・第三分野,4,S,hoken1-seiho_07.pdf,第7章 医療保険,7.4～7.5 予定発生率・商品販売後のフォローアップ,公式過去問ページから追加。問題・解答ページ対応を設問単位で設定。,5,7,H29G.pdf,p.4,4,9,exams/H29G.pdf#page=4,textbooks/hoken1-seiho_07.pdf#page=5,exams/H29G.pdf#page=9,,,,,,"[{""type"": ""教科書"", ""category"": ""教科書"", ""title"": ""第7章 医療保険"", ""source"": ""hoken1-seiho_07.pdf"", ""usage"": ""7.4～7.5 予定発生率・商品販売後のフォローアップ"", ""url"": ""textbooks/hoken1-seiho_07.pdf#page=5"", ""reason"": ""日本アクチュアリー会の公式過去問から追加した年度の参照対応。"", ""pdf_page"": ""5"", ""internal_page"": ""7""}, {""id"": ""ACT-H29G"", ""category"": ""過去問原本"", ""title"": ""H29年度 生保1（問題）PDF p.4"", ""source"": ""日本アクチュアリー会"", ""usage"": ""問題原本の公式PDF。問題・解答の対応確認、PDF本文確認用。"", ""url"": ""https://www.actuaries.jp/lib/collection/books/H29/H29G.pdf#page=4"", ""type"": ""公式"", ""reason"": ""日本アクチュアリー会公開の過去問原本PDF。"", ""section_hint"": ""H29年度 生保1（問題） p.4"", ""excerpt"": ""この設問の問題文は、同会公開PDFの p.4 に対応。"", ""display_mode"": ""official_panel""}]",2,教科書：第7章 医療保険 ／ 公式原本：日本アクチュアリー会 H29問題PDF p.4,,,https://www.actuaries.jp/lib/collection/books/H29/H29G.pdf#page=4
H29-Q3(1),H29,第Ⅱ部,問題3,(1),,生命保険会社の付加保険料設定,所見,生命保険会社の付加保険料設定,所見型,営業保険料・料率設定,4,S,hoken1-seiho_01.pdf,第1章 営業保険料,1.2～1.5 営業保険料・計算基礎率・料率区分,公式過去問ページから追加。問題・解答ページ対応を設問単位で設定。,4,1,H29G.pdf,p.5,5,11,exams/H29G.pdf#page=5,textbooks/hoken1-seiho_01.pdf#page=4,exams/H29G.pdf#page=11,,,,,,"[{""type"": ""教科書"", ""category"": ""教科書"", ""title"": ""第1章 営業保険料"", ""source"": ""hoken1-seiho_01.pdf"", ""usage"": ""1.2～1.5 営業保険料・計算基礎率・料率区分"", ""url"": ""textbooks/hoken1-seiho_01.pdf#page=4"", ""reason"": ""日本アクチュアリー会の公式過去問から追加した年度の参照対応。"", ""pdf_page"": ""4"", ""internal_page"": ""1""}, {""id"": ""ACT-H29G"", ""category"": ""過去問原本"", ""title"": ""H29年度 生保1（問題）PDF p.5"", ""source"": ""日本アクチュアリー会"", ""usage"": ""問題原本の公式PDF。問題・解答の対応確認、PDF本文確認用。"", ""url"": ""https://www.actuaries.jp/lib/collection/books/H29/H29G.pdf#page=5"", ""type"": ""公式"", ""reason"": ""日本アクチュアリー会公開の過去問原本PDF。"", ""section_hint"": ""H29年度 生保1（問題） p.5"", ""excerpt"": ""この設問の問題文は、同会公開PDFの p.5 に対応。"", ""display_mode"": ""official_panel""}]",2,教科書：第1章 営業保険料 ／ 公式原本：日本アクチュアリー会 H29問題PDF p.5,,,https://www.actuaries.jp/lib/collection/books/H29/H29G.pdf#page=5
H29-Q3(2),H29,第Ⅱ部,問題3,(2),,第三分野商品の基礎率変更権と事後検証,所見,第三分野商品の基礎率変更権と事後検証,所見型,医療保険・第三分野,4,S,hoken1-seiho_07.pdf,第7章 医療保険,7.4～7.5 予定発生率・商品販売後のフォローアップ,公式過去問ページから追加。問題・解答ページ対応を設問単位で設定。,5,7,H29G.pdf,p.6,6,16,exams/H29G.pdf#page=6,textbooks/hoken1-seiho_07.pdf#page=5,exams/H29G.pdf#page=16,,,,,,"[{""type"": ""教科書"", ""category"": ""教科書"", ""title"": ""第7章 医療保険"", ""source"": ""hoken1-seiho_07.pdf"", ""usage"": ""7.4～7.5 予定発生率・商品販売後のフォローアップ"", ""url"": ""textbooks/hoken1-seiho_07.pdf#page=5"", ""reason"": ""日本アクチュアリー会の公式過去問から追加した年度の参照対応。"", ""pdf_page"": ""5"", ""internal_page"": ""7""}, {""id"": ""ACT-H29G"", ""category"": ""過去問原本"", ""title"": ""H29年度 生保1（問題）PDF p.6"", ""source"": ""日本アクチュアリー会"", ""usage"": ""問題原本の公式PDF。問題・解答の対応確認、PDF本文確認用。"", ""url"": ""https://www.actuaries.jp/lib/collection/books/H29/H29G.pdf#page=6"", ""type"": ""公式"", ""reason"": ""日本アクチュアリー会公開の過去問原本PDF。"", ""section_hint"": ""H29年度 生保1（問題） p.6"", ""excerpt"": ""この設問の問題文は、同会公開PDFの p.6 に対応。"", ""display_mode"": ""official_panel""}]",2,教科書：第7章 医療保険 ／ 公式原本：日本アクチュアリー会 H29問題PDF p.6,,,https://www.actuaries.jp/lib/collection/books/H29/H29G.pdf#page=6
2018-Q1(1),2018,第Ⅰ部,問題1,(1),5,アセット・シェアの定義と活用目的,説明,アセット・シェア／保険料率／責任準備金十分性／配当確認,知識型,アセット・シェア,2,S,hoken1-seiho_03.pdf,第3章 アセット・シェア ＞ 3.1.1 アセット・シェアの定義,3.1.2 アセット・シェア計算の目的,教科書リンクを小問テーマに近い見出しへ寄せ直し。関連：3.1.2 アセット・シェア計算の目的,5,3-1,2018G.pdf,p.1,1,6,exams/2018G.pdf#page=1,textbooks/hoken1-seiho_03.pdf#page=5,exams/2018G.pdf#page=6,,,,,,"[{""type"": ""教科書"", ""category"": ""教科書"", ""title"": ""第3章 アセット・シェア ＞ 3.1.1 アセット・シェアの定義"", ""source"": ""hoken1-seiho_03.pdf"", ""usage"": ""3.1.2 アセット・シェア計算の目的"", ""url"": ""textbooks/hoken1-seiho_03.pdf#page=5"", ""reason"": ""教科書リンクを小問テーマに近い見出しへ寄せ直し。関連：3.1.2 アセット・シェア計算の目的"", ""pdf_page"": ""5"", ""internal_page"": ""3-1""}]",1,教科書：第3章 アセット・シェア ＞ 3.1.1 アセット・シェアの定義,,,
2018-Q1(2),2018,第Ⅰ部,問題1,(2),5,商品開発の事後モニタリングと改善アクション,説明,事後モニタリング／給付発生指数／予定発生率／改善アクション／副作用,複合型,商品開発・モニタリング,3,S,hoken1-seiho_04.pdf,第4章 生命保険の商品開発 ＞ 4.2.4 事後モニタリングと改善アクション,4.1.1 不確実性の下での財務健全性・収益性,教科書リンクを小問テーマに近い見出しへ寄せ直し。関連：4.1.1 不確実性の下での財務健全性・収益性,22,4-19,2018G.pdf,p.1,1,6,exams/2018G.pdf#page=1,textbooks/hoken1-seiho_04.pdf#page=22,exams/2018G.pdf#page=6,,,,,,"[{""type"": ""教科書"", ""category"": ""教科書"", ""title"": ""第4章 生命保険の商品開発 ＞ 4.2.4 事後モニタリングと改善アクション"", ""source"": ""hoken1-seiho_04.pdf"", ""usage"": ""4.1.1 不確実性の下での財務健全性・収益性"", ""url"": ""textbooks/hoken1-seiho_04.pdf#page=22"", ""reason"": ""教科書リンクを小問テーマに近い見出しへ寄せ直し。関連：4.1.1 不確実性の下での財務健全性・収益性"", ""pdf_page"": ""22"", ""internal_page"": ""4-19""}]",1,教科書：第4章 生命保険の商品開発 ＞ 4.2.4 事後モニタリングと改善アクション,,,
2018-Q1(3),2018,第Ⅰ部,問題1,(3),5,商品毎収益検証モデル選定の論点,列挙,モデル選定／計算負荷／再現性／目的適合性／モデルポイント,知識型,商品毎収益検証,3,S,hoken1-seiho_10.pdf,第10章 商品毎収益検証 ＞ 10.10.1 モデルの選定,10.10.2 モデル・ポイント法の注意事項,教科書リンクを小問テーマに近い見出しへ寄せ直し。関連：10.10.2 モデル・ポイント法の注意事項,58,10-52,2018G.pdf,p.1,1,6,exams/2018G.pdf#page=1,textbooks/hoken1-seiho_10.pdf#page=58,exams/2018G.pdf#page=6,,,,,,"[{""type"": ""教科書"", ""category"": ""教科書"", ""title"": ""第10章 商品毎収益検証 ＞ 10.10.1 モデルの選定"", ""source"": ""hoken1-seiho_10.pdf"", ""usage"": ""10.10.2 モデル・ポイント法の注意事項"", ""url"": ""textbooks/hoken1-seiho_10.pdf#page=58"", ""reason"": ""教科書リンクを小問テーマに近い見出しへ寄せ直し。関連：10.10.2 モデル・ポイント法の注意事項"", ""pdf_page"": ""58"", ""internal_page"": ""10-52""}]",1,教科書：第10章 商品毎収益検証 ＞ 10.10.1 モデルの選定,,,
2018-Q1(4),2018,第Ⅰ部,問題1,(4),7,監督指針の商品開発態勢・商品審査上の留意点,語句記入,収支予測／合理的／特別利益提供／契約者保護／モラルリスク,知識型,法令・商品開発,3,S,hoken1-seiho_04.pdf,第4章 生命保険の商品開発 ＞ 4.4.10 法令等,4.2.3 事前に確認すべき事項,教科書リンクを小問テーマに近い見出しへ寄せ直し。関連：4.2.3 事前に確認すべき事項,54,4-51,2018G.pdf,p.2,2,7,exams/2018G.pdf#page=2,textbooks/hoken1-seiho_04.pdf#page=54,exams/2018G.pdf#page=7,II-2-5 商品開発に係る内部管理態勢,https://www.fsa.go.jp/common/law/guide/ins/02b.html#:~:text=II%20%EF%BC%8D%EF%BC%92%EF%BC%8D%EF%BC%95%EF%BC%8D%EF%BC%91%20%E6%84%8F%E7%BE%A9,IV-1 共通事項 ／ IV-5-1 保険料 ／ 保険業法 第300条（保険募集に関する禁止行為）,https://www.fsa.go.jp/common/law/guide/ins/04.html#:~:text=IV%20%EF%BC%8D%EF%BC%91%20%E5%85%B1%E9%80%9A%E4%BA%8B%E9%A0%85,4,"[{""type"": ""教科書"", ""category"": ""教科書"", ""title"": ""第4章 生命保険の商品開発 ＞ 4.4.10 法令等"", ""source"": ""hoken1-seiho_04.pdf"", ""usage"": ""4.2.3 事前に確認すべき事項"", ""url"": ""textbooks/hoken1-seiho_04.pdf#page=54"", ""reason"": ""教科書リンクを小問テーマに近い見出しへ寄せ直し。関連：4.2.3 事前に確認すべき事項"", ""pdf_page"": ""54"", ""internal_page"": ""4-51""}, {""id"": ""OFF-02"", ""category"": ""監督指針"", ""title"": ""II-2-5 商品開発に係る内部管理態勢"", ""source"": ""金融庁"", ""usage"": ""商品開発プロセス、内部管理、保険計理人・関連部門連携"", ""url"": ""https://www.fsa.go.jp/common/law/guide/ins/02b.html#:~:text=II%20%EF%BC%8D%EF%BC%92%EF%BC%8D%EF%BC%95%EF%BC%8D%EF%BC%91%20%E6%84%8F%E7%BE%A9"", ""type"": ""公式"", ""reason"": ""商品開発プロセス、内部管理、保険計理人・関連部門連携"", ""section_hint"": ""II－2－5 商品開発に係る内部管理態勢"", ""excerpt"": ""商品内容は普通保険約款・事業方法書に、料率は算出方法書に記載される。商品開発では、自己責任原則に基づき、リスク面・財務面・募集面・法制面等を検討する内部管理態勢が求められる。"", ""display_mode"": ""official_panel""}, {""id"": ""OFF-07"", ""category"": ""監督指針"", ""title"": ""IV-1 共通事項"", ""source"": ""金融庁"", ""usage"": ""商品審査の共通事項、危険選択、告知項目、免責、団体保険等"", ""url"": ""https://www.fsa.go.jp/common/law/guide/ins/04.html#:~:text=IV%20%EF%BC%8D%EF%BC%91%20%E5%85%B1%E9%80%9A%E4%BA%8B%E9%A0%85"", ""type"": ""公式"", ""reason"": ""商品審査の共通事項、危険選択、告知項目、免責、団体保険等"", ""section_hint"": ""IV－1 共通事項"", ""excerpt"": ""第一分野・第二分野・第三分野の商品審査に共通する留意点。約款、保障内容、危険選択、告知、免責、保険金額等を含む。"", ""display_mode"": ""official_panel""}, {""id"": ""OFF-14"", ""category"": ""監督指針"", ""title"": ""IV-5-1 保険料"", ""source"": ""金融庁"", ""usage"": ""保険料・付加保険料・料率区分・割増引制度"", ""url"": ""https://www.fsa.go.jp/common/law/guide/ins/04.html#:~:text=IV%20%EF%BC%8D%EF%BC%95%EF%BC%8D%EF%BC%91%20%E4%BF%9D%E9%99%BA%E6%96%99"", ""type"": ""公式"", ""reason"": ""保険料・付加保険料・料率区分・割増引制度"", ""section_hint"": ""IV－5－1 保険料"", ""excerpt"": ""保険料の算出方法について、十分性・公平性等を考慮して合理的かつ妥当か、不当な差別的扱いがないか、予定発生率等が基礎データに基づくかを確認する箇所。"", ""display_mode"": ""official_panel""}, {""id"": ""OFF-21"", ""category"": ""法令"", ""title"": ""保険業法 第300条（保険募集に関する禁止行為）"", ""source"": ""e-Gov法令検索"", ""usage"": ""特別利益提供、募集上の禁止行為"", ""url"": ""https://laws.e-gov.go.jp/law/407AC0000000105#Mp-At_300"", ""type"": ""公式"", ""reason"": ""特別利益提供、募集上の禁止行為"", ""section_hint"": ""保険業法 第300条（保険募集に関する禁止行為）"", ""excerpt"": ""保険募集に関する禁止行為。特別利益の提供、重要事項の不告知・不実告知などの確認先。"", ""display_mode"": ""official_panel""}]",5,教科書：第4章 生命保険の商品開発 ＞ 4.4.10 法令等 ／ 公式：II-2-5 商品開発に係る内部管理態勢 ／ 公式：IV-1 共通事項 ／ 公式：IV-5-1 保険料 ／ 公式：保険業法 第300条（保険募集に関する禁止行為）,II－2－5 商品開発に係る内部管理態勢,商品内容は普通保険約款・事業方法書に、料率は算出方法書に記載される。商品開発では、自己責任原則に基づき、リスク面・財務面・募集面・法制面等を検討する内部管理態勢が求められる。,
2018-Q1(5),2018,第Ⅰ部,問題1,(5),5,最低保証付変額年金保険のプライシング,語句記入,最低保証費用率／特別勘定残高／インザマネー／分散効果／市場整合的,知識型,変額年金・プライシング,3,S,hoken1-seiho_05.pdf,第5章 変額年金保険 ＞ 5.2.1 最低保証の金融リスク,5.3 変額年金保険数理の基本的な考え方,教科書リンクを小問テーマに近い見出しへ寄せ直し。関連：5.3 変額年金保険数理の基本的な考え方,9,5-5,2018G.pdf,p.3,3,7,exams/2018G.pdf#page=3,textbooks/hoken1-seiho_05.pdf#page=9,exams/2018G.pdf#page=7,IV-1-14 特別勘定又は積立勘定を設ける商品,https://www.fsa.go.jp/common/law/guide/ins/04.html#:~:text=IV%20%EF%BC%8D%EF%BC%91%EF%BC%8D14%20%E7%89%B9%E5%88%A5%E5%8B%98%E5%AE%9A%E5%8F%88%E3%81%AF%E7%A9%8D%E7%AB%8B%E5%8B%98%E5%AE%9A%E3%82%92%E8%A8%AD%E3%81%91%E3%82%8B%E5%95%86%E5%93%81,,,1,"[{""type"": ""教科書"", ""category"": ""教科書"", ""title"": ""第5章 変額年金保険 ＞ 5.2.1 最低保証の金融リスク"", ""source"": ""hoken1-seiho_05.pdf"", ""usage"": ""5.3 変額年金保険数理の基本的な考え方"", ""url"": ""textbooks/hoken1-seiho_05.pdf#page=9"", ""reason"": ""教科書リンクを小問テーマに近い見出しへ寄せ直し。関連：5.3 変額年金保険数理の基本的な考え方"", ""pdf_page"": ""9"", ""internal_page"": ""5-5""}, {""id"": ""OFF-11"", ""category"": ""監督指針"", ""title"": ""IV-1-14 特別勘定又は積立勘定を設ける商品"", ""source"": ""金融庁"", ""usage"": ""変額年金、特別勘定、最低保証を含む商品の審査観点"", ""url"": ""https://www.fsa.go.jp/common/law/guide/ins/04.html#:~:text=IV%20%EF%BC%8D%EF%BC%91%EF%BC%8D14%20%E7%89%B9%E5%88%A5%E5%8B%98%E5%AE%9A%E5%8F%88%E3%81%AF%E7%A9%8D%E7%AB%8B%E5%8B%98%E5%AE%9A%E3%82%92%E8%A8%AD%E3%81%91%E3%82%8B%E5%95%86%E5%93%81"", ""type"": ""公式"", ""reason"": ""変額年金、特別勘定、最低保証を含む商品の審査観点"", ""section_hint"": ""IV－1－14 特別勘定又は積立勘定を設ける商品"", ""excerpt"": ""変額年金・特別勘定・積立勘定を設ける商品、最低保証を含む商品の商品審査上の確認先。"", ""display_mode"": ""official_panel""}]",2,教科書：第5章 変額年金保険 ＞ 5.2.1 最低保証の金融リスク ／ 公式：IV-1-14 特別勘定又は積立勘定を設ける商品,IV－1－14 特別勘定又は積立勘定を設ける商品,変額年金・特別勘定・積立勘定を設ける商品、最低保証を含む商品の商品審査上の確認先。,
2018-Q1(6),2018,第Ⅰ部,問題1,(6),3,団体定期保険の優良団体割引率,計算,優良団体割引／正規分布／信頼区間／被保険者数,計算型,団体生命保険,4,A,hoken1-seiho_06.pdf,第6章 団体生命保険 ＞ 6.6.4 経験体割引,6.6.2 平均保険料率,教科書リンクを小問テーマに近い見出しへ寄せ直し。関連：6.6.2 平均保険料率,24,6-20,2018G.pdf,p.3,3,7,exams/2018G.pdf#page=3,textbooks/hoken1-seiho_06.pdf#page=24,exams/2018G.pdf#page=7,,,,,,"[{""type"": ""教科書"", ""category"": ""教科書"", ""title"": ""第6章 団体生命保険 ＞ 6.6.4 経験体割引"", ""source"": ""hoken1-seiho_06.pdf"", ""usage"": ""6.6.2 平均保険料率"", ""url"": ""textbooks/hoken1-seiho_06.pdf#page=24"", ""reason"": ""教科書リンクを小問テーマに近い見出しへ寄せ直し。関連：6.6.2 平均保険料率"", ""pdf_page"": ""24"", ""internal_page"": ""6-20""}]",1,教科書：第6章 団体生命保険 ＞ 6.6.4 経験体割引,,,
2018-Q2(1),2018,第Ⅰ部,問題2,(1),10,生保標準生命表2018（死亡保険用）の作成過程,説明,生保標準生命表2018／観察年度／截断／選択効果／高年齢データ,知識型,営業保険料・基礎率,4,S,hoken1-seiho_01.pdf,第1章 営業保険料 ＞ 1.4.1 予定死亡率・予定給付発生率等,7.4.1.1 死亡率,教科書リンクを小問テーマに近い見出しへ寄せ直し。関連：7.4.1.1 死亡率,9,1-7,2018G.pdf,p.4,4,8,exams/2018G.pdf#page=4,textbooks/hoken1-seiho_01.pdf#page=9,exams/2018G.pdf#page=8,金融庁 報道発表資料（保険会社関係）,https://www.fsa.go.jp/news/r7/hoken/news_menu_h.html,,,1,"[{""type"": ""教科書"", ""category"": ""教科書"", ""title"": ""第1章 営業保険料 ＞ 1.4.1 予定死亡率・予定給付発生率等"", ""source"": ""hoken1-seiho_01.pdf"", ""usage"": ""7.4.1.1 死亡率"", ""url"": ""textbooks/hoken1-seiho_01.pdf#page=9"", ""reason"": ""教科書リンクを小問テーマに近い見出しへ寄せ直し。関連：7.4.1.1 死亡率"", ""pdf_page"": ""9"", ""internal_page"": ""1-7""}, {""id"": ""OFF-29"", ""category"": ""パブコメ"", ""title"": ""金融庁 報道発表資料（保険会社関係）"", ""source"": ""金融庁"", ""usage"": ""監督指針・法令改正・標準生命表関連などの公表資料、パブリックコメント確認"", ""url"": ""https://www.fsa.go.jp/news/r7/hoken/news_menu_h.html"", ""type"": ""公式"", ""reason"": ""監督指針・法令改正・標準生命表関連などの公表資料、パブリックコメント確認"", ""section_hint"": ""金融庁 報道発表資料（保険会社関係）"", ""excerpt"": ""監督指針・法令改正・標準生命表関連などのパブリックコメント・公表資料の入口。個別案件の確認用。"", ""display_mode"": ""official_panel""}]",2,教科書：第1章 営業保険料 ＞ 1.4.1 予定死亡率・予定給付発生率等 ／ 公式：金融庁 報道発表資料（保険会社関係）,金融庁 報道発表資料（保険会社関係）,監督指針・法令改正・標準生命表関連などのパブリックコメント・公表資料の入口。個別案件の確認用。,
2018-Q2(2),2018,第Ⅰ部,問題2,(2),10,金利上昇時の解約返戻金支払と流動性問題,説明,金利上昇／解約返戻金／流動性リスク／MVA／契約者行動モデル,複合型,解約返戻金・金利リスク,4,S,hoken1-seiho_02.pdf,第2章 解約および解約返戻金 ＞ 2.7.4 流動性に対するリスク管理,2.7.2 ALMの観点からみた解約,教科書リンクを小問テーマに近い見出しへ寄せ直し。関連：2.7.2 ALMの観点からみた解約,42,2-36,2018G.pdf,p.4,4,9,exams/2018G.pdf#page=4,textbooks/hoken1-seiho_02.pdf#page=42,exams/2018G.pdf#page=9,II-3-12 流動性リスク管理態勢,https://www.fsa.go.jp/common/law/guide/ins/02c.html#:~:text=II%20%EF%BC%8D%EF%BC%93%EF%BC%8D12%20%E6%B5%81%E5%8B%95%E6%80%A7%E3%83%AA%E3%82%B9%E3%82%AF%E7%AE%A1%E7%90%86%E6%85%8B%E5%8B%A2,IV-5-3 契約者価額,https://www.fsa.go.jp/common/law/guide/ins/04.html#:~:text=IV%20%EF%BC%8D%EF%BC%95%EF%BC%8D%EF%BC%93%20%E5%A5%91%E7%B4%84%E8%80%85%E4%BE%A1%E9%A1%8D,2,"[{""type"": ""教科書"", ""category"": ""教科書"", ""title"": ""第2章 解約および解約返戻金 ＞ 2.7.4 流動性に対するリスク管理"", ""source"": ""hoken1-seiho_02.pdf"", ""usage"": ""2.7.2 ALMの観点からみた解約"", ""url"": ""textbooks/hoken1-seiho_02.pdf#page=42"", ""reason"": ""教科書リンクを小問テーマに近い見出しへ寄せ直し。関連：2.7.2 ALMの観点からみた解約"", ""pdf_page"": ""42"", ""internal_page"": ""2-36""}, {""id"": ""OFF-05"", ""category"": ""監督指針"", ""title"": ""II-3-12 流動性リスク管理態勢"", ""source"": ""金融庁"", ""usage"": ""流動性リスク、金利上昇時の解約増加・資金流出"", ""url"": ""https://www.fsa.go.jp/common/law/guide/ins/02c.html#:~:text=II%20%EF%BC%8D%EF%BC%93%EF%BC%8D12%20%E6%B5%81%E5%8B%95%E6%80%A7%E3%83%AA%E3%82%B9%E3%82%AF%E7%AE%A1%E7%90%86%E6%85%8B%E5%8B%A2"", ""type"": ""公式"", ""reason"": ""流動性リスク、金利上昇時の解約増加・資金流出"", ""section_hint"": ""II－3－12 流動性リスク管理態勢"", ""excerpt"": ""資金繰り・流動性リスクの管理態勢、金利上昇時の解約増加や資金流出への備えを確認する箇所。"", ""display_mode"": ""official_panel""}, {""id"": ""OFF-16"", ""category"": ""監督指針"", ""title"": ""IV-5-3 契約者価額"", ""source"": ""金融庁"", ""usage"": ""解約返戻金、契約者価額、MVA、市場価格調整"", ""url"": ""https://www.fsa.go.jp/common/law/guide/ins/04.html#:~:text=IV%20%EF%BC%8D%EF%BC%95%EF%BC%8D%EF%BC%93%20%E5%A5%91%E7%B4%84%E8%80%85%E4%BE%A1%E9%A1%8D"", ""type"": ""公式"", ""reason"": ""解約返戻金、契約者価額、MVA、市場価格調整"", ""section_hint"": ""IV－5－3 契約者価額"", ""excerpt"": ""解約返戻金は支出した事業費・投資上の損失・保険設計上の仕組み等に照らして合理的かつ妥当か、MVA係数はリスク管理や取引費用との整合性から妥当かを確認する箇所。"", ""display_mode"": ""official_panel""}]",3,教科書：第2章 解約および解約返戻金 ＞ 2.7.4 流動性に対するリスク管理 ／ 公式：II-3-12 流動性リスク管理態勢 ／ 公式：IV-5-3 契約者価額,II－3－12 流動性リスク管理態勢,資金繰り・流動性リスクの管理態勢、金利上昇時の解約増加や資金流出への備えを確認する箇所。,
2018-Q3(1),2018,第Ⅱ部,問題3,(1),25,終身年金型個人年金における長寿リスク・商品設計,所見論述,終身年金／長寿リスク／トンチン性／予定死亡率／解約益,所見型,商品開発・基礎率,5,S,hoken1-seiho_04.pdf,第4章 生命保険の商品開発 ＞ 4.3.1 保険給付等の詳細設計,1.4.1 予定死亡率・予定給付発生率等／4.4.8 資産運用・ALM,教科書リンクを小問テーマに近い見出しへ寄せ直し。関連：1.4.1 予定死亡率・予定給付発生率等／4.4.8 資産運用・ALM,26,4-23,2018G.pdf,p.5,5,10,exams/2018G.pdf#page=5,textbooks/hoken1-seiho_04.pdf#page=26,exams/2018G.pdf#page=10,,,,,,"[{""type"": ""教科書"", ""category"": ""教科書"", ""title"": ""第4章 生命保険の商品開発 ＞ 4.3.1 保険給付等の詳細設計"", ""source"": ""hoken1-seiho_04.pdf"", ""usage"": ""1.4.1 予定死亡率・予定給付発生率等／4.4.8 資産運用・ALM"", ""url"": ""textbooks/hoken1-seiho_04.pdf#page=26"", ""reason"": ""教科書リンクを小問テーマに近い見出しへ寄せ直し。関連：1.4.1 予定死亡率・予定給付発生率等／4.4.8 資産運用・ALM"", ""pdf_page"": ""26"", ""internal_page"": ""4-23""}]",1,教科書：第4章 生命保険の商品開発 ＞ 4.3.1 保険給付等の詳細設計,,,
2018-Q3(2),2018,第Ⅱ部,問題3,(2),25,ライフスタイルを反映した保険料率細分化,所見論述,料率細分化／公平性／ライフスタイル／測定可能性／逆選択,所見型,料率細分化,5,S,hoken1-seiho_01.pdf,第1章 営業保険料 ＞ 1.5.3 保険料率の区分にあたって留意すべき事項,1.5.2 保険技術的公平性と社会的公平性,教科書リンクを小問テーマに近い見出しへ寄せ直し。関連：1.5.2 保険技術的公平性と社会的公平性,26,1-24,2018G.pdf,p.5,5,15,exams/2018G.pdf#page=5,textbooks/hoken1-seiho_01.pdf#page=26,exams/2018G.pdf#page=15,,,,,,"[{""type"": ""教科書"", ""category"": ""教科書"", ""title"": ""第1章 営業保険料 ＞ 1.5.3 保険料率の区分にあたって留意すべき事項"", ""source"": ""hoken1-seiho_01.pdf"", ""usage"": ""1.5.2 保険技術的公平性と社会的公平性"", ""url"": ""textbooks/hoken1-seiho_01.pdf#page=26"", ""reason"": ""教科書リンクを小問テーマに近い見出しへ寄せ直し。関連：1.5.2 保険技術的公平性と社会的公平性"", ""pdf_page"": ""26"", ""internal_page"": ""1-24""}]",1,教科書：第1章 営業保険料 ＞ 1.5.3 保険料率の区分にあたって留意すべき事項,,,
2019-Q1(1),2019,第Ⅰ部,問題1,(1),5,第三分野標準生命表2018の作成過程,語句記入,第21回生命表／高度障害／死亡率改善／補整／上限,知識型,医療保険,3,S,hoken1-seiho_07.pdf,第7章 医療保険 ＞ 付録4 第三分野標準生命表2018の作成概要,7.4.1.1 死亡率,教科書リンクを小問テーマに近い見出しへ寄せ直し。関連：7.4.1.1 死亡率,54,7-50,2019G.pdf,p.1,1,7,exams/2019G.pdf#page=1,textbooks/hoken1-seiho_07.pdf#page=54,exams/2019G.pdf#page=7,金融庁 報道発表資料（保険会社関係）,https://www.fsa.go.jp/news/r7/hoken/news_menu_h.html,,,1,"[{""type"": ""教科書"", ""category"": ""教科書"", ""title"": ""第7章 医療保険 ＞ 付録4 第三分野標準生命表2018の作成概要"", ""source"": ""hoken1-seiho_07.pdf"", ""usage"": ""7.4.1.1 死亡率"", ""url"": ""textbooks/hoken1-seiho_07.pdf#page=54"", ""reason"": ""教科書リンクを小問テーマに近い見出しへ寄せ直し。関連：7.4.1.1 死亡率"", ""pdf_page"": ""54"", ""internal_page"": ""7-50""}, {""id"": ""OFF-29"", ""category"": ""パブコメ"", ""title"": ""金融庁 報道発表資料（保険会社関係）"", ""source"": ""金融庁"", ""usage"": ""監督指針・法令改正・標準生命表関連などの公表資料、パブリックコメント確認"", ""url"": ""https://www.fsa.go.jp/news/r7/hoken/news_menu_h.html"", ""type"": ""公式"", ""reason"": ""監督指針・法令改正・標準生命表関連などの公表資料、パブリックコメント確認"", ""section_hint"": ""金融庁 報道発表資料（保険会社関係）"", ""excerpt"": ""監督指針・法令改正・標準生命表関連などのパブリックコメント・公表資料の入口。個別案件の確認用。"", ""display_mode"": ""official_panel""}]",2,教科書：第7章 医療保険 ＞ 付録4 第三分野標準生命表2018の作成概要 ／ 公式：金融庁 報道発表資料（保険会社関係）,金融庁 報道発表資料（保険会社関係）,監督指針・法令改正・標準生命表関連などのパブリックコメント・公表資料の入口。個別案件の確認用。,
2019-Q1(2),2019,第Ⅰ部,問題1,(2),5,監督指針の商品開発に係る内部管理態勢,語句記入,普通保険約款／事業方法書／算出方法書／認可／自己責任原則,知識型,法令・商品開発,3,S,hoken1-seiho_04.pdf,第4章 生命保険の商品開発 ＞ 4.4.10 法令等,4.2.3 事前に確認すべき事項／［参考］基礎書類,教科書リンクを小問テーマに近い見出しへ寄せ直し。関連：4.2.3 事前に確認すべき事項／［参考］基礎書類,54,4-51,2019G.pdf,p.2,2,7,exams/2019G.pdf#page=2,textbooks/hoken1-seiho_04.pdf#page=54,exams/2019G.pdf#page=7,II-2-5 商品開発に係る内部管理態勢,https://www.fsa.go.jp/common/law/guide/ins/02b.html#:~:text=II%20%EF%BC%8D%EF%BC%92%EF%BC%8D%EF%BC%95%EF%BC%8D%EF%BC%91%20%E6%84%8F%E7%BE%A9,保険業法 第5条（免許審査基準）,https://laws.e-gov.go.jp/law/407AC0000000105#Mp-At_5,2,"[{""type"": ""教科書"", ""category"": ""教科書"", ""title"": ""第4章 生命保険の商品開発 ＞ 4.4.10 法令等"", ""source"": ""hoken1-seiho_04.pdf"", ""usage"": ""4.2.3 事前に確認すべき事項／［参考］基礎書類"", ""url"": ""textbooks/hoken1-seiho_04.pdf#page=54"", ""reason"": ""教科書リンクを小問テーマに近い見出しへ寄せ直し。関連：4.2.3 事前に確認すべき事項／［参考］基礎書類"", ""pdf_page"": ""54"", ""internal_page"": ""4-51""}, {""id"": ""OFF-02"", ""category"": ""監督指針"", ""title"": ""II-2-5 商品開発に係る内部管理態勢"", ""source"": ""金融庁"", ""usage"": ""商品開発プロセス、内部管理、保険計理人・関連部門連携"", ""url"": ""https://www.fsa.go.jp/common/law/guide/ins/02b.html#:~:text=II%20%EF%BC%8D%EF%BC%92%EF%BC%8D%EF%BC%95%EF%BC%8D%EF%BC%91%20%E6%84%8F%E7%BE%A9"", ""type"": ""公式"", ""reason"": ""商品開発プロセス、内部管理、保険計理人・関連部門連携"", ""section_hint"": ""II－2－5 商品開発に係る内部管理態勢"", ""excerpt"": ""商品内容は普通保険約款・事業方法書に、料率は算出方法書に記載される。商品開発では、自己責任原則に基づき、リスク面・財務面・募集面・法制面等を検討する内部管理態勢が求められる。"", ""display_mode"": ""official_panel""}, {""id"": ""OFF-19"", ""category"": ""法令"", ""title"": ""保険業法 第5条（免許審査基準）"", ""source"": ""e-Gov法令検索"", ""usage"": ""契約者保護、公序良俗、不当な差別的取扱い等"", ""url"": ""https://laws.e-gov.go.jp/law/407AC0000000105#Mp-At_5"", ""type"": ""公式"", ""reason"": ""契約者保護、公序良俗、不当な差別的取扱い等"", ""section_hint"": ""保険業法 第5条（免許審査基準）"", ""excerpt"": ""免許審査基準。保険契約者等の保護、公序良俗、不当な差別的取扱い等の観点を確認する条文。"", ""display_mode"": ""official_panel""}]",3,教科書：第4章 生命保険の商品開発 ＞ 4.4.10 法令等 ／ 公式：II-2-5 商品開発に係る内部管理態勢 ／ 公式：保険業法 第5条（免許審査基準）,II－2－5 商品開発に係る内部管理態勢,商品内容は普通保険約款・事業方法書に、料率は算出方法書に記載される。商品開発では、自己責任原則に基づき、リスク面・財務面・募集面・法制面等を検討する内部管理態勢が求められる。,
2019-Q1(3),2019,第Ⅰ部,問題1,(3),5,団体生命保険の配当率算式,算式記入,ポアソン分布／死差益／死差損／配当率／剰余金費用,計算型,団体生命保険,4,S,hoken1-seiho_06.pdf,第6章 団体生命保険 ＞ 6.7 配当,6.6.3 経験料率,教科書リンクを小問テーマに近い見出しへ寄せ直し。関連：6.6.3 経験料率,26,6-22,2019G.pdf,p.3,3,7,exams/2019G.pdf#page=3,textbooks/hoken1-seiho_06.pdf#page=26,exams/2019G.pdf#page=7,,,,,,"[{""type"": ""教科書"", ""category"": ""教科書"", ""title"": ""第6章 団体生命保険 ＞ 6.7 配当"", ""source"": ""hoken1-seiho_06.pdf"", ""usage"": ""6.6.3 経験料率"", ""url"": ""textbooks/hoken1-seiho_06.pdf#page=26"", ""reason"": ""教科書リンクを小問テーマに近い見出しへ寄せ直し。関連：6.6.3 経験料率"", ""pdf_page"": ""26"", ""internal_page"": ""6-22""}]",1,教科書：第6章 団体生命保険 ＞ 6.7 配当,,,
2019-Q1(4),2019,第Ⅰ部,問題1,(4),5,α-β-γ方式の問題点,列挙,付加保険料／αβγ方式／費用主義／高額契約／小口契約,知識型,営業保険料・付加保険料,3,A,hoken1-seiho_01.pdf,第1章 営業保険料 ＞ 1.4.4 予定事業費率,付加保険料方式,教科書リンクを小問テーマに近い見出しへ寄せ直し。関連：付加保険料方式,16,1-14,2019G.pdf,p.3,3,7,exams/2019G.pdf#page=3,textbooks/hoken1-seiho_01.pdf#page=16,exams/2019G.pdf#page=7,IV-5-1 保険料,https://www.fsa.go.jp/common/law/guide/ins/04.html#:~:text=IV%20%EF%BC%8D%EF%BC%95%EF%BC%8D%EF%BC%91%20%E4%BF%9D%E9%99%BA%E6%96%99,,,1,"[{""type"": ""教科書"", ""category"": ""教科書"", ""title"": ""第1章 営業保険料 ＞ 1.4.4 予定事業費率"", ""source"": ""hoken1-seiho_01.pdf"", ""usage"": ""付加保険料方式"", ""url"": ""textbooks/hoken1-seiho_01.pdf#page=16"", ""reason"": ""教科書リンクを小問テーマに近い見出しへ寄せ直し。関連：付加保険料方式"", ""pdf_page"": ""16"", ""internal_page"": ""1-14""}, {""id"": ""OFF-14"", ""category"": ""監督指針"", ""title"": ""IV-5-1 保険料"", ""source"": ""金融庁"", ""usage"": ""保険料・付加保険料・料率区分・割増引制度"", ""url"": ""https://www.fsa.go.jp/common/law/guide/ins/04.html#:~:text=IV%20%EF%BC%8D%EF%BC%95%EF%BC%8D%EF%BC%91%20%E4%BF%9D%E9%99%BA%E6%96%99"", ""type"": ""公式"", ""reason"": ""保険料・付加保険料・料率区分・割増引制度"", ""section_hint"": ""IV－5－1 保険料"", ""excerpt"": ""保険料の算出方法について、十分性・公平性等を考慮して合理的かつ妥当か、不当な差別的扱いがないか、予定発生率等が基礎データに基づくかを確認する箇所。"", ""display_mode"": ""official_panel""}]",2,教科書：第1章 営業保険料 ＞ 1.4.4 予定事業費率 ／ 公式：IV-5-1 保険料,IV－5－1 保険料,保険料の算出方法について、十分性・公平性等を考慮して合理的かつ妥当か、不当な差別的扱いがないか、予定発生率等が基礎データに基づくかを確認する箇所。,
2019-Q1(5),2019,第Ⅰ部,問題1,(5),5,アセット・シェア計算の代表契約方式,説明,代表契約方式／選定単位／モデルポイント／アセット・シェア,知識型,アセット・シェア,3,A,hoken1-seiho_03.pdf,第3章 アセット・シェア ＞ 3.2.1 計算の考え方,3.2.3 代表的な契約による計算例,教科書リンクを小問テーマに近い見出しへ寄せ直し。関連：3.2.3 代表的な契約による計算例,9,3-5,2019G.pdf,p.3,3,7,exams/2019G.pdf#page=3,textbooks/hoken1-seiho_03.pdf#page=9,exams/2019G.pdf#page=7,,,,,,"[{""type"": ""教科書"", ""category"": ""教科書"", ""title"": ""第3章 アセット・シェア ＞ 3.2.1 計算の考え方"", ""source"": ""hoken1-seiho_03.pdf"", ""usage"": ""3.2.3 代表的な契約による計算例"", ""url"": ""textbooks/hoken1-seiho_03.pdf#page=9"", ""reason"": ""教科書リンクを小問テーマに近い見出しへ寄せ直し。関連：3.2.3 代表的な契約による計算例"", ""pdf_page"": ""9"", ""internal_page"": ""3-5""}]",1,教科書：第3章 アセット・シェア ＞ 3.2.1 計算の考え方,,,
2019-Q1(6),2019,第Ⅰ部,問題1,(6),5,変額年金最低保証リスクのDeltaヘッジ,説明,Deltaヘッジ／最低保証／先物／ガンマ／ベーシスリスク,知識型,変額年金・ヘッジ,3,S,hoken1-seiho_05.pdf,第5章 変額年金保険 ＞ 5.5.1 経済価値のヘッジ,5.5.4 ヘッジとモデリング,教科書リンクを小問テーマに近い見出しへ寄せ直し。関連：5.5.4 ヘッジとモデリング,34,5-30,2019G.pdf,p.3,3,8,exams/2019G.pdf#page=3,textbooks/hoken1-seiho_05.pdf#page=34,exams/2019G.pdf#page=8,,,,,,"[{""type"": ""教科書"", ""category"": ""教科書"", ""title"": ""第5章 変額年金保険 ＞ 5.5.1 経済価値のヘッジ"", ""source"": ""hoken1-seiho_05.pdf"", ""usage"": ""5.5.4 ヘッジとモデリング"", ""url"": ""textbooks/hoken1-seiho_05.pdf#page=34"", ""reason"": ""教科書リンクを小問テーマに近い見出しへ寄せ直し。関連：5.5.4 ヘッジとモデリング"", ""pdf_page"": ""34"", ""internal_page"": ""5-30""}]",1,教科書：第5章 変額年金保険 ＞ 5.5.1 経済価値のヘッジ,,,
2019-Q2(1),2019,第Ⅰ部,問題2,(1),10,MVAの算式・概要・意義・利率設定,説明・算式,MVA／市場価格調整／解約返戻金／解約時利率／タイムラグ,複合型,解約返戻金・MVA,4,S,hoken1-seiho_02.pdf,第2章 解約および解約返戻金 ＞ 2.5.4 市場価格調整（Market Value Adjustment）,2.6.3 MVAの影響,教科書リンクを小問テーマに近い見出しへ寄せ直し。関連：2.6.3 MVAの影響,30,2-24,2019G.pdf,p.4,4,9,exams/2019G.pdf#page=4,textbooks/hoken1-seiho_02.pdf#page=30,exams/2019G.pdf#page=9,IV-5-3 契約者価額,https://www.fsa.go.jp/common/law/guide/ins/04.html#:~:text=IV%20%EF%BC%8D%EF%BC%95%EF%BC%8D%EF%BC%93%20%E5%A5%91%E7%B4%84%E8%80%85%E4%BE%A1%E9%A1%8D,II-4-2 保険募集管理態勢,https://www.fsa.go.jp/common/law/guide/ins/02d.html#:~:text=%E5%A5%91%E7%B4%84%E7%B7%A0%E7%B5%90%E5%89%8D%E4%BA%A4%E4%BB%98%E6%9B%B8%E9%9D%A2,2,"[{""type"": ""教科書"", ""category"": ""教科書"", ""title"": ""第2章 解約および解約返戻金 ＞ 2.5.4 市場価格調整（Market Value Adjustment）"", ""source"": ""hoken1-seiho_02.pdf"", ""usage"": ""2.6.3 MVAの影響"", ""url"": ""textbooks/hoken1-seiho_02.pdf#page=30"", ""reason"": ""教科書リンクを小問テーマに近い見出しへ寄せ直し。関連：2.6.3 MVAの影響"", ""pdf_page"": ""30"", ""internal_page"": ""2-24""}, {""id"": ""OFF-16"", ""category"": ""監督指針"", ""title"": ""IV-5-3 契約者価額"", ""source"": ""金融庁"", ""usage"": ""解約返戻金、契約者価額、MVA、市場価格調整"", ""url"": ""https://www.fsa.go.jp/common/law/guide/ins/04.html#:~:text=IV%20%EF%BC%8D%EF%BC%95%EF%BC%8D%EF%BC%93%20%E5%A5%91%E7%B4%84%E8%80%85%E4%BE%A1%E9%A1%8D"", ""type"": ""公式"", ""reason"": ""解約返戻金、契約者価額、MVA、市場価格調整"", ""section_hint"": ""IV－5－3 契約者価額"", ""excerpt"": ""解約返戻金は支出した事業費・投資上の損失・保険設計上の仕組み等に照らして合理的かつ妥当か、MVA係数はリスク管理や取引費用との整合性から妥当かを確認する箇所。"", ""display_mode"": ""official_panel""}, {""id"": ""OFF-06"", ""category"": ""監督指針"", ""title"": ""II-4-2 保険募集管理態勢"", ""source"": ""金融庁"", ""usage"": ""契約締結前交付書面、MVA等の商品説明関連"", ""url"": ""https://www.fsa.go.jp/common/law/guide/ins/02d.html#:~:text=%E5%A5%91%E7%B4%84%E7%B7%A0%E7%B5%90%E5%89%8D%E4%BA%A4%E4%BB%98%E6%9B%B8%E9%9D%A2"", ""type"": ""公式"", ""reason"": ""契約締結前交付書面、MVA等の商品説明関連"", ""section_hint"": ""II－4－2 保険募集管理態勢／契約締結前交付書面"", ""excerpt"": ""契約概要・注意喚起情報、特定保険契約の契約締結前交付書面、MVA等の商品説明に関する確認先。"", ""display_mode"": ""official_panel""}]",3,教科書：第2章 解約および解約返戻金 ＞ 2.5.4 市場価格調整（Market Value Adjustment） ／ 公式：IV-5-3 契約者価額 ／ 公式：II-4-2 保険募集管理態勢,IV－5－3 契約者価額,解約返戻金は支出した事業費・投資上の損失・保険設計上の仕組み等に照らして合理的かつ妥当か、MVA係数はリスク管理や取引費用との整合性から妥当かを確認する箇所。,
2019-Q2(2),2019,第Ⅰ部,問題2,(2),10,共同保険式・修正共同保険式・資産留保型再保険,説明,共同保険式再保険／修正共同保険式／資産留保型／mod-co,複合型,再保険,4,S,hoken1-seiho_08.pdf,第8章 再保険 ＞ 8.3.3 修正共同保険式再保険,8.3.2 共同保険式再保険／資産留保型再保険,教科書リンクを小問テーマに近い見出しへ寄せ直し。関連：8.3.2 共同保険式再保険／資産留保型再保険,25,8-21,2019G.pdf,p.4,4,10,exams/2019G.pdf#page=4,textbooks/hoken1-seiho_08.pdf#page=25,exams/2019G.pdf#page=10,II-3-10 再保険に関するリスク管理,https://www.fsa.go.jp/common/law/guide/ins/02c.html#:~:text=II%20%EF%BC%8D%EF%BC%93%EF%BC%8D10%EF%BC%8D%EF%BC%91%20%E4%BF%9D%E6%9C%89%E3%83%BB%E5%87%BA%E5%86%8D%E3%81%AB%E9%96%A2%E3%81%99%E3%82%8B%E3%83%AA%E3%82%B9%E3%82%AF%E7%AE%A1%E7%90%86,保険業法施行規則 第71条 / 大蔵省告示第233号（財務再保険）,https://laws.e-gov.go.jp/law/408M50000040005#Mp-At_71,2,"[{""type"": ""教科書"", ""category"": ""教科書"", ""title"": ""第8章 再保険 ＞ 8.3.3 修正共同保険式再保険"", ""source"": ""hoken1-seiho_08.pdf"", ""usage"": ""8.3.2 共同保険式再保険／資産留保型再保険"", ""url"": ""textbooks/hoken1-seiho_08.pdf#page=25"", ""reason"": ""教科書リンクを小問テーマに近い見出しへ寄せ直し。関連：8.3.2 共同保険式再保険／資産留保型再保険"", ""pdf_page"": ""25"", ""internal_page"": ""8-21""}, {""id"": ""OFF-04"", ""category"": ""監督指針"", ""title"": ""II-3-10 再保険に関するリスク管理"", ""source"": ""金融庁"", ""usage"": ""再保険リスク、再保険先管理、リスク移転の確認"", ""url"": ""https://www.fsa.go.jp/common/law/guide/ins/02c.html#:~:text=II%20%EF%BC%8D%EF%BC%93%EF%BC%8D10%EF%BC%8D%EF%BC%91%20%E4%BF%9D%E6%9C%89%E3%83%BB%E5%87%BA%E5%86%8D%E3%81%AB%E9%96%A2%E3%81%99%E3%82%8B%E3%83%AA%E3%82%B9%E3%82%AF%E7%AE%A1%E7%90%86"", ""type"": ""公式"", ""reason"": ""再保険リスク、再保険先管理、リスク移転の確認"", ""section_hint"": ""II－3－10 再保険に関するリスク管理"", ""excerpt"": ""保有するリスクの規模・集中度を出再を通じて適正に管理するため、保有・出再政策、保有限度額、再保険によるカバー状況などを確認する箇所。"", ""display_mode"": ""official_panel""}, {""id"": ""OFF-27"", ""category"": ""法令"", ""title"": ""保険業法施行規則 第71条 / 大蔵省告示第233号（財務再保険）"", ""source"": ""e-Gov法令検索・金融庁告示関連"", ""usage"": ""財務再保険、収益認識、預り金処理、修正共同保険式再保険"", ""url"": ""https://laws.e-gov.go.jp/law/408M50000040005#Mp-At_71"", ""type"": ""公式"", ""reason"": ""財務再保険、収益認識、預り金処理、修正共同保険式再保険"", ""section_hint"": ""保険業法施行規則 第71条／財務再保険"", ""excerpt"": ""責任準備金を積み立てない保険契約等の取扱い、財務再保険・大蔵省告示第233号に関連する確認先。"", ""display_mode"": ""official_panel""}]",3,教科書：第8章 再保険 ＞ 8.3.3 修正共同保険式再保険 ／ 公式：II-3-10 再保険に関するリスク管理 ／ 公式：保険業法施行規則 第71条 / 大蔵省告示第233号（財務再保険）,II－3－10 再保険に関するリスク管理,保有するリスクの規模・集中度を出再を通じて適正に管理するため、保有・出再政策、保有限度額、再保険によるカバー状況などを確認する箇所。,
2019-Q3(1),2019,第Ⅱ部,問題3,(1),30,公的介護保険連動の介護終身年金保険開発,所見論述,公的介護保険／予定発生率／社会保険制度連動／終身年金／商品設計,所見型,医療保険・商品開発,5,S,hoken1-seiho_04.pdf,第4章 生命保険の商品開発 ＞ 4.3.1 保険給付等の詳細設計,7.3 医療保険の代表的保障内容／4.4.8 資産運用・ALM,教科書リンクを小問テーマに近い見出しへ寄せ直し。関連：7.3 医療保険の代表的保障内容／4.4.8 資産運用・ALM,26,4-23,2019G.pdf,p.5,5,11,exams/2019G.pdf#page=5,textbooks/hoken1-seiho_04.pdf#page=26,exams/2019G.pdf#page=11,保険業法施行規則 第4条（疾病等に類する事由）,https://laws.e-gov.go.jp/law/408M50000040005#Mp-At_4,IV-4 第三分野,https://www.fsa.go.jp/common/law/guide/ins/04.html#:~:text=IV%20%EF%BC%8D%EF%BC%94%EF%BC%8D%EF%BC%91%20%E5%9F%BA%E7%A4%8E%E7%8E%87%E5%A4%89%E6%9B%B4%E6%A8%A9%E3%81%AE%E8%A8%AD%E5%AE%9A%E3%81%AB%E3%81%A4%E3%81%84%E3%81%A6,2,"[{""type"": ""教科書"", ""category"": ""教科書"", ""title"": ""第4章 生命保険の商品開発 ＞ 4.3.1 保険給付等の詳細設計"", ""source"": ""hoken1-seiho_04.pdf"", ""usage"": ""7.3 医療保険の代表的保障内容／4.4.8 資産運用・ALM"", ""url"": ""textbooks/hoken1-seiho_04.pdf#page=26"", ""reason"": ""教科書リンクを小問テーマに近い見出しへ寄せ直し。関連：7.3 医療保険の代表的保障内容／4.4.8 資産運用・ALM"", ""pdf_page"": ""26"", ""internal_page"": ""4-23""}, {""id"": ""OFF-23"", ""category"": ""法令"", ""title"": ""保険業法施行規則 第4条（疾病等に類する事由）"", ""source"": ""e-Gov法令検索"", ""usage"": ""第三分野の法的位置づけ、介護・骨髄提供等"", ""url"": ""https://laws.e-gov.go.jp/law/408M50000040005#Mp-At_4"", ""type"": ""公式"", ""reason"": ""第三分野の法的位置づけ、介護・骨髄提供等"", ""section_hint"": ""保険業法施行規則 第4条（疾病等に類する事由）"", ""excerpt"": ""疾病等に類する事由。介護を要する身体の状態、骨髄提供等、第三分野の範囲に関する確認先。"", ""display_mode"": ""official_panel""}, {""id"": ""OFF-13"", ""category"": ""監督指針"", ""title"": ""IV-4 第三分野"", ""source"": ""金融庁"", ""usage"": ""第三分野商品の商品審査、基礎率変更権、契約者保護"", ""url"": ""https://www.fsa.go.jp/common/law/guide/ins/04.html#:~:text=IV%20%EF%BC%8D%EF%BC%94%EF%BC%8D%EF%BC%91%20%E5%9F%BA%E7%A4%8E%E7%8E%87%E5%A4%89%E6%9B%B4%E6%A8%A9%E3%81%AE%E8%A8%AD%E5%AE%9A%E3%81%AB%E3%81%A4%E3%81%84%E3%81%A6"", ""type"": ""公式"", ""reason"": ""第三分野商品の商品審査、基礎率変更権、契約者保護"", ""section_hint"": ""IV－4 第三分野／基礎率変更権"", ""excerpt"": ""第三分野保険の基礎率変更権、行使基準、実績発生率指標、契約者説明・情報開示、変更後予定発生率の合理性等を確認する箇所。"", ""display_mode"": ""official_panel""}]",3,教科書：第4章 生命保険の商品開発 ＞ 4.3.1 保険給付等の詳細設計 ／ 公式：保険業法施行規則 第4条（疾病等に類する事由） ／ 公式：IV-4 第三分野,保険業法施行規則 第4条（疾病等に類する事由）,疾病等に類する事由。介護を要する身体の状態、骨髄提供等、第三分野の範囲に関する確認先。,
2019-Q3(2),2019,第Ⅱ部,問題3,(2),20,環境変化を踏まえた商品開発対応,所見論述,金利上昇／死亡率低下／余命推定技術／未婚率上昇／商品開発,所見型,商品開発・所見,5,S,hoken1-seiho_04.pdf,第4章 生命保険の商品開発 ＞ 4.2.4 事後モニタリングと改善アクション,4.1.1 不確実性の下での財務健全性・収益性,教科書リンクを小問テーマに近い見出しへ寄せ直し。関連：4.1.1 不確実性の下での財務健全性・収益性,22,4-19,2019G.pdf,p.6,6,16,exams/2019G.pdf#page=6,textbooks/hoken1-seiho_04.pdf#page=22,exams/2019G.pdf#page=16,,,,,,"[{""type"": ""教科書"", ""category"": ""教科書"", ""title"": ""第4章 生命保険の商品開発 ＞ 4.2.4 事後モニタリングと改善アクション"", ""source"": ""hoken1-seiho_04.pdf"", ""usage"": ""4.1.1 不確実性の下での財務健全性・収益性"", ""url"": ""textbooks/hoken1-seiho_04.pdf#page=22"", ""reason"": ""教科書リンクを小問テーマに近い見出しへ寄せ直し。関連：4.1.1 不確実性の下での財務健全性・収益性"", ""pdf_page"": ""22"", ""internal_page"": ""4-19""}]",1,教科書：第4章 生命保険の商品開発 ＞ 4.2.4 事後モニタリングと改善アクション,,,
2020-Q1(1),2020,第Ⅰ部,問題1,(1),5,監督指針Ⅳ-6 審査手続・数理事項概要書,語句記入,90日／保険料免除／社内規定／標準責任準備金対象契約／保険契約上の責任準備金,知識型,法令・基礎書類,3,A,hoken1-seiho_04.pdf,第4章 生命保険の商品開発 ＞ 4.4.10 法令等 ＞ 参考：商品開発に関連する基礎書類,4.2.3 事前に確認すべき事項／監督指針Ⅳ-6 審査手続,基礎書類・認可届出・算出方法書の表現を原文ベースで確認。,54,4-51,2020G.pdf,p.1-2,1,8,exams/2020G.pdf#page=1,textbooks/hoken1-seiho_04.pdf#page=54,exams/2020G.pdf#page=8,IV-6 審査手続,https://www.fsa.go.jp/common/law/guide/ins/04.html#:~:text=IV%20%EF%BC%8D%EF%BC%96%EF%BC%8D%EF%BC%91%20%E4%BF%9D%E9%99%BA%E5%95%86%E5%93%81%E3%81%AE%E8%AA%8D%E5%8F%AF%E3%83%BB%E5%B1%8A%E5%87%BA%E3%81%AB%E4%BF%82%E3%82%8B%E5%AF%A9%E6%9F%BB%E6%9C%9F%E9%96%93%E3%81%AE%E5%8F%96%E6%89%B1%E3%81%84,保険業法施行規則 第246条（標準処理期間） ／ 保険業法施行規則 第10条（算出方法書の記載事項）,https://laws.e-gov.go.jp/law/408M50000040005#Mp-At_10,3,"[{""type"": ""教科書"", ""category"": ""教科書"", ""title"": ""第4章 生命保険の商品開発 ＞ 4.4.10 法令等 ＞ 参考：商品開発に関連する基礎書類"", ""source"": ""hoken1-seiho_04.pdf"", ""usage"": ""4.2.3 事前に確認すべき事項／監督指針Ⅳ-6 審査手続"", ""url"": ""textbooks/hoken1-seiho_04.pdf#page=54"", ""reason"": ""基礎書類・認可届出・算出方法書の表現を原文ベースで確認。"", ""pdf_page"": ""54"", ""internal_page"": ""4-51""}, {""id"": ""OFF-17"", ""category"": ""監督指針"", ""title"": ""IV-6 審査手続"", ""source"": ""金融庁"", ""usage"": ""保険商品の認可・届出の審査期間、概要書、数理事項概要書"", ""url"": ""https://www.fsa.go.jp/common/law/guide/ins/04.html#:~:text=IV%20%EF%BC%8D%EF%BC%96%EF%BC%8D%EF%BC%91%20%E4%BF%9D%E9%99%BA%E5%95%86%E5%93%81%E3%81%AE%E8%AA%8D%E5%8F%AF%E3%83%BB%E5%B1%8A%E5%87%BA%E3%81%AB%E4%BF%82%E3%82%8B%E5%AF%A9%E6%9F%BB%E6%9C%9F%E9%96%93%E3%81%AE%E5%8F%96%E6%89%B1%E3%81%84"", ""type"": ""公式"", ""reason"": ""保険商品の認可・届出の審査期間、概要書、数理事項概要書"", ""section_hint"": ""IV－6 審査手続"", ""excerpt"": ""保険商品の認可・届出に係る審査期間、概要書を用いた迅速・効率的な審査、数理事項概要書等の確認先。"", ""display_mode"": ""official_panel""}, {""id"": ""OFF-28"", ""category"": ""法令"", ""title"": ""保険業法施行規則 第246条（標準処理期間）"", ""source"": ""e-Gov法令検索"", ""usage"": ""保険商品の認可・届出に係る審査期間"", ""url"": ""https://laws.e-gov.go.jp/law/408M50000040005#Mp-At_246"", ""type"": ""公式"", ""reason"": ""保険商品の認可・届出に係る審査期間"", ""section_hint"": ""保険業法施行規則 第246条（標準処理期間）"", ""excerpt"": ""保険商品の認可等に係る標準処理期間の確認先。監督指針IV－6とセットで確認。"", ""display_mode"": ""official_panel""}, {""id"": ""OFF-25"", ""category"": ""法令"", ""title"": ""保険業法施行規則 第10条（算出方法書の記載事項）"", ""source"": ""e-Gov法令検索"", ""usage"": ""保険料、責任準備金、契約者価額、配当、未収保険料等"", ""url"": ""https://laws.e-gov.go.jp/law/408M50000040005#Mp-At_10"", ""type"": ""公式"", ""reason"": ""保険料、責任準備金、契約者価額、配当、未収保険料等"", ""section_hint"": ""保険業法施行規則 第10条（算出方法書の記載事項）"", ""excerpt"": ""算出方法書の記載事項。保険料、責任準備金、契約者価額、契約者配当、未収保険料、保険金額・保険種類等変更時の計算方法。"", ""display_mode"": ""official_panel""}]",4,教科書：第4章 生命保険の商品開発 ＞ 4.4.10 法令等 ＞ 参考：商品開発に関連する基礎書類 ／ 公式：IV-6 審査手続 ／ 公式：保険業法施行規則 第246条（標準処理期間） ／ 公式：保険業法施行規則 第10条（算出方法書の記載事項）,IV－6 審査手続,保険商品の認可・届出に係る審査期間、概要書を用いた迅速・効率的な審査、数理事項概要書等の確認先。,
2020-Q1(2),2020,第Ⅰ部,問題1,(2),5,アセット・シェアの代表契約選定単位,列挙,区分経理の商品区分／保険事故の種類／契約経過年度／基礎書類上の保険種類／販売経路／危険選択手法,知識型,アセット・シェア,2,S,hoken1-seiho_03.pdf,第3章 アセット・シェア ＞ 3.3.3 配当設定・確認への活用 ＞ 保険計理人実務基準23条,3.2.3 代表的契約による計算例／3.1.2 アセット・シェア計算の目的,代表契約の選定単位と追加区分を暗記。,38,3-34,2020G.pdf,p.2,2,8,exams/2020G.pdf#page=2,textbooks/hoken1-seiho_03.pdf#page=38,exams/2020G.pdf#page=8,IV-1-4 危険選択,https://www.fsa.go.jp/common/law/guide/ins/04.html#:~:text=IV%20%EF%BC%8D%EF%BC%91%EF%BC%8D%EF%BC%94%20%E5%8D%B1%E9%99%BA%E9%81%B8%E6%8A%9E,,,1,"[{""type"": ""教科書"", ""category"": ""教科書"", ""title"": ""第3章 アセット・シェア ＞ 3.3.3 配当設定・確認への活用 ＞ 保険計理人実務基準23条"", ""source"": ""hoken1-seiho_03.pdf"", ""usage"": ""3.2.3 代表的契約による計算例／3.1.2 アセット・シェア計算の目的"", ""url"": ""textbooks/hoken1-seiho_03.pdf#page=38"", ""reason"": ""代表契約の選定単位と追加区分を暗記。"", ""pdf_page"": ""38"", ""internal_page"": ""3-34""}, {""id"": ""OFF-08"", ""category"": ""監督指針"", ""title"": ""IV-1-4 危険選択"", ""source"": ""金融庁"", ""usage"": ""危険選択、告知項目、引受範囲に関する商品審査"", ""url"": ""https://www.fsa.go.jp/common/law/guide/ins/04.html#:~:text=IV%20%EF%BC%8D%EF%BC%91%EF%BC%8D%EF%BC%94%20%E5%8D%B1%E9%99%BA%E9%81%B8%E6%8A%9E"", ""type"": ""公式"", ""reason"": ""危険選択、告知項目、引受範囲に関する商品審査"", ""section_hint"": ""IV－1－4 危険選択"", ""excerpt"": ""被保険者の健康状態等に係る身体的危険、職業等に係る環境的危険を適切に選択する方策、モラルリスク排除、無選択型商品の逆選択対応を確認する箇所。"", ""display_mode"": ""official_panel""}]",2,教科書：第3章 アセット・シェア ＞ 3.3.3 配当設定・確認への活用 ＞ 保険計理人実務基準23条 ／ 公式：IV-1-4 危険選択,IV－1－4 危険選択,被保険者の健康状態等に係る身体的危険、職業等に係る環境的危険を適切に選択する方策、モラルリスク排除、無選択型商品の逆選択対応を確認する箇所。,
2020-Q1(3),2020,第Ⅰ部,問題1,(3),5,団体生命保険の特質,語句記入,グレッグ／団体選択／画一性／経験保険料率／保険料,知識型,団体生命保険,2,S,hoken1-seiho_06.pdf,第6章 団体生命保険 ＞ 6.1 はじめに ＞ 団体生命保険の特質（グレッグ）,6.3 団体生命保険の危険選択／6.6 団体生命保険の数理,グレッグの5項目を順番ごと再現できるように。,5,6-1,2020G.pdf,p.2-3,2,8,exams/2020G.pdf#page=2,textbooks/hoken1-seiho_06.pdf#page=5,exams/2020G.pdf#page=8,IV-1-4 危険選択,https://www.fsa.go.jp/common/law/guide/ins/04.html#:~:text=IV%20%EF%BC%8D%EF%BC%91%EF%BC%8D%EF%BC%94%20%E5%8D%B1%E9%99%BA%E9%81%B8%E6%8A%9E,,,1,"[{""type"": ""教科書"", ""category"": ""教科書"", ""title"": ""第6章 団体生命保険 ＞ 6.1 はじめに ＞ 団体生命保険の特質（グレッグ）"", ""source"": ""hoken1-seiho_06.pdf"", ""usage"": ""6.3 団体生命保険の危険選択／6.6 団体生命保険の数理"", ""url"": ""textbooks/hoken1-seiho_06.pdf#page=5"", ""reason"": ""グレッグの5項目を順番ごと再現できるように。"", ""pdf_page"": ""5"", ""internal_page"": ""6-1""}, {""id"": ""OFF-08"", ""category"": ""監督指針"", ""title"": ""IV-1-4 危険選択"", ""source"": ""金融庁"", ""usage"": ""危険選択、告知項目、引受範囲に関する商品審査"", ""url"": ""https://www.fsa.go.jp/common/law/guide/ins/04.html#:~:text=IV%20%EF%BC%8D%EF%BC%91%EF%BC%8D%EF%BC%94%20%E5%8D%B1%E9%99%BA%E9%81%B8%E6%8A%9E"", ""type"": ""公式"", ""reason"": ""危険選択、告知項目、引受範囲に関する商品審査"", ""section_hint"": ""IV－1－4 危険選択"", ""excerpt"": ""被保険者の健康状態等に係る身体的危険、職業等に係る環境的危険を適切に選択する方策、モラルリスク排除、無選択型商品の逆選択対応を確認する箇所。"", ""display_mode"": ""official_panel""}]",2,教科書：第6章 団体生命保険 ＞ 6.1 はじめに ＞ 団体生命保険の特質（グレッグ） ／ 公式：IV-1-4 危険選択,IV－1－4 危険選択,被保険者の健康状態等に係る身体的危険、職業等に係る環境的危険を適切に選択する方策、モラルリスク排除、無選択型商品の逆選択対応を確認する箇所。,
2020-Q1(4),2020,第Ⅰ部,問題1,(4),5,CTEの多期間適用時の問題点,計算・語句記入,CTE／VaR／破綻確率／時間整合性の欠如,計算型,変額年金・リスク評価,4,A,hoken1-seiho_05.pdf,第5章 変額年金保険 ＞ 5.3.1 CTEアプローチ,5.3 変額年金保険数理の基本的な考え方／リスク尺度・時間整合性,CTE計算と多期間適用時の時間整合性の欠如をセットで。,15,5-11,2020G.pdf,p.3,3,8,exams/2020G.pdf#page=3,textbooks/hoken1-seiho_05.pdf#page=15,exams/2020G.pdf#page=8,,,,,,"[{""type"": ""教科書"", ""category"": ""教科書"", ""title"": ""第5章 変額年金保険 ＞ 5.3.1 CTEアプローチ"", ""source"": ""hoken1-seiho_05.pdf"", ""usage"": ""5.3 変額年金保険数理の基本的な考え方／リスク尺度・時間整合性"", ""url"": ""textbooks/hoken1-seiho_05.pdf#page=15"", ""reason"": ""CTE計算と多期間適用時の時間整合性の欠如をセットで。"", ""pdf_page"": ""15"", ""internal_page"": ""5-11""}]",1,教科書：第5章 変額年金保険 ＞ 5.3.1 CTEアプローチ,,,
2020-Q1(5),2020,第Ⅰ部,問題1,(5),5,生命再保険のエクセスオブロス・カバー,語句記入,非比例式／Cat Cover／集積リスク／自己保有額／填補限度額,知識型,再保険,2,S,hoken1-seiho_08.pdf,第8章 再保険 ＞ 8.3.4 エクセスオブロス・カバー,8.2 再保険の方式／8.3 再保険の種類,Cat Cover・自己保有額・填補限度額の用語を即答。,28,8-24,2020G.pdf,p.3,3,8,exams/2020G.pdf#page=3,textbooks/hoken1-seiho_08.pdf#page=28,exams/2020G.pdf#page=8,,,,,,"[{""type"": ""教科書"", ""category"": ""教科書"", ""title"": ""第8章 再保険 ＞ 8.3.4 エクセスオブロス・カバー"", ""source"": ""hoken1-seiho_08.pdf"", ""usage"": ""8.2 再保険の方式／8.3 再保険の種類"", ""url"": ""textbooks/hoken1-seiho_08.pdf#page=28"", ""reason"": ""Cat Cover・自己保有額・填補限度額の用語を即答。"", ""pdf_page"": ""28"", ""internal_page"": ""8-24""}]",1,教科書：第8章 再保険 ＞ 8.3.4 エクセスオブロス・カバー,,,
2020-Q1(6),2020,第Ⅰ部,問題1,(6),5,第三分野保険の基礎率変更権,説明,予定発生率／実績発生率／合理性／客観性／契約者保護／行使基準,知識型,第三分野・医療,3,A,hoken1-seiho_07.pdf,第7章 医療保険 ＞ 7.6 基礎率変更権の取扱い ＞ 7.6.2 基礎率変更権行使基準の取扱い,7.7 保険計理人の機能強化／第三分野ストレステスト,行使基準の合理性・客観性・契約者保護を整理。,37,7-33,2020G.pdf,p.4,4,8,exams/2020G.pdf#page=4,textbooks/hoken1-seiho_07.pdf#page=37,exams/2020G.pdf#page=8,IV-4 第三分野,https://www.fsa.go.jp/common/law/guide/ins/04.html#:~:text=IV%20%EF%BC%8D%EF%BC%94%EF%BC%8D%EF%BC%91%20%E5%9F%BA%E7%A4%8E%E7%8E%87%E5%A4%89%E6%9B%B4%E6%A8%A9%E3%81%AE%E8%A8%AD%E5%AE%9A%E3%81%AB%E3%81%A4%E3%81%84%E3%81%A6,保険業法施行規則 第11条（基礎率変更権等）,https://laws.e-gov.go.jp/law/408M50000040005#Mp-At_11,2,"[{""type"": ""教科書"", ""category"": ""教科書"", ""title"": ""第7章 医療保険 ＞ 7.6 基礎率変更権の取扱い ＞ 7.6.2 基礎率変更権行使基準の取扱い"", ""source"": ""hoken1-seiho_07.pdf"", ""usage"": ""7.7 保険計理人の機能強化／第三分野ストレステスト"", ""url"": ""textbooks/hoken1-seiho_07.pdf#page=37"", ""reason"": ""行使基準の合理性・客観性・契約者保護を整理。"", ""pdf_page"": ""37"", ""internal_page"": ""7-33""}, {""id"": ""OFF-13"", ""category"": ""監督指針"", ""title"": ""IV-4 第三分野"", ""source"": ""金融庁"", ""usage"": ""第三分野商品の商品審査、基礎率変更権、契約者保護"", ""url"": ""https://www.fsa.go.jp/common/law/guide/ins/04.html#:~:text=IV%20%EF%BC%8D%EF%BC%94%EF%BC%8D%EF%BC%91%20%E5%9F%BA%E7%A4%8E%E7%8E%87%E5%A4%89%E6%9B%B4%E6%A8%A9%E3%81%AE%E8%A8%AD%E5%AE%9A%E3%81%AB%E3%81%A4%E3%81%84%E3%81%A6"", ""type"": ""公式"", ""reason"": ""第三分野商品の商品審査、基礎率変更権、契約者保護"", ""section_hint"": ""IV－4 第三分野／基礎率変更権"", ""excerpt"": ""第三分野保険の基礎率変更権、行使基準、実績発生率指標、契約者説明・情報開示、変更後予定発生率の合理性等を確認する箇所。"", ""display_mode"": ""official_panel""}, {""id"": ""OFF-26"", ""category"": ""法令"", ""title"": ""保険業法施行規則 第11条（基礎率変更権等）"", ""source"": ""e-Gov法令検索"", ""usage"": ""第三分野保険の基礎率変更権、認可申請の根拠"", ""url"": ""https://laws.e-gov.go.jp/law/408M50000040005#Mp-At_11"", ""type"": ""公式"", ""reason"": ""第三分野保険の基礎率変更権、認可申請の根拠"", ""section_hint"": ""保険業法施行規則 第11条（基礎率変更権等）"", ""excerpt"": ""基礎率変更権等の算出方法書記載事項・審査基準に関連する条文。第三分野保険の基礎率変更権問題で確認。"", ""display_mode"": ""official_panel""}]",3,教科書：第7章 医療保険 ＞ 7.6 基礎率変更権の取扱い ＞ 7.6.2 基礎率変更権行使基準の取扱い ／ 公式：IV-4 第三分野 ／ 公式：保険業法施行規則 第11条（基礎率変更権等）,IV－4 第三分野／基礎率変更権,第三分野保険の基礎率変更権、行使基準、実績発生率指標、契約者説明・情報開示、変更後予定発生率の合理性等を確認する箇所。,
2020-Q2(1),2020,第Ⅰ部,問題2,(1),10,営業保険料と標準責任準備金制度,説明,標準基礎率／営業保険料／責任準備金積立負担／Pとπ／付加保険料体系／予定利率,複合型,営業保険料・基礎率,4,S,hoken1-seiho_01.pdf,第1章 営業保険料 ＞ 1.2.3 その他 ＞ 標準責任準備金制度との関係,1.4 営業保険料の構成要素（計算基礎率）／1.3 営業保険料の計算方法,標準基礎率と営業保険料基礎率の不一致による積立負担を説明。,5,1-3,2020G.pdf,p.5,5,9,exams/2020G.pdf#page=5,textbooks/hoken1-seiho_01.pdf#page=5,exams/2020G.pdf#page=9,IV-5-1 保険料,https://www.fsa.go.jp/common/law/guide/ins/04.html#:~:text=IV%20%EF%BC%8D%EF%BC%95%EF%BC%8D%EF%BC%91%20%E4%BF%9D%E9%99%BA%E6%96%99,,,1,"[{""type"": ""教科書"", ""category"": ""教科書"", ""title"": ""第1章 営業保険料 ＞ 1.2.3 その他 ＞ 標準責任準備金制度との関係"", ""source"": ""hoken1-seiho_01.pdf"", ""usage"": ""1.4 営業保険料の構成要素（計算基礎率）／1.3 営業保険料の計算方法"", ""url"": ""textbooks/hoken1-seiho_01.pdf#page=5"", ""reason"": ""標準基礎率と営業保険料基礎率の不一致による積立負担を説明。"", ""pdf_page"": ""5"", ""internal_page"": ""1-3""}, {""id"": ""OFF-14"", ""category"": ""監督指針"", ""title"": ""IV-5-1 保険料"", ""source"": ""金融庁"", ""usage"": ""保険料・付加保険料・料率区分・割増引制度"", ""url"": ""https://www.fsa.go.jp/common/law/guide/ins/04.html#:~:text=IV%20%EF%BC%8D%EF%BC%95%EF%BC%8D%EF%BC%91%20%E4%BF%9D%E9%99%BA%E6%96%99"", ""type"": ""公式"", ""reason"": ""保険料・付加保険料・料率区分・割増引制度"", ""section_hint"": ""IV－5－1 保険料"", ""excerpt"": ""保険料の算出方法について、十分性・公平性等を考慮して合理的かつ妥当か、不当な差別的扱いがないか、予定発生率等が基礎データに基づくかを確認する箇所。"", ""display_mode"": ""official_panel""}]",2,教科書：第1章 営業保険料 ＞ 1.2.3 その他 ＞ 標準責任準備金制度との関係 ／ 公式：IV-5-1 保険料,IV－5－1 保険料,保険料の算出方法について、十分性・公平性等を考慮して合理的かつ妥当か、不当な差別的扱いがないか、予定発生率等が基礎データに基づくかを確認する箇所。,
2020-Q2(2),2020,第Ⅰ部,問題2,(2),10,生命保険商品の更新制度,説明,更新型／保険期間短期化／保険料見直し／健康状態不問／価格設定／制御可能性,複合型,商品開発・モニタリング,3,A,hoken1-seiho_04.pdf,第4章 生命保険の商品開発 ＞ 4.3.1 保険給付等の詳細設計,4.4.5 契約管理／4.2.4 事後モニタリングと改善アクション,更新制度は契約管理・商品設計・収益管理の横断テーマ。,26,4-23,2020G.pdf,p.5,5,10,exams/2020G.pdf#page=5,textbooks/hoken1-seiho_04.pdf#page=26,exams/2020G.pdf#page=10,IV-4 第三分野,https://www.fsa.go.jp/common/law/guide/ins/04.html#:~:text=IV%20%EF%BC%8D%EF%BC%94%EF%BC%8D%EF%BC%91%20%E5%9F%BA%E7%A4%8E%E7%8E%87%E5%A4%89%E6%9B%B4%E6%A8%A9%E3%81%AE%E8%A8%AD%E5%AE%9A%E3%81%AB%E3%81%A4%E3%81%84%E3%81%A6,IV-5-2 責任準備金,https://www.fsa.go.jp/common/law/guide/ins/04.html#:~:text=IV%20%EF%BC%8D%EF%BC%95%EF%BC%8D%EF%BC%92%20%E8%B2%AC%E4%BB%BB%E6%BA%96%E5%82%99%E9%87%91,2,"[{""type"": ""教科書"", ""category"": ""教科書"", ""title"": ""第4章 生命保険の商品開発 ＞ 4.3.1 保険給付等の詳細設計"", ""source"": ""hoken1-seiho_04.pdf"", ""usage"": ""4.4.5 契約管理／4.2.4 事後モニタリングと改善アクション"", ""url"": ""textbooks/hoken1-seiho_04.pdf#page=26"", ""reason"": ""更新制度は契約管理・商品設計・収益管理の横断テーマ。"", ""pdf_page"": ""26"", ""internal_page"": ""4-23""}, {""id"": ""OFF-13"", ""category"": ""監督指針"", ""title"": ""IV-4 第三分野"", ""source"": ""金融庁"", ""usage"": ""第三分野商品の商品審査、基礎率変更権、契約者保護"", ""url"": ""https://www.fsa.go.jp/common/law/guide/ins/04.html#:~:text=IV%20%EF%BC%8D%EF%BC%94%EF%BC%8D%EF%BC%91%20%E5%9F%BA%E7%A4%8E%E7%8E%87%E5%A4%89%E6%9B%B4%E6%A8%A9%E3%81%AE%E8%A8%AD%E5%AE%9A%E3%81%AB%E3%81%A4%E3%81%84%E3%81%A6"", ""type"": ""公式"", ""reason"": ""第三分野商品の商品審査、基礎率変更権、契約者保護"", ""section_hint"": ""IV－4 第三分野／基礎率変更権"", ""excerpt"": ""第三分野保険の基礎率変更権、行使基準、実績発生率指標、契約者説明・情報開示、変更後予定発生率の合理性等を確認する箇所。"", ""display_mode"": ""official_panel""}, {""id"": ""OFF-15"", ""category"": ""監督指針"", ""title"": ""IV-5-2 責任準備金"", ""source"": ""金融庁"", ""usage"": ""責任準備金、標準責任準備金、第三分野ストレステスト"", ""url"": ""https://www.fsa.go.jp/common/law/guide/ins/04.html#:~:text=IV%20%EF%BC%8D%EF%BC%95%EF%BC%8D%EF%BC%92%20%E8%B2%AC%E4%BB%BB%E6%BA%96%E5%82%99%E9%87%91"", ""type"": ""公式"", ""reason"": ""責任準備金、標準責任準備金、第三分野ストレステスト"", ""section_hint"": ""IV－5－2 責任準備金"", ""excerpt"": ""責任準備金審査、負値責任準備金、MVAの仕組みを持つ商品の責任準備金、第三分野ストレステスト等の確認先。"", ""display_mode"": ""official_panel""}]",3,教科書：第4章 生命保険の商品開発 ＞ 4.3.1 保険給付等の詳細設計 ／ 公式：IV-4 第三分野 ／ 公式：IV-5-2 責任準備金,IV－4 第三分野／基礎率変更権,第三分野保険の基礎率変更権、行使基準、実績発生率指標、契約者説明・情報開示、変更後予定発生率の合理性等を確認する箇所。,
2020-Q3(1)①,2020,第Ⅱ部,問題3,(1)①,6,危険選択の目的・手法,説明,逆選択／モラルリスク／公平性／大数の法則／医的査定／環境査定,知識型,商品開発・危険選択,2,S,hoken1-seiho_04.pdf,第4章 生命保険の商品開発 ＞ 4.4.4 危険選択（アンダーライティング）,4.3.2 引受範囲、販売範囲／4.3.3 モラルリスクおよび大災害への対応,逆選択・モラルリスク・公平性・大数の法則で骨子化。,42,4-39,2020G.pdf,p.6,6,11,exams/2020G.pdf#page=6,textbooks/hoken1-seiho_04.pdf#page=42,exams/2020G.pdf#page=11,保険業法 第3条（免許・引受範囲）,https://laws.e-gov.go.jp/law/407AC0000000105#Mp-At_3,IV-1-4 危険選択,https://www.fsa.go.jp/common/law/guide/ins/04.html#:~:text=IV%20%EF%BC%8D%EF%BC%91%EF%BC%8D%EF%BC%94%20%E5%8D%B1%E9%99%BA%E9%81%B8%E6%8A%9E,2,"[{""type"": ""教科書"", ""category"": ""教科書"", ""title"": ""第4章 生命保険の商品開発 ＞ 4.4.4 危険選択（アンダーライティング）"", ""source"": ""hoken1-seiho_04.pdf"", ""usage"": ""4.3.2 引受範囲、販売範囲／4.3.3 モラルリスクおよび大災害への対応"", ""url"": ""textbooks/hoken1-seiho_04.pdf#page=42"", ""reason"": ""逆選択・モラルリスク・公平性・大数の法則で骨子化。"", ""pdf_page"": ""42"", ""internal_page"": ""4-39""}, {""id"": ""OFF-18"", ""category"": ""法令"", ""title"": ""保険業法 第3条（免許・引受範囲）"", ""source"": ""e-Gov法令検索"", ""usage"": ""生命保険業免許、第一分野・第三分野等の引受範囲"", ""url"": ""https://laws.e-gov.go.jp/law/407AC0000000105#Mp-At_3"", ""type"": ""公式"", ""reason"": ""生命保険業免許、第一分野・第三分野等の引受範囲"", ""section_hint"": ""保険業法 第3条（免許・引受範囲）"", ""excerpt"": ""生命保険業免許・損害保険業免許の範囲、第一分野・第三分野の引受範囲を確認する条文。"", ""display_mode"": ""official_panel""}, {""id"": ""OFF-08"", ""category"": ""監督指針"", ""title"": ""IV-1-4 危険選択"", ""source"": ""金融庁"", ""usage"": ""危険選択、告知項目、引受範囲に関する商品審査"", ""url"": ""https://www.fsa.go.jp/common/law/guide/ins/04.html#:~:text=IV%20%EF%BC%8D%EF%BC%91%EF%BC%8D%EF%BC%94%20%E5%8D%B1%E9%99%BA%E9%81%B8%E6%8A%9E"", ""type"": ""公式"", ""reason"": ""危険選択、告知項目、引受範囲に関する商品審査"", ""section_hint"": ""IV－1－4 危険選択"", ""excerpt"": ""被保険者の健康状態等に係る身体的危険、職業等に係る環境的危険を適切に選択する方策、モラルリスク排除、無選択型商品の逆選択対応を確認する箇所。"", ""display_mode"": ""official_panel""}]",3,教科書：第4章 生命保険の商品開発 ＞ 4.4.4 危険選択（アンダーライティング） ／ 公式：保険業法 第3条（免許・引受範囲） ／ 公式：IV-1-4 危険選択,保険業法 第3条（免許・引受範囲）,生命保険業免許・損害保険業免許の範囲、第一分野・第三分野の引受範囲を確認する条文。,
2020-Q3(1)②,2020,第Ⅱ部,問題3,(1)②,19,インターネットチャネルでの告知書扱い終身保険開発,所見論述,非対面販売／告知書扱い／診査扱い併売／逆選択／チャネル別料率／販売上限／モニタリング,所見型,商品開発・危険選択,5,S,hoken1-seiho_04.pdf,第4章 生命保険の商品開発 ＞ 4.4.3 販売経路（営業、募集） ＞ 4.4.4 危険選択（アンダーライティング）,4.2.3 事前に確認すべき事項／4.2.4 事後モニタリングと改善アクション,ネットチャネル固有の告知・本人確認・モニタリングを答案に入れる。,39,4-36,2020G.pdf,p.6-7,6,11,exams/2020G.pdf#page=6,textbooks/hoken1-seiho_04.pdf#page=39,exams/2020G.pdf#page=11,IV-1-4 危険選択,https://www.fsa.go.jp/common/law/guide/ins/04.html#:~:text=IV%20%EF%BC%8D%EF%BC%91%EF%BC%8D%EF%BC%94%20%E5%8D%B1%E9%99%BA%E9%81%B8%E6%8A%9E,,,1,"[{""type"": ""教科書"", ""category"": ""教科書"", ""title"": ""第4章 生命保険の商品開発 ＞ 4.4.3 販売経路（営業、募集） ＞ 4.4.4 危険選択（アンダーライティング）"", ""source"": ""hoken1-seiho_04.pdf"", ""usage"": ""4.2.3 事前に確認すべき事項／4.2.4 事後モニタリングと改善アクション"", ""url"": ""textbooks/hoken1-seiho_04.pdf#page=39"", ""reason"": ""ネットチャネル固有の告知・本人確認・モニタリングを答案に入れる。"", ""pdf_page"": ""39"", ""internal_page"": ""4-36""}, {""id"": ""OFF-08"", ""category"": ""監督指針"", ""title"": ""IV-1-4 危険選択"", ""source"": ""金融庁"", ""usage"": ""危険選択、告知項目、引受範囲に関する商品審査"", ""url"": ""https://www.fsa.go.jp/common/law/guide/ins/04.html#:~:text=IV%20%EF%BC%8D%EF%BC%91%EF%BC%8D%EF%BC%94%20%E5%8D%B1%E9%99%BA%E9%81%B8%E6%8A%9E"", ""type"": ""公式"", ""reason"": ""危険選択、告知項目、引受範囲に関する商品審査"", ""section_hint"": ""IV－1－4 危険選択"", ""excerpt"": ""被保険者の健康状態等に係る身体的危険、職業等に係る環境的危険を適切に選択する方策、モラルリスク排除、無選択型商品の逆選択対応を確認する箇所。"", ""display_mode"": ""official_panel""}]",2,教科書：第4章 生命保険の商品開発 ＞ 4.4.3 販売経路（営業、募集） ＞ 4.4.4 危険選択（アンダーライティング） ／ 公式：IV-1-4 危険選択,IV－1－4 危険選択,被保険者の健康状態等に係る身体的危険、職業等に係る環境的危険を適切に選択する方策、モラルリスク排除、無選択型商品の逆選択対応を確認する箇所。,
2020-Q3(2)①,2020,第Ⅱ部,問題3,(2)①,5,商品毎収益検証の目的・手順,説明,商品毎収益検証／目的／シナリオ／モデル／モデルポイント,知識型,商品毎収益検証,2,S,hoken1-seiho_10.pdf,第10章 商品毎収益検証 ＞ 10.1 商品毎収益検証の必要性 ＞ 10.2 商品毎収益検証の目的,10.3 商品毎収益検証に用いるシナリオの設定／10.9 指標,目的→手順→アウトプットの利用を型で暗記。,8,10-2,2020G.pdf,p.7,7,17,exams/2020G.pdf#page=7,textbooks/hoken1-seiho_10.pdf#page=8,exams/2020G.pdf#page=17,,,,,,"[{""type"": ""教科書"", ""category"": ""教科書"", ""title"": ""第10章 商品毎収益検証 ＞ 10.1 商品毎収益検証の必要性 ＞ 10.2 商品毎収益検証の目的"", ""source"": ""hoken1-seiho_10.pdf"", ""usage"": ""10.3 商品毎収益検証に用いるシナリオの設定／10.9 指標"", ""url"": ""textbooks/hoken1-seiho_10.pdf#page=8"", ""reason"": ""目的→手順→アウトプットの利用を型で暗記。"", ""pdf_page"": ""8"", ""internal_page"": ""10-2""}]",1,教科書：第10章 商品毎収益検証 ＞ 10.1 商品毎収益検証の必要性 ＞ 10.2 商品毎収益検証の目的,,,
2020-Q3(2)②,2020,第Ⅱ部,問題3,(2)②,20,低解約返戻金型終身保険の収益検証,所見論述,低解約返戻金／解約率シナリオ／他シナリオ連動／感応度分析／ストレステスト／販売政策,所見型,商品毎収益検証,5,S,hoken1-seiho_10.pdf,第10章 商品毎収益検証 ＞ 10.6 解約率のシナリオの設定,10.9 収益性・健全性の指標の例／10.10 モデルの検証／第2章 2.5.2 低・無解約返戻金型商品,低解約型は第2章と第10章をセットで読む。,33,10-27,2020G.pdf,p.7,7,18,exams/2020G.pdf#page=7,textbooks/hoken1-seiho_10.pdf#page=33,exams/2020G.pdf#page=18,,,,,,"[{""type"": ""教科書"", ""category"": ""教科書"", ""title"": ""第10章 商品毎収益検証 ＞ 10.6 解約率のシナリオの設定"", ""source"": ""hoken1-seiho_10.pdf"", ""usage"": ""10.9 収益性・健全性の指標の例／10.10 モデルの検証／第2章 2.5.2 低・無解約返戻金型商品"", ""url"": ""textbooks/hoken1-seiho_10.pdf#page=33"", ""reason"": ""低解約型は第2章と第10章をセットで読む。"", ""pdf_page"": ""33"", ""internal_page"": ""10-27""}]",1,教科書：第10章 商品毎収益検証 ＞ 10.6 解約率のシナリオの設定,,,
2021-Q1(1),2021,第Ⅰ部,問題1,(1),5,アセット・シェア実務基準の正誤訂正,正誤訂正,時価／代表契約／事業費／初期値負値／直近実績／巨大リスク除外,知識型,アセット・シェア,3,S,hoken1-seiho_03.pdf,第3章 アセット・シェア ＞ 3.1.1 定義 ＞ 3.2 アセット・シェア計算の原理,3.3 アセット・シェアの活用／保険計理人実務基準23～25条,実務基準の文言差し替え問題としてチェック。,5,3-1,2021G.pdf,p.1,1,6,exams/2021G.pdf#page=1,textbooks/hoken1-seiho_03.pdf#page=5,exams/2021G.pdf#page=6,,,,,,"[{""type"": ""教科書"", ""category"": ""教科書"", ""title"": ""第3章 アセット・シェア ＞ 3.1.1 定義 ＞ 3.2 アセット・シェア計算の原理"", ""source"": ""hoken1-seiho_03.pdf"", ""usage"": ""3.3 アセット・シェアの活用／保険計理人実務基準23～25条"", ""url"": ""textbooks/hoken1-seiho_03.pdf#page=5"", ""reason"": ""実務基準の文言差し替え問題としてチェック。"", ""pdf_page"": ""5"", ""internal_page"": ""3-1""}]",1,教科書：第3章 アセット・シェア ＞ 3.1.1 定義 ＞ 3.2 アセット・シェア計算の原理,,,
2021-Q1(2),2021,第Ⅰ部,問題1,(2),5,団体生命保険の配当清算法,語句記入,信頼度／損失限度／小さい／異常危険／危険賦課金／Carry Forward,知識型,団体生命保険,3,S,hoken1-seiho_06.pdf,第6章 団体生命保険 ＞ 6.6.4 配当清算法,6.6.3 経験料率／6.6 団体生命保険の数理,プール方式・剰余金計算式・累積赤字対応を暗記。,24,6-20,2021G.pdf,p.1-2,1,6,exams/2021G.pdf#page=1,textbooks/hoken1-seiho_06.pdf#page=24,exams/2021G.pdf#page=6,,,,,,"[{""type"": ""教科書"", ""category"": ""教科書"", ""title"": ""第6章 団体生命保険 ＞ 6.6.4 配当清算法"", ""source"": ""hoken1-seiho_06.pdf"", ""usage"": ""6.6.3 経験料率／6.6 団体生命保険の数理"", ""url"": ""textbooks/hoken1-seiho_06.pdf#page=24"", ""reason"": ""プール方式・剰余金計算式・累積赤字対応を暗記。"", ""pdf_page"": ""24"", ""internal_page"": ""6-20""}]",1,教科書：第6章 団体生命保険 ＞ 6.6.4 配当清算法,,,
2021-Q1(3),2021,第Ⅰ部,問題1,(3),5,契約者価額・MVAの監督指針,語句記入,投資上の損失／MVA／金利変動／取引費用／リスク管理,知識型,解約・契約者価額,3,A,hoken1-seiho_02.pdf,第2章 解約および解約返戻金 ＞ 2.5.3 市場価格調整（Market Value Adjustment）,2.5 契約者の合理的な期待／2.6 解約リスク,MVA係数の合理性・契約者不利益の観点で整理。,30,2-24,2021G.pdf,p.2,2,6,exams/2021G.pdf#page=2,textbooks/hoken1-seiho_02.pdf#page=30,exams/2021G.pdf#page=6,IV-5-3 契約者価額,https://www.fsa.go.jp/common/law/guide/ins/04.html#:~:text=IV%20%EF%BC%8D%EF%BC%95%EF%BC%8D%EF%BC%93%20%E5%A5%91%E7%B4%84%E8%80%85%E4%BE%A1%E9%A1%8D,,,1,"[{""type"": ""教科書"", ""category"": ""教科書"", ""title"": ""第2章 解約および解約返戻金 ＞ 2.5.3 市場価格調整（Market Value Adjustment）"", ""source"": ""hoken1-seiho_02.pdf"", ""usage"": ""2.5 契約者の合理的な期待／2.6 解約リスク"", ""url"": ""textbooks/hoken1-seiho_02.pdf#page=30"", ""reason"": ""MVA係数の合理性・契約者不利益の観点で整理。"", ""pdf_page"": ""30"", ""internal_page"": ""2-24""}, {""id"": ""OFF-16"", ""category"": ""監督指針"", ""title"": ""IV-5-3 契約者価額"", ""source"": ""金融庁"", ""usage"": ""解約返戻金、契約者価額、MVA、市場価格調整"", ""url"": ""https://www.fsa.go.jp/common/law/guide/ins/04.html#:~:text=IV%20%EF%BC%8D%EF%BC%95%EF%BC%8D%EF%BC%93%20%E5%A5%91%E7%B4%84%E8%80%85%E4%BE%A1%E9%A1%8D"", ""type"": ""公式"", ""reason"": ""解約返戻金、契約者価額、MVA、市場価格調整"", ""section_hint"": ""IV－5－3 契約者価額"", ""excerpt"": ""解約返戻金は支出した事業費・投資上の損失・保険設計上の仕組み等に照らして合理的かつ妥当か、MVA係数はリスク管理や取引費用との整合性から妥当かを確認する箇所。"", ""display_mode"": ""official_panel""}]",2,教科書：第2章 解約および解約返戻金 ＞ 2.5.3 市場価格調整（Market Value Adjustment） ／ 公式：IV-5-3 契約者価額,IV－5－3 契約者価額,解約返戻金は支出した事業費・投資上の損失・保険設計上の仕組み等に照らして合理的かつ妥当か、MVA係数はリスク管理や取引費用との整合性から妥当かを確認する箇所。,
2021-Q1(4),2021,第Ⅰ部,問題1,(4),4,転換制度,列挙,保険料積立金／据置給付金／配当積立残高／契約日／基礎率／特別条件,知識型,解約・契約者価額,2,B,hoken1-seiho_02.pdf,第2章 解約および解約返戻金 ＞ 2.9 解約返戻金および解約率の設定とアクチュアリーの職務倫理,2.2 解約返戻金の定義・法規／2.5 契約者の合理的な期待,転換価格の構成と引継ぎ要素を列挙できるように。,48,2-42,2021G.pdf,p.2,2,6,exams/2021G.pdf#page=2,textbooks/hoken1-seiho_02.pdf#page=48,exams/2021G.pdf#page=6,IV-5-3 契約者価額,https://www.fsa.go.jp/common/law/guide/ins/04.html#:~:text=IV%20%EF%BC%8D%EF%BC%95%EF%BC%8D%EF%BC%93%20%E5%A5%91%E7%B4%84%E8%80%85%E4%BE%A1%E9%A1%8D,,,1,"[{""type"": ""教科書"", ""category"": ""教科書"", ""title"": ""第2章 解約および解約返戻金 ＞ 2.9 解約返戻金および解約率の設定とアクチュアリーの職務倫理"", ""source"": ""hoken1-seiho_02.pdf"", ""usage"": ""2.2 解約返戻金の定義・法規／2.5 契約者の合理的な期待"", ""url"": ""textbooks/hoken1-seiho_02.pdf#page=48"", ""reason"": ""転換価格の構成と引継ぎ要素を列挙できるように。"", ""pdf_page"": ""48"", ""internal_page"": ""2-42""}, {""id"": ""OFF-16"", ""category"": ""監督指針"", ""title"": ""IV-5-3 契約者価額"", ""source"": ""金融庁"", ""usage"": ""解約返戻金、契約者価額、MVA、市場価格調整"", ""url"": ""https://www.fsa.go.jp/common/law/guide/ins/04.html#:~:text=IV%20%EF%BC%8D%EF%BC%95%EF%BC%8D%EF%BC%93%20%E5%A5%91%E7%B4%84%E8%80%85%E4%BE%A1%E9%A1%8D"", ""type"": ""公式"", ""reason"": ""解約返戻金、契約者価額、MVA、市場価格調整"", ""section_hint"": ""IV－5－3 契約者価額"", ""excerpt"": ""解約返戻金は支出した事業費・投資上の損失・保険設計上の仕組み等に照らして合理的かつ妥当か、MVA係数はリスク管理や取引費用との整合性から妥当かを確認する箇所。"", ""display_mode"": ""official_panel""}]",2,教科書：第2章 解約および解約返戻金 ＞ 2.9 解約返戻金および解約率の設定とアクチュアリーの職務倫理 ／ 公式：IV-5-3 契約者価額,IV－5－3 契約者価額,解約返戻金は支出した事業費・投資上の損失・保険設計上の仕組み等に照らして合理的かつ妥当か、MVA係数はリスク管理や取引費用との整合性から妥当かを確認する箇所。,
2021-Q1(5),2021,第Ⅰ部,問題1,(5),5,自動再保険と任意再保険,説明,自動再保険／任意再保険／出再義務／受再義務／査定判断,知識型,再保険,2,S,hoken1-seiho_08.pdf,第8章 再保険 ＞ 8.2.2 自動再保険・任意再保険,8.2 再保険の方式／8.1.2 目的,自動・任意の違いを契約実務と引受判断で説明。,11,8-7,2021G.pdf,p.2,2,6,exams/2021G.pdf#page=2,textbooks/hoken1-seiho_08.pdf#page=11,exams/2021G.pdf#page=6,,,,,,"[{""type"": ""教科書"", ""category"": ""教科書"", ""title"": ""第8章 再保険 ＞ 8.2.2 自動再保険・任意再保険"", ""source"": ""hoken1-seiho_08.pdf"", ""usage"": ""8.2 再保険の方式／8.1.2 目的"", ""url"": ""textbooks/hoken1-seiho_08.pdf#page=11"", ""reason"": ""自動・任意の違いを契約実務と引受判断で説明。"", ""pdf_page"": ""11"", ""internal_page"": ""8-7""}]",1,教科書：第8章 再保険 ＞ 8.2.2 自動再保険・任意再保険,,,
2021-Q1(6),2021,第Ⅰ部,問題1,(6),6,商品毎収益検証の確率論的手法,説明,確率論的手法／シナリオ分布／テイルリスク／計算負荷／説明可能性／極端シナリオ,知識型,商品毎収益検証,3,S,hoken1-seiho_10.pdf,第10章 商品毎収益検証 ＞ 10.3 商品毎収益検証に用いるシナリオの設定,10.3.2 最も確からしいシナリオの設定／確率論的手法,確率論的手法のメリット・デメリットを短く整理。,12,10-6,2021G.pdf,p.2,2,6,exams/2021G.pdf#page=2,textbooks/hoken1-seiho_10.pdf#page=12,exams/2021G.pdf#page=6,,,,,,"[{""type"": ""教科書"", ""category"": ""教科書"", ""title"": ""第10章 商品毎収益検証 ＞ 10.3 商品毎収益検証に用いるシナリオの設定"", ""source"": ""hoken1-seiho_10.pdf"", ""usage"": ""10.3.2 最も確からしいシナリオの設定／確率論的手法"", ""url"": ""textbooks/hoken1-seiho_10.pdf#page=12"", ""reason"": ""確率論的手法のメリット・デメリットを短く整理。"", ""pdf_page"": ""12"", ""internal_page"": ""10-6""}]",1,教科書：第10章 商品毎収益検証 ＞ 10.3 商品毎収益検証に用いるシナリオの設定,,,
2021-Q2(1),2021,第Ⅰ部,問題2,(1),10,第三分野標準生命表2018の作成過程,説明,第21回生命表／死亡保障付加から単品化／死亡率改善／補整前死亡率／安全割増,知識型,死亡率・標準生命表,4,S,hoken1-seiho_07.pdf,第7章 医療保険 ＞ 付録4 第三分野標準生命表2018の作成概要,7.7 保険計理人の機能強化／7.4 医療保険の保険料計算,2007からの変更点・理由までセットで。,54,7-50,2021G.pdf,p.3,3,7,exams/2021G.pdf#page=3,textbooks/hoken1-seiho_07.pdf#page=54,exams/2021G.pdf#page=7,IV-4 第三分野,https://www.fsa.go.jp/common/law/guide/ins/04.html#:~:text=IV%20%EF%BC%8D%EF%BC%94%EF%BC%8D%EF%BC%91%20%E5%9F%BA%E7%A4%8E%E7%8E%87%E5%A4%89%E6%9B%B4%E6%A8%A9%E3%81%AE%E8%A8%AD%E5%AE%9A%E3%81%AB%E3%81%A4%E3%81%84%E3%81%A6,金融庁 報道発表資料（保険会社関係）,https://www.fsa.go.jp/news/r7/hoken/news_menu_h.html,2,"[{""type"": ""教科書"", ""category"": ""教科書"", ""title"": ""第7章 医療保険 ＞ 付録4 第三分野標準生命表2018の作成概要"", ""source"": ""hoken1-seiho_07.pdf"", ""usage"": ""7.7 保険計理人の機能強化／7.4 医療保険の保険料計算"", ""url"": ""textbooks/hoken1-seiho_07.pdf#page=54"", ""reason"": ""2007からの変更点・理由までセットで。"", ""pdf_page"": ""54"", ""internal_page"": ""7-50""}, {""id"": ""OFF-13"", ""category"": ""監督指針"", ""title"": ""IV-4 第三分野"", ""source"": ""金融庁"", ""usage"": ""第三分野商品の商品審査、基礎率変更権、契約者保護"", ""url"": ""https://www.fsa.go.jp/common/law/guide/ins/04.html#:~:text=IV%20%EF%BC%8D%EF%BC%94%EF%BC%8D%EF%BC%91%20%E5%9F%BA%E7%A4%8E%E7%8E%87%E5%A4%89%E6%9B%B4%E6%A8%A9%E3%81%AE%E8%A8%AD%E5%AE%9A%E3%81%AB%E3%81%A4%E3%81%84%E3%81%A6"", ""type"": ""公式"", ""reason"": ""第三分野商品の商品審査、基礎率変更権、契約者保護"", ""section_hint"": ""IV－4 第三分野／基礎率変更権"", ""excerpt"": ""第三分野保険の基礎率変更権、行使基準、実績発生率指標、契約者説明・情報開示、変更後予定発生率の合理性等を確認する箇所。"", ""display_mode"": ""official_panel""}, {""id"": ""OFF-29"", ""category"": ""パブコメ"", ""title"": ""金融庁 報道発表資料（保険会社関係）"", ""source"": ""金融庁"", ""usage"": ""監督指針・法令改正・標準生命表関連などの公表資料、パブリックコメント確認"", ""url"": ""https://www.fsa.go.jp/news/r7/hoken/news_menu_h.html"", ""type"": ""公式"", ""reason"": ""監督指針・法令改正・標準生命表関連などの公表資料、パブリックコメント確認"", ""section_hint"": ""金融庁 報道発表資料（保険会社関係）"", ""excerpt"": ""監督指針・法令改正・標準生命表関連などのパブリックコメント・公表資料の入口。個別案件の確認用。"", ""display_mode"": ""official_panel""}]",3,教科書：第7章 医療保険 ＞ 付録4 第三分野標準生命表2018の作成概要 ／ 公式：IV-4 第三分野 ／ 公式：金融庁 報道発表資料（保険会社関係）,IV－4 第三分野／基礎率変更権,第三分野保険の基礎率変更権、行使基準、実績発生率指標、契約者説明・情報開示、変更後予定発生率の合理性等を確認する箇所。,
2021-Q2(2),2021,第Ⅰ部,問題2,(2),10,低・無解約返戻金型商品,説明,低金利／保険料低廉化／解約返戻金抑制／契約者理解／払済保険／公平性,複合型,解約・契約者価額,4,S,hoken1-seiho_02.pdf,第2章 解約および解約返戻金 ＞ 2.5.2 低・無解約返戻金型商品,2.5 契約者の合理的な期待／2.9 契約者価額・職務倫理,背景・契約者理解・払済不可理由を分けて答案化。,27,2-21,2021G.pdf,p.3,3,8,exams/2021G.pdf#page=3,textbooks/hoken1-seiho_02.pdf#page=27,exams/2021G.pdf#page=8,IV-5-3 契約者価額,https://www.fsa.go.jp/common/law/guide/ins/04.html#:~:text=IV%20%EF%BC%8D%EF%BC%95%EF%BC%8D%EF%BC%93%20%E5%A5%91%E7%B4%84%E8%80%85%E4%BE%A1%E9%A1%8D,,,1,"[{""type"": ""教科書"", ""category"": ""教科書"", ""title"": ""第2章 解約および解約返戻金 ＞ 2.5.2 低・無解約返戻金型商品"", ""source"": ""hoken1-seiho_02.pdf"", ""usage"": ""2.5 契約者の合理的な期待／2.9 契約者価額・職務倫理"", ""url"": ""textbooks/hoken1-seiho_02.pdf#page=27"", ""reason"": ""背景・契約者理解・払済不可理由を分けて答案化。"", ""pdf_page"": ""27"", ""internal_page"": ""2-21""}, {""id"": ""OFF-16"", ""category"": ""監督指針"", ""title"": ""IV-5-3 契約者価額"", ""source"": ""金融庁"", ""usage"": ""解約返戻金、契約者価額、MVA、市場価格調整"", ""url"": ""https://www.fsa.go.jp/common/law/guide/ins/04.html#:~:text=IV%20%EF%BC%8D%EF%BC%95%EF%BC%8D%EF%BC%93%20%E5%A5%91%E7%B4%84%E8%80%85%E4%BE%A1%E9%A1%8D"", ""type"": ""公式"", ""reason"": ""解約返戻金、契約者価額、MVA、市場価格調整"", ""section_hint"": ""IV－5－3 契約者価額"", ""excerpt"": ""解約返戻金は支出した事業費・投資上の損失・保険設計上の仕組み等に照らして合理的かつ妥当か、MVA係数はリスク管理や取引費用との整合性から妥当かを確認する箇所。"", ""display_mode"": ""official_panel""}]",2,教科書：第2章 解約および解約返戻金 ＞ 2.5.2 低・無解約返戻金型商品 ／ 公式：IV-5-3 契約者価額,IV－5－3 契約者価額,解約返戻金は支出した事業費・投資上の損失・保険設計上の仕組み等に照らして合理的かつ妥当か、MVA係数はリスク管理や取引費用との整合性から妥当かを確認する箇所。,
2021-Q3(1)①,2021,第Ⅱ部,問題3,(1)①,4,第三分野商品の予定発生率基礎データ,説明,自社データ／公共データ／選択効果／販売チャネル／信頼性／データ量,知識型,第三分野・医療,3,A,hoken1-seiho_07.pdf,第7章 医療保険 ＞ 7.4.1.4 予定発生率および予定入院日数などの設定の留意点,7.4 医療保険の保険料計算／7.7 保険計理人の機能強化,自社データと公共データのメリデメを表で整理。,20,7-16,2021G.pdf,p.4,4,9,exams/2021G.pdf#page=4,textbooks/hoken1-seiho_07.pdf#page=20,exams/2021G.pdf#page=9,,,,,,"[{""type"": ""教科書"", ""category"": ""教科書"", ""title"": ""第7章 医療保険 ＞ 7.4.1.4 予定発生率および予定入院日数などの設定の留意点"", ""source"": ""hoken1-seiho_07.pdf"", ""usage"": ""7.4 医療保険の保険料計算／7.7 保険計理人の機能強化"", ""url"": ""textbooks/hoken1-seiho_07.pdf#page=20"", ""reason"": ""自社データと公共データのメリデメを表で整理。"", ""pdf_page"": ""20"", ""internal_page"": ""7-16""}]",1,教科書：第7章 医療保険 ＞ 7.4.1.4 予定発生率および予定入院日数などの設定の留意点,,,
2021-Q3(1)②,2021,第Ⅱ部,問題3,(1)②,21,認知症保険の開発,所見論述,認知症定義／公的介護制度／待期間／有期払込・終身／基礎データ／長期トレンド／再保険／モニタリング,所見型,第三分野・医療,5,S,hoken1-seiho_07.pdf,第7章 医療保険 ＞ 7.3 医療保険の主な保障内容 ＞ 7.4.1.4 予定発生率等の設定の留意点,7.6 基礎率変更権の取扱い／第4章 4.3 商品設計,認知症保険は商品設計・基礎率・リスク管理で答案構成。,20,7-16,2021G.pdf,p.4,4,9,exams/2021G.pdf#page=4,textbooks/hoken1-seiho_07.pdf#page=20,exams/2021G.pdf#page=9,保険業法施行規則 第11条（基礎率変更権等）,https://laws.e-gov.go.jp/law/408M50000040005#Mp-At_11,IV-4 第三分野,https://www.fsa.go.jp/common/law/guide/ins/04.html#:~:text=IV%20%EF%BC%8D%EF%BC%94%EF%BC%8D%EF%BC%91%20%E5%9F%BA%E7%A4%8E%E7%8E%87%E5%A4%89%E6%9B%B4%E6%A8%A9%E3%81%AE%E8%A8%AD%E5%AE%9A%E3%81%AB%E3%81%A4%E3%81%84%E3%81%A6,2,"[{""type"": ""教科書"", ""category"": ""教科書"", ""title"": ""第7章 医療保険 ＞ 7.3 医療保険の主な保障内容 ＞ 7.4.1.4 予定発生率等の設定の留意点"", ""source"": ""hoken1-seiho_07.pdf"", ""usage"": ""7.6 基礎率変更権の取扱い／第4章 4.3 商品設計"", ""url"": ""textbooks/hoken1-seiho_07.pdf#page=20"", ""reason"": ""認知症保険は商品設計・基礎率・リスク管理で答案構成。"", ""pdf_page"": ""20"", ""internal_page"": ""7-16""}, {""id"": ""OFF-26"", ""category"": ""法令"", ""title"": ""保険業法施行規則 第11条（基礎率変更権等）"", ""source"": ""e-Gov法令検索"", ""usage"": ""第三分野保険の基礎率変更権、認可申請の根拠"", ""url"": ""https://laws.e-gov.go.jp/law/408M50000040005#Mp-At_11"", ""type"": ""公式"", ""reason"": ""第三分野保険の基礎率変更権、認可申請の根拠"", ""section_hint"": ""保険業法施行規則 第11条（基礎率変更権等）"", ""excerpt"": ""基礎率変更権等の算出方法書記載事項・審査基準に関連する条文。第三分野保険の基礎率変更権問題で確認。"", ""display_mode"": ""official_panel""}, {""id"": ""OFF-13"", ""category"": ""監督指針"", ""title"": ""IV-4 第三分野"", ""source"": ""金融庁"", ""usage"": ""第三分野商品の商品審査、基礎率変更権、契約者保護"", ""url"": ""https://www.fsa.go.jp/common/law/guide/ins/04.html#:~:text=IV%20%EF%BC%8D%EF%BC%94%EF%BC%8D%EF%BC%91%20%E5%9F%BA%E7%A4%8E%E7%8E%87%E5%A4%89%E6%9B%B4%E6%A8%A9%E3%81%AE%E8%A8%AD%E5%AE%9A%E3%81%AB%E3%81%A4%E3%81%84%E3%81%A6"", ""type"": ""公式"", ""reason"": ""第三分野商品の商品審査、基礎率変更権、契約者保護"", ""section_hint"": ""IV－4 第三分野／基礎率変更権"", ""excerpt"": ""第三分野保険の基礎率変更権、行使基準、実績発生率指標、契約者説明・情報開示、変更後予定発生率の合理性等を確認する箇所。"", ""display_mode"": ""official_panel""}]",3,教科書：第7章 医療保険 ＞ 7.3 医療保険の主な保障内容 ＞ 7.4.1.4 予定発生率等の設定の留意点 ／ 公式：保険業法施行規則 第11条（基礎率変更権等） ／ 公式：IV-4 第三分野,保険業法施行規則 第11条（基礎率変更権等）,基礎率変更権等の算出方法書記載事項・審査基準に関連する条文。第三分野保険の基礎率変更権問題で確認。,
2021-Q3(2)①,2021,第Ⅱ部,問題3,(2)①,4,個人年金保険の年金支払種類,列挙・説明,確定年金／終身年金／有期年金／保証期間付／給付事由／年金現価,知識型,年金・長寿,2,A,hoken1-seiho_04.pdf,第4章 生命保険の商品開発 ＞ 4.3.1 保険給付等の詳細設計 ＞ 年金給付の設計,4.1.2 顧客に選ばれること／4.1.3 公平性の確保,年金種類の給付設計・リスク特性を整理。,26,4-23,2021G.pdf,p.5,5,13,exams/2021G.pdf#page=5,textbooks/hoken1-seiho_04.pdf#page=26,exams/2021G.pdf#page=13,,,,,,"[{""type"": ""教科書"", ""category"": ""教科書"", ""title"": ""第4章 生命保険の商品開発 ＞ 4.3.1 保険給付等の詳細設計 ＞ 年金給付の設計"", ""source"": ""hoken1-seiho_04.pdf"", ""usage"": ""4.1.2 顧客に選ばれること／4.1.3 公平性の確保"", ""url"": ""textbooks/hoken1-seiho_04.pdf#page=26"", ""reason"": ""年金種類の給付設計・リスク特性を整理。"", ""pdf_page"": ""26"", ""internal_page"": ""4-23""}]",1,教科書：第4章 生命保険の商品開発 ＞ 4.3.1 保険給付等の詳細設計 ＞ 年金給付の設計,,,
2021-Q3(2)②,2021,第Ⅱ部,問題3,(2)②,21,一時払個人年金保険の販売再開,所見論述,金利上昇／MVA／予定利率／年金支払種類／長寿リスク／競合優位／ALM／外貨建・変額年金,所見型,年金・長寿,5,S,hoken1-seiho_04.pdf,第4章 生命保険の商品開発 ＞ 4.1.1 不確実性の下での財務健全性・収益性 ＞ 4.4.8 資産運用・ALM,第1章 1.4.3 予定利率／第10章 10.3 金利シナリオ,販売再開はALM・予定利率・収益性・顧客ニーズで論述。,6,4-3,2021G.pdf,p.5,5,13,exams/2021G.pdf#page=5,textbooks/hoken1-seiho_04.pdf#page=6,exams/2021G.pdf#page=13,IV-5-3 契約者価額,https://www.fsa.go.jp/common/law/guide/ins/04.html#:~:text=IV%20%EF%BC%8D%EF%BC%95%EF%BC%8D%EF%BC%93%20%E5%A5%91%E7%B4%84%E8%80%85%E4%BE%A1%E9%A1%8D,,,1,"[{""type"": ""教科書"", ""category"": ""教科書"", ""title"": ""第4章 生命保険の商品開発 ＞ 4.1.1 不確実性の下での財務健全性・収益性 ＞ 4.4.8 資産運用・ALM"", ""source"": ""hoken1-seiho_04.pdf"", ""usage"": ""第1章 1.4.3 予定利率／第10章 10.3 金利シナリオ"", ""url"": ""textbooks/hoken1-seiho_04.pdf#page=6"", ""reason"": ""販売再開はALM・予定利率・収益性・顧客ニーズで論述。"", ""pdf_page"": ""6"", ""internal_page"": ""4-3""}, {""id"": ""OFF-16"", ""category"": ""監督指針"", ""title"": ""IV-5-3 契約者価額"", ""source"": ""金融庁"", ""usage"": ""解約返戻金、契約者価額、MVA、市場価格調整"", ""url"": ""https://www.fsa.go.jp/common/law/guide/ins/04.html#:~:text=IV%20%EF%BC%8D%EF%BC%95%EF%BC%8D%EF%BC%93%20%E5%A5%91%E7%B4%84%E8%80%85%E4%BE%A1%E9%A1%8D"", ""type"": ""公式"", ""reason"": ""解約返戻金、契約者価額、MVA、市場価格調整"", ""section_hint"": ""IV－5－3 契約者価額"", ""excerpt"": ""解約返戻金は支出した事業費・投資上の損失・保険設計上の仕組み等に照らして合理的かつ妥当か、MVA係数はリスク管理や取引費用との整合性から妥当かを確認する箇所。"", ""display_mode"": ""official_panel""}]",2,教科書：第4章 生命保険の商品開発 ＞ 4.1.1 不確実性の下での財務健全性・収益性 ＞ 4.4.8 資産運用・ALM ／ 公式：IV-5-3 契約者価額,IV－5－3 契約者価額,解約返戻金は支出した事業費・投資上の損失・保険設計上の仕組み等に照らして合理的かつ妥当か、MVA係数はリスク管理や取引費用との整合性から妥当かを確認する箇所。,
2022-Q1(1),2022,第Ⅰ部,問題1,(1),5,保険業法施行規則第10条・算出方法書,語句記入,算出方法書／116条／契約者価額／未収保険料／保険期間,知識型,法令・基礎書類,2,A,hoken1-seiho_04.pdf,第4章 生命保険の商品開発 ＞ 参考：商品開発に関連する基礎書類 ＞ 算出方法書,4.4.10 法令等／保険業法施行規則第10条,算出方法書の記載事項を原文ベースで暗記。,54,4-51,2022G.pdf,p.1,1,9,exams/2022G.pdf#page=1,textbooks/hoken1-seiho_04.pdf#page=54,exams/2022G.pdf#page=9,保険業法施行規則 第10条（算出方法書の記載事項）,https://laws.e-gov.go.jp/law/408M50000040005#Mp-At_10,,,1,"[{""type"": ""教科書"", ""category"": ""教科書"", ""title"": ""第4章 生命保険の商品開発 ＞ 参考：商品開発に関連する基礎書類 ＞ 算出方法書"", ""source"": ""hoken1-seiho_04.pdf"", ""usage"": ""4.4.10 法令等／保険業法施行規則第10条"", ""url"": ""textbooks/hoken1-seiho_04.pdf#page=54"", ""reason"": ""算出方法書の記載事項を原文ベースで暗記。"", ""pdf_page"": ""54"", ""internal_page"": ""4-51""}, {""id"": ""OFF-25"", ""category"": ""法令"", ""title"": ""保険業法施行規則 第10条（算出方法書の記載事項）"", ""source"": ""e-Gov法令検索"", ""usage"": ""保険料、責任準備金、契約者価額、配当、未収保険料等"", ""url"": ""https://laws.e-gov.go.jp/law/408M50000040005#Mp-At_10"", ""type"": ""公式"", ""reason"": ""保険料、責任準備金、契約者価額、配当、未収保険料等"", ""section_hint"": ""保険業法施行規則 第10条（算出方法書の記載事項）"", ""excerpt"": ""算出方法書の記載事項。保険料、責任準備金、契約者価額、契約者配当、未収保険料、保険金額・保険種類等変更時の計算方法。"", ""display_mode"": ""official_panel""}]",2,教科書：第4章 生命保険の商品開発 ＞ 参考：商品開発に関連する基礎書類 ＞ 算出方法書 ／ 公式：保険業法施行規則 第10条（算出方法書の記載事項）,保険業法施行規則 第10条（算出方法書の記載事項）,算出方法書の記載事項。保険料、責任準備金、契約者価額、契約者配当、未収保険料、保険金額・保険種類等変更時の計算方法。,
2022-Q1(2),2022,第Ⅰ部,問題1,(2),4,アセット・シェアの定義,語句記入,キャッシュフロー／解約失効率／正味資産／貢献度,知識型,アセット・シェア,2,S,hoken1-seiho_03.pdf,第3章 アセット・シェア ＞ 3.1.1 アセット・シェアの定義,3.2.2 アセット・シェアの算式,定義文の穴埋め対策。,5,3-1,2022G.pdf,p.1,1,9,exams/2022G.pdf#page=1,textbooks/hoken1-seiho_03.pdf#page=5,exams/2022G.pdf#page=9,,,,,,"[{""type"": ""教科書"", ""category"": ""教科書"", ""title"": ""第3章 アセット・シェア ＞ 3.1.1 アセット・シェアの定義"", ""source"": ""hoken1-seiho_03.pdf"", ""usage"": ""3.2.2 アセット・シェアの算式"", ""url"": ""textbooks/hoken1-seiho_03.pdf#page=5"", ""reason"": ""定義文の穴埋め対策。"", ""pdf_page"": ""5"", ""internal_page"": ""3-1""}]",1,教科書：第3章 アセット・シェア ＞ 3.1.1 アセット・シェアの定義,,,
2022-Q1(3),2022,第Ⅰ部,問題1,(3),4,第三分野ストレステスト・IBNR,正誤訂正,認可申請／99%／負債十分性テスト／入院責任準備金／IBNR,知識型,第三分野・医療,3,A,hoken1-seiho_07.pdf,第7章 医療保険 ＞ 7.7 保険計理人の機能強化 ＞ 第三分野ストレステスト,7.6 基礎率変更権の取扱い／7.4 医療保険の保険料計算,ストレステストとIBNRの定義を区別。,34,7-30,2022G.pdf,p.2,2,9,exams/2022G.pdf#page=2,textbooks/hoken1-seiho_07.pdf#page=34,exams/2022G.pdf#page=9,IV-4 第三分野,https://www.fsa.go.jp/common/law/guide/ins/04.html#:~:text=IV%20%EF%BC%8D%EF%BC%94%EF%BC%8D%EF%BC%91%20%E5%9F%BA%E7%A4%8E%E7%8E%87%E5%A4%89%E6%9B%B4%E6%A8%A9%E3%81%AE%E8%A8%AD%E5%AE%9A%E3%81%AB%E3%81%A4%E3%81%84%E3%81%A6,IV-5-2 責任準備金,https://www.fsa.go.jp/common/law/guide/ins/04.html#:~:text=IV%20%EF%BC%8D%EF%BC%95%EF%BC%8D%EF%BC%92%20%E8%B2%AC%E4%BB%BB%E6%BA%96%E5%82%99%E9%87%91,2,"[{""type"": ""教科書"", ""category"": ""教科書"", ""title"": ""第7章 医療保険 ＞ 7.7 保険計理人の機能強化 ＞ 第三分野ストレステスト"", ""source"": ""hoken1-seiho_07.pdf"", ""usage"": ""7.6 基礎率変更権の取扱い／7.4 医療保険の保険料計算"", ""url"": ""textbooks/hoken1-seiho_07.pdf#page=34"", ""reason"": ""ストレステストとIBNRの定義を区別。"", ""pdf_page"": ""34"", ""internal_page"": ""7-30""}, {""id"": ""OFF-13"", ""category"": ""監督指針"", ""title"": ""IV-4 第三分野"", ""source"": ""金融庁"", ""usage"": ""第三分野商品の商品審査、基礎率変更権、契約者保護"", ""url"": ""https://www.fsa.go.jp/common/law/guide/ins/04.html#:~:text=IV%20%EF%BC%8D%EF%BC%94%EF%BC%8D%EF%BC%91%20%E5%9F%BA%E7%A4%8E%E7%8E%87%E5%A4%89%E6%9B%B4%E6%A8%A9%E3%81%AE%E8%A8%AD%E5%AE%9A%E3%81%AB%E3%81%A4%E3%81%84%E3%81%A6"", ""type"": ""公式"", ""reason"": ""第三分野商品の商品審査、基礎率変更権、契約者保護"", ""section_hint"": ""IV－4 第三分野／基礎率変更権"", ""excerpt"": ""第三分野保険の基礎率変更権、行使基準、実績発生率指標、契約者説明・情報開示、変更後予定発生率の合理性等を確認する箇所。"", ""display_mode"": ""official_panel""}, {""id"": ""OFF-15"", ""category"": ""監督指針"", ""title"": ""IV-5-2 責任準備金"", ""source"": ""金融庁"", ""usage"": ""責任準備金、標準責任準備金、第三分野ストレステスト"", ""url"": ""https://www.fsa.go.jp/common/law/guide/ins/04.html#:~:text=IV%20%EF%BC%8D%EF%BC%95%EF%BC%8D%EF%BC%92%20%E8%B2%AC%E4%BB%BB%E6%BA%96%E5%82%99%E9%87%91"", ""type"": ""公式"", ""reason"": ""責任準備金、標準責任準備金、第三分野ストレステスト"", ""section_hint"": ""IV－5－2 責任準備金"", ""excerpt"": ""責任準備金審査、負値責任準備金、MVAの仕組みを持つ商品の責任準備金、第三分野ストレステスト等の確認先。"", ""display_mode"": ""official_panel""}]",3,教科書：第7章 医療保険 ＞ 7.7 保険計理人の機能強化 ＞ 第三分野ストレステスト ／ 公式：IV-4 第三分野 ／ 公式：IV-5-2 責任準備金,IV－4 第三分野／基礎率変更権,第三分野保険の基礎率変更権、行使基準、実績発生率指標、契約者説明・情報開示、変更後予定発生率の合理性等を確認する箇所。,
2022-Q1(4),2022,第Ⅰ部,問題1,(4),4,変額年金保険のプライシングとヘッジ,語句記入,特別勘定／ヘッジ対象／テイル／アウトオブザマネー／最低保証費用率,知識型,変額年金,3,S,hoken1-seiho_05.pdf,第5章 変額年金保険 ＞ 5.2 最低保証リスクの基本的構造 ＞ 5.3 数理の基本的な考え方,5.5 リスク管理とヘッジ,最低保証費用率・ベーシスリスク・テイルヘッジを確認。,9,5-5,2022G.pdf,p.2,2,9,exams/2022G.pdf#page=2,textbooks/hoken1-seiho_05.pdf#page=9,exams/2022G.pdf#page=9,IV-1-14 特別勘定又は積立勘定を設ける商品,https://www.fsa.go.jp/common/law/guide/ins/04.html#:~:text=IV%20%EF%BC%8D%EF%BC%91%EF%BC%8D14%20%E7%89%B9%E5%88%A5%E5%8B%98%E5%AE%9A%E5%8F%88%E3%81%AF%E7%A9%8D%E7%AB%8B%E5%8B%98%E5%AE%9A%E3%82%92%E8%A8%AD%E3%81%91%E3%82%8B%E5%95%86%E5%93%81,,,1,"[{""type"": ""教科書"", ""category"": ""教科書"", ""title"": ""第5章 変額年金保険 ＞ 5.2 最低保証リスクの基本的構造 ＞ 5.3 数理の基本的な考え方"", ""source"": ""hoken1-seiho_05.pdf"", ""usage"": ""5.5 リスク管理とヘッジ"", ""url"": ""textbooks/hoken1-seiho_05.pdf#page=9"", ""reason"": ""最低保証費用率・ベーシスリスク・テイルヘッジを確認。"", ""pdf_page"": ""9"", ""internal_page"": ""5-5""}, {""id"": ""OFF-11"", ""category"": ""監督指針"", ""title"": ""IV-1-14 特別勘定又は積立勘定を設ける商品"", ""source"": ""金融庁"", ""usage"": ""変額年金、特別勘定、最低保証を含む商品の審査観点"", ""url"": ""https://www.fsa.go.jp/common/law/guide/ins/04.html#:~:text=IV%20%EF%BC%8D%EF%BC%91%EF%BC%8D14%20%E7%89%B9%E5%88%A5%E5%8B%98%E5%AE%9A%E5%8F%88%E3%81%AF%E7%A9%8D%E7%AB%8B%E5%8B%98%E5%AE%9A%E3%82%92%E8%A8%AD%E3%81%91%E3%82%8B%E5%95%86%E5%93%81"", ""type"": ""公式"", ""reason"": ""変額年金、特別勘定、最低保証を含む商品の審査観点"", ""section_hint"": ""IV－1－14 特別勘定又は積立勘定を設ける商品"", ""excerpt"": ""変額年金・特別勘定・積立勘定を設ける商品、最低保証を含む商品の商品審査上の確認先。"", ""display_mode"": ""official_panel""}]",2,教科書：第5章 変額年金保険 ＞ 5.2 最低保証リスクの基本的構造 ＞ 5.3 数理の基本的な考え方 ／ 公式：IV-1-14 特別勘定又は積立勘定を設ける商品,IV－1－14 特別勘定又は積立勘定を設ける商品,変額年金・特別勘定・積立勘定を設ける商品、最低保証を含む商品の商品審査上の確認先。,
2022-Q1(5),2022,第Ⅰ部,問題1,(5),4,団体定期保険の優良団体割引制度,計算,優良団体割引率／経験死亡率／標準正規分布／信頼区間,計算型,団体生命保険,3,S,hoken1-seiho_06.pdf,第6章 団体生命保険 ＞ 6.6.3 経験料率 ＞ 優良団体割引制度,6.6 団体生命保険の数理,信頼区間と割引率計算の型を演習。,21,6-17,2022G.pdf,p.3,3,9,exams/2022G.pdf#page=3,textbooks/hoken1-seiho_06.pdf#page=21,exams/2022G.pdf#page=9,,,,,,"[{""type"": ""教科書"", ""category"": ""教科書"", ""title"": ""第6章 団体生命保険 ＞ 6.6.3 経験料率 ＞ 優良団体割引制度"", ""source"": ""hoken1-seiho_06.pdf"", ""usage"": ""6.6 団体生命保険の数理"", ""url"": ""textbooks/hoken1-seiho_06.pdf#page=21"", ""reason"": ""信頼区間と割引率計算の型を演習。"", ""pdf_page"": ""21"", ""internal_page"": ""6-17""}]",1,教科書：第6章 団体生命保険 ＞ 6.6.3 経験料率 ＞ 優良団体割引制度,,,
2022-Q1(6ア),2022,第Ⅰ部,問題1,(6ア),3,主な死因別死亡率の年次推移,図表読解,がん／心臓病／脳卒中／年齢調整前死亡率,計算型,死亡率・標準生命表,2,B,hoken1-seiho_01.pdf,第1章 営業保険料 ＞ 1.4.1 予定死亡率・予定給付発生率等,第7章 付録：標準生命表／死亡率統計,死因別死亡率は標準生命表周辺知識として確認。,9,1-7,2022G.pdf,p.4,4,9,exams/2022G.pdf#page=4,textbooks/hoken1-seiho_01.pdf#page=9,exams/2022G.pdf#page=9,,,,,,"[{""type"": ""教科書"", ""category"": ""教科書"", ""title"": ""第1章 営業保険料 ＞ 1.4.1 予定死亡率・予定給付発生率等"", ""source"": ""hoken1-seiho_01.pdf"", ""usage"": ""第7章 付録：標準生命表／死亡率統計"", ""url"": ""textbooks/hoken1-seiho_01.pdf#page=9"", ""reason"": ""死因別死亡率は標準生命表周辺知識として確認。"", ""pdf_page"": ""9"", ""internal_page"": ""1-7""}]",1,教科書：第1章 営業保険料 ＞ 1.4.1 予定死亡率・予定給付発生率等,,,
2022-Q1(6イ),2022,第Ⅰ部,問題1,(6イ),1,月払営業保険料の計算,計算,月払営業保険料／予定死亡率／予定利率／予定事業費／Equation type,計算型,営業保険料・基礎率,4,A,hoken1-seiho_01.pdf,第1章 営業保険料 ＞ 1.3 営業保険料の計算方法 ＞ 1.3.1 Equation type,1.4 営業保険料の構成要素（計算基礎率）,月払・年度末支払の保険料計算を生命保険数学と接続。,7,1-5,2022G.pdf,p.5,5,9,exams/2022G.pdf#page=5,textbooks/hoken1-seiho_01.pdf#page=7,exams/2022G.pdf#page=9,,,,,,"[{""type"": ""教科書"", ""category"": ""教科書"", ""title"": ""第1章 営業保険料 ＞ 1.3 営業保険料の計算方法 ＞ 1.3.1 Equation type"", ""source"": ""hoken1-seiho_01.pdf"", ""usage"": ""1.4 営業保険料の構成要素（計算基礎率）"", ""url"": ""textbooks/hoken1-seiho_01.pdf#page=7"", ""reason"": ""月払・年度末支払の保険料計算を生命保険数学と接続。"", ""pdf_page"": ""7"", ""internal_page"": ""1-5""}]",1,教科書：第1章 営業保険料 ＞ 1.3 営業保険料の計算方法 ＞ 1.3.1 Equation type,,,
2022-Q2(1ア),2022,第Ⅰ部,問題2,(1ア),4,解約益リスクと継続リスク,説明,解約益リスク／継続リスク／過去に起因／将来に向けたリスク／定期保険,知識型,解約・契約者価額,3,S,hoken1-seiho_02.pdf,第2章 解約および解約返戻金 ＞ 2.6 解約リスク ＞ 2.7 資産運用の観点からみた解約,2.6.1 解約益／2.6.3 動的解約率,解約益リスクと継続リスクを収益認識の時間軸で整理。,32,2-26,2022G.pdf,p.6,6,9,exams/2022G.pdf#page=6,textbooks/hoken1-seiho_02.pdf#page=32,exams/2022G.pdf#page=9,IV-5-3 契約者価額,https://www.fsa.go.jp/common/law/guide/ins/04.html#:~:text=IV%20%EF%BC%8D%EF%BC%95%EF%BC%8D%EF%BC%93%20%E5%A5%91%E7%B4%84%E8%80%85%E4%BE%A1%E9%A1%8D,,,1,"[{""type"": ""教科書"", ""category"": ""教科書"", ""title"": ""第2章 解約および解約返戻金 ＞ 2.6 解約リスク ＞ 2.7 資産運用の観点からみた解約"", ""source"": ""hoken1-seiho_02.pdf"", ""usage"": ""2.6.1 解約益／2.6.3 動的解約率"", ""url"": ""textbooks/hoken1-seiho_02.pdf#page=32"", ""reason"": ""解約益リスクと継続リスクを収益認識の時間軸で整理。"", ""pdf_page"": ""32"", ""internal_page"": ""2-26""}, {""id"": ""OFF-16"", ""category"": ""監督指針"", ""title"": ""IV-5-3 契約者価額"", ""source"": ""金融庁"", ""usage"": ""解約返戻金、契約者価額、MVA、市場価格調整"", ""url"": ""https://www.fsa.go.jp/common/law/guide/ins/04.html#:~:text=IV%20%EF%BC%8D%EF%BC%95%EF%BC%8D%EF%BC%93%20%E5%A5%91%E7%B4%84%E8%80%85%E4%BE%A1%E9%A1%8D"", ""type"": ""公式"", ""reason"": ""解約返戻金、契約者価額、MVA、市場価格調整"", ""section_hint"": ""IV－5－3 契約者価額"", ""excerpt"": ""解約返戻金は支出した事業費・投資上の損失・保険設計上の仕組み等に照らして合理的かつ妥当か、MVA係数はリスク管理や取引費用との整合性から妥当かを確認する箇所。"", ""display_mode"": ""official_panel""}]",2,教科書：第2章 解約および解約返戻金 ＞ 2.6 解約リスク ＞ 2.7 資産運用の観点からみた解約 ／ 公式：IV-5-3 契約者価額,IV－5－3 契約者価額,解約返戻金は支出した事業費・投資上の損失・保険設計上の仕組み等に照らして合理的かつ妥当か、MVA係数はリスク管理や取引費用との整合性から妥当かを確認する箇所。,
2022-Q2(1イ),2022,第Ⅰ部,問題2,(1イ),5,負値責任準備金,説明,負値責任準備金／予定解約率不使用／危険保険料逓減／第三分野／解約返戻金・契約者間公平性,知識型,営業保険料・基礎率,4,A,hoken1-seiho_01.pdf,第1章 営業保険料 ＞ 1.2.3 その他 ＞ 標準責任準備金制度との関係,1.4 営業保険料の構成要素（計算基礎率）,負値責任準備金は標準責任準備金との関係で説明。,5,1-3,2022G.pdf,p.6,6,10,exams/2022G.pdf#page=6,textbooks/hoken1-seiho_01.pdf#page=5,exams/2022G.pdf#page=10,,,,,,"[{""type"": ""教科書"", ""category"": ""教科書"", ""title"": ""第1章 営業保険料 ＞ 1.2.3 その他 ＞ 標準責任準備金制度との関係"", ""source"": ""hoken1-seiho_01.pdf"", ""usage"": ""1.4 営業保険料の構成要素（計算基礎率）"", ""url"": ""textbooks/hoken1-seiho_01.pdf#page=5"", ""reason"": ""負値責任準備金は標準責任準備金との関係で説明。"", ""pdf_page"": ""5"", ""internal_page"": ""1-3""}]",1,教科書：第1章 営業保険料 ＞ 1.2.3 その他 ＞ 標準責任準備金制度との関係,,,
2022-Q2(2),2022,第Ⅰ部,問題2,(2),8,商品毎収益検証のモデルポイント・バリデーション,説明,モデルポイント／代表性／網羅性／ヴァリデーション／誤差分析／実務負荷,知識型,商品毎収益検証,3,S,hoken1-seiho_10.pdf,第10章 商品毎収益検証 ＞ 10.8 契約内容の検証 ＞ モデルポイント,10.10 モデルの検証／10.3 シナリオ設定,モデルポイントとバリデーションの目的を説明。,51,10-45,2022G.pdf,p.6,6,11,exams/2022G.pdf#page=6,textbooks/hoken1-seiho_10.pdf#page=51,exams/2022G.pdf#page=11,,,,,,"[{""type"": ""教科書"", ""category"": ""教科書"", ""title"": ""第10章 商品毎収益検証 ＞ 10.8 契約内容の検証 ＞ モデルポイント"", ""source"": ""hoken1-seiho_10.pdf"", ""usage"": ""10.10 モデルの検証／10.3 シナリオ設定"", ""url"": ""textbooks/hoken1-seiho_10.pdf#page=51"", ""reason"": ""モデルポイントとバリデーションの目的を説明。"", ""pdf_page"": ""51"", ""internal_page"": ""10-45""}]",1,教科書：第10章 商品毎収益検証 ＞ 10.8 契約内容の検証 ＞ モデルポイント,,,
2022-Q2(3),2022,第Ⅰ部,問題2,(3),8,再保険を活用した競争的保険料率,説明,再保険会社ノウハウ／大数の法則／プール効果／再保険料率／カウンターパーティーリスク／依存度,複合型,再保険,4,S,hoken1-seiho_08.pdf,第8章 再保険 ＞ 8.1.2 目的 ＞ 再保険料率をもとに競争的な元受料率を提供する,8.4 再保険と類似の機能,再保険活用の非伝統的目的も含める。,6,8-2,2022G.pdf,p.6,6,12,exams/2022G.pdf#page=6,textbooks/hoken1-seiho_08.pdf#page=6,exams/2022G.pdf#page=12,,,,,,"[{""type"": ""教科書"", ""category"": ""教科書"", ""title"": ""第8章 再保険 ＞ 8.1.2 目的 ＞ 再保険料率をもとに競争的な元受料率を提供する"", ""source"": ""hoken1-seiho_08.pdf"", ""usage"": ""8.4 再保険と類似の機能"", ""url"": ""textbooks/hoken1-seiho_08.pdf#page=6"", ""reason"": ""再保険活用の非伝統的目的も含める。"", ""pdf_page"": ""6"", ""internal_page"": ""8-2""}]",1,教科書：第8章 再保険 ＞ 8.1.2 目的 ＞ 再保険料率をもとに競争的な元受料率を提供する,,,
2022-Q3(1ア),2022,第Ⅱ部,問題3,(1ア),5,事後モニタリングと医療保険フォローアップ,説明,事後モニタリング／改善アクション／PDCA／発生率／収益性／医療技術変化,知識型,商品開発・モニタリング,3,S,hoken1-seiho_04.pdf,第4章 生命保険の商品開発 ＞ 4.2.4 事後モニタリングと改善アクション,4.4.7 保険金・給付金／7.4 医療保険の保険料計算,発売後フォローアップの観点を列挙。,22,4-19,2022G.pdf,p.7,7,14,exams/2022G.pdf#page=7,textbooks/hoken1-seiho_04.pdf#page=22,exams/2022G.pdf#page=14,,,,,,"[{""type"": ""教科書"", ""category"": ""教科書"", ""title"": ""第4章 生命保険の商品開発 ＞ 4.2.4 事後モニタリングと改善アクション"", ""source"": ""hoken1-seiho_04.pdf"", ""usage"": ""4.4.7 保険金・給付金／7.4 医療保険の保険料計算"", ""url"": ""textbooks/hoken1-seiho_04.pdf#page=22"", ""reason"": ""発売後フォローアップの観点を列挙。"", ""pdf_page"": ""22"", ""internal_page"": ""4-19""}]",1,教科書：第4章 生命保険の商品開発 ＞ 4.2.4 事後モニタリングと改善アクション,,,
2022-Q3(1イ),2022,第Ⅱ部,問題3,(1イ),20,無配当医療保険の収益性低下と改善アクション,所見論述,危険差損／感染症／低価格戦略／発生率見直し／販売停止・料率改定／商品改定／営業政策,所見型,第三分野・医療,5,S,hoken1-seiho_07.pdf,第7章 医療保険 ＞ 7.4 医療保険の保険料計算 ＞ 7.5 保険会社の医療保障支払動向,第4章 4.2.4 事後モニタリング／第10章 10.9 指標,収益悪化要因→改善アクション→副作用で骨子化。,17,7-13,2022G.pdf,p.7-8,7,14,exams/2022G.pdf#page=7,textbooks/hoken1-seiho_07.pdf#page=17,exams/2022G.pdf#page=14,,,,,,"[{""type"": ""教科書"", ""category"": ""教科書"", ""title"": ""第7章 医療保険 ＞ 7.4 医療保険の保険料計算 ＞ 7.5 保険会社の医療保障支払動向"", ""source"": ""hoken1-seiho_07.pdf"", ""usage"": ""第4章 4.2.4 事後モニタリング／第10章 10.9 指標"", ""url"": ""textbooks/hoken1-seiho_07.pdf#page=17"", ""reason"": ""収益悪化要因→改善アクション→副作用で骨子化。"", ""pdf_page"": ""17"", ""internal_page"": ""7-13""}]",1,教科書：第7章 医療保険 ＞ 7.4 医療保険の保険料計算 ＞ 7.5 保険会社の医療保障支払動向,,,
2022-Q3(2ア),2022,第Ⅱ部,問題3,(2ア),6,米ドル建一時払終身保険の標準利率,説明,米国通貨建／対象利率／安全率係数／標準利率／告示48号／参照金利,知識型,営業保険料・基礎率,4,S,hoken1-seiho_01.pdf,第1章 営業保険料 ＞ 1.4.3 予定利率,1.2.3 その他（標準責任準備金制度との関係）,外貨建商品の標準利率・予定利率の違いを確認。,13,1-11,2022G.pdf,p.8,8,19,exams/2022G.pdf#page=8,textbooks/hoken1-seiho_01.pdf#page=13,exams/2022G.pdf#page=19,,,,,,"[{""type"": ""教科書"", ""category"": ""教科書"", ""title"": ""第1章 営業保険料 ＞ 1.4.3 予定利率"", ""source"": ""hoken1-seiho_01.pdf"", ""usage"": ""1.2.3 その他（標準責任準備金制度との関係）"", ""url"": ""textbooks/hoken1-seiho_01.pdf#page=13"", ""reason"": ""外貨建商品の標準利率・予定利率の違いを確認。"", ""pdf_page"": ""13"", ""internal_page"": ""1-11""}]",1,教科書：第1章 営業保険料 ＞ 1.4.3 予定利率,,,
2022-Q3(2イ),2022,第Ⅱ部,問題3,(2イ),19,米ドル建一時払終身保険の商品改定,所見論述,外貨建保険／予定利率設定／標準責任準備金／BBB社債／信用リスク／ALM／販売チャネル,所見型,商品開発・ALM,5,S,hoken1-seiho_04.pdf,第4章 生命保険の商品開発 ＞ 4.4.8 資産運用・ALM,4.2 商品開発プロセス／1.4.3 予定利率,外貨建一時払終身はALM・MVA・販売管理まで論述。,52,4-49,2022G.pdf,p.8,8,19,exams/2022G.pdf#page=8,textbooks/hoken1-seiho_04.pdf#page=52,exams/2022G.pdf#page=19,IV-5-3 契約者価額,https://www.fsa.go.jp/common/law/guide/ins/04.html#:~:text=IV%20%EF%BC%8D%EF%BC%95%EF%BC%8D%EF%BC%93%20%E5%A5%91%E7%B4%84%E8%80%85%E4%BE%A1%E9%A1%8D,,,1,"[{""type"": ""教科書"", ""category"": ""教科書"", ""title"": ""第4章 生命保険の商品開発 ＞ 4.4.8 資産運用・ALM"", ""source"": ""hoken1-seiho_04.pdf"", ""usage"": ""4.2 商品開発プロセス／1.4.3 予定利率"", ""url"": ""textbooks/hoken1-seiho_04.pdf#page=52"", ""reason"": ""外貨建一時払終身はALM・MVA・販売管理まで論述。"", ""pdf_page"": ""52"", ""internal_page"": ""4-49""}, {""id"": ""OFF-16"", ""category"": ""監督指針"", ""title"": ""IV-5-3 契約者価額"", ""source"": ""金融庁"", ""usage"": ""解約返戻金、契約者価額、MVA、市場価格調整"", ""url"": ""https://www.fsa.go.jp/common/law/guide/ins/04.html#:~:text=IV%20%EF%BC%8D%EF%BC%95%EF%BC%8D%EF%BC%93%20%E5%A5%91%E7%B4%84%E8%80%85%E4%BE%A1%E9%A1%8D"", ""type"": ""公式"", ""reason"": ""解約返戻金、契約者価額、MVA、市場価格調整"", ""section_hint"": ""IV－5－3 契約者価額"", ""excerpt"": ""解約返戻金は支出した事業費・投資上の損失・保険設計上の仕組み等に照らして合理的かつ妥当か、MVA係数はリスク管理や取引費用との整合性から妥当かを確認する箇所。"", ""display_mode"": ""official_panel""}]",2,教科書：第4章 生命保険の商品開発 ＞ 4.4.8 資産運用・ALM ／ 公式：IV-5-3 契約者価額,IV－5－3 契約者価額,解約返戻金は支出した事業費・投資上の損失・保険設計上の仕組み等に照らして合理的かつ妥当か、MVA係数はリスク管理や取引費用との整合性から妥当かを確認する箇所。,
2023-Q1(1),2023,第Ⅰ部,問題1,(1),4,再保険の正誤（共同保険・修正共同保険）,正誤,共同保険式／クォータシェア／解約・失効リスク／mod-co利率／現金決済,知識型,再保険,3,S,hoken1-seiho_08.pdf,第8章 再保険 ＞ 8.3 再保険の種類 ＞ 8.3.2 共同保険式／8.3.3 修正共同保険式,8.2 再保険の方式,共同保険・修正共同保険のリスク移転と決済を比較。,22,8-18,2023G.pdf,p.1,1,14,exams/2023G.pdf#page=1,textbooks/hoken1-seiho_08.pdf#page=22,exams/2023G.pdf#page=14,,,,,,"[{""type"": ""教科書"", ""category"": ""教科書"", ""title"": ""第8章 再保険 ＞ 8.3 再保険の種類 ＞ 8.3.2 共同保険式／8.3.3 修正共同保険式"", ""source"": ""hoken1-seiho_08.pdf"", ""usage"": ""8.2 再保険の方式"", ""url"": ""textbooks/hoken1-seiho_08.pdf#page=22"", ""reason"": ""共同保険・修正共同保険のリスク移転と決済を比較。"", ""pdf_page"": ""22"", ""internal_page"": ""8-18""}]",1,教科書：第8章 再保険 ＞ 8.3 再保険の種類 ＞ 8.3.2 共同保険式／8.3.3 修正共同保険式,,,
2023-Q1(2),2023,第Ⅰ部,問題1,(2),4,アセット・シェア実務基準23条,語句記入,消滅時配当／ネット・アセット・シェア／収支状況／保険事故,知識型,アセット・シェア,2,S,hoken1-seiho_03.pdf,第3章 アセット・シェア ＞ 3.3.3 配当設定・確認への活用 ＞ 保険計理人実務基準23条,3.1.1 定義／3.2 計算の原理,実務基準23条の語句を暗記。,38,3-34,2023G.pdf,p.2,2,14,exams/2023G.pdf#page=2,textbooks/hoken1-seiho_03.pdf#page=38,exams/2023G.pdf#page=14,,,,,,"[{""type"": ""教科書"", ""category"": ""教科書"", ""title"": ""第3章 アセット・シェア ＞ 3.3.3 配当設定・確認への活用 ＞ 保険計理人実務基準23条"", ""source"": ""hoken1-seiho_03.pdf"", ""usage"": ""3.1.1 定義／3.2 計算の原理"", ""url"": ""textbooks/hoken1-seiho_03.pdf#page=38"", ""reason"": ""実務基準23条の語句を暗記。"", ""pdf_page"": ""38"", ""internal_page"": ""3-34""}]",1,教科書：第3章 アセット・シェア ＞ 3.3.3 配当設定・確認への活用 ＞ 保険計理人実務基準23条,,,
2023-Q1(3),2023,第Ⅰ部,問題1,(3),4,保険業法施行規則第8条・事業方法書,語句記入,被保険者／保険期間／返戻金／貸付け／事業方法書,知識型,法令・基礎書類,2,A,hoken1-seiho_04.pdf,第4章 生命保険の商品開発 ＞ 参考：商品開発に関連する基礎書類 ＞ 事業方法書,4.4.10 法令等／保険業法施行規則第8条,事業方法書の記載事項を原文で確認。,54,4-51,2023G.pdf,p.3,3,14,exams/2023G.pdf#page=3,textbooks/hoken1-seiho_04.pdf#page=54,exams/2023G.pdf#page=14,保険業法施行規則 第8条（事業方法書の記載事項）,https://laws.e-gov.go.jp/law/408M50000040005#Mp-At_8,,,1,"[{""type"": ""教科書"", ""category"": ""教科書"", ""title"": ""第4章 生命保険の商品開発 ＞ 参考：商品開発に関連する基礎書類 ＞ 事業方法書"", ""source"": ""hoken1-seiho_04.pdf"", ""usage"": ""4.4.10 法令等／保険業法施行規則第8条"", ""url"": ""textbooks/hoken1-seiho_04.pdf#page=54"", ""reason"": ""事業方法書の記載事項を原文で確認。"", ""pdf_page"": ""54"", ""internal_page"": ""4-51""}, {""id"": ""OFF-24"", ""category"": ""法令"", ""title"": ""保険業法施行規則 第8条（事業方法書の記載事項）"", ""source"": ""e-Gov法令検索"", ""usage"": ""事業方法書、保険種類、契約締結手続、貸付等"", ""url"": ""https://laws.e-gov.go.jp/law/408M50000040005#Mp-At_8"", ""type"": ""公式"", ""reason"": ""事業方法書、保険種類、契約締結手続、貸付等"", ""section_hint"": ""保険業法施行規則 第8条（事業方法書の記載事項）"", ""excerpt"": ""事業方法書の記載事項。保険種類、保険金額・保険期間、契約締結手続、保険料収受、保険金等支払、貸付等。"", ""display_mode"": ""official_panel""}]",2,教科書：第4章 生命保険の商品開発 ＞ 参考：商品開発に関連する基礎書類 ＞ 事業方法書 ／ 公式：保険業法施行規則 第8条（事業方法書の記載事項）,保険業法施行規則 第8条（事業方法書の記載事項）,事業方法書の記載事項。保険種類、保険金額・保険期間、契約締結手続、保険料収受、保険金等支払、貸付等。,
2023-Q1(4),2023,第Ⅰ部,問題1,(4),4,変額年金保険の最低保証・プットコールパリティ,正誤訂正,ラチェット／プット・コール・パリティ／最低保証料／特別勘定資産／本源的価値,知識型,変額年金,3,S,hoken1-seiho_05.pdf,第5章 変額年金保険 ＞ 5.2.1 最低保証の金融リスク,5.1 変額年金保険の概要／5.2 最低保証リスクの基本的構造,最低保証バリエーションとプットコールパリティを確認。,9,5-5,2023G.pdf,p.4,4,14,exams/2023G.pdf#page=4,textbooks/hoken1-seiho_05.pdf#page=9,exams/2023G.pdf#page=14,,,,,,"[{""type"": ""教科書"", ""category"": ""教科書"", ""title"": ""第5章 変額年金保険 ＞ 5.2.1 最低保証の金融リスク"", ""source"": ""hoken1-seiho_05.pdf"", ""usage"": ""5.1 変額年金保険の概要／5.2 最低保証リスクの基本的構造"", ""url"": ""textbooks/hoken1-seiho_05.pdf#page=9"", ""reason"": ""最低保証バリエーションとプットコールパリティを確認。"", ""pdf_page"": ""9"", ""internal_page"": ""5-5""}]",1,教科書：第5章 変額年金保険 ＞ 5.2.1 最低保証の金融リスク,,,
2023-Q1(5),2023,第Ⅰ部,問題1,(5),6,生命保険の商品開発に関する法令・監督指針・自己責任原則,選択,保険業法／監督指針／審査基準／自己責任原則／予定事業費／営業保険料十分性,知識型,法令・基礎書類,3,S,hoken1-seiho_04.pdf,第4章 生命保険の商品開発 ＞ 4.4.10 法令等 ＞ 4.2 商品開発プロセス,4.1 基本的な考え方／自己責任原則,法令・監督指針・自己責任原則をセットで。,54,4-51,2023G.pdf,p.5-6,5,14,exams/2023G.pdf#page=5,textbooks/hoken1-seiho_04.pdf#page=54,exams/2023G.pdf#page=14,II-2-5 商品開発に係る内部管理態勢,https://www.fsa.go.jp/common/law/guide/ins/02b.html#:~:text=II%20%EF%BC%8D%EF%BC%92%EF%BC%8D%EF%BC%95%EF%BC%8D%EF%BC%91%20%E6%84%8F%E7%BE%A9,保険業法 第3条（免許・引受範囲） ／ 保険業法 第5条（免許審査基準）,https://laws.e-gov.go.jp/law/407AC0000000105#Mp-At_3,3,"[{""type"": ""教科書"", ""category"": ""教科書"", ""title"": ""第4章 生命保険の商品開発 ＞ 4.4.10 法令等 ＞ 4.2 商品開発プロセス"", ""source"": ""hoken1-seiho_04.pdf"", ""usage"": ""4.1 基本的な考え方／自己責任原則"", ""url"": ""textbooks/hoken1-seiho_04.pdf#page=54"", ""reason"": ""法令・監督指針・自己責任原則をセットで。"", ""pdf_page"": ""54"", ""internal_page"": ""4-51""}, {""id"": ""OFF-02"", ""category"": ""監督指針"", ""title"": ""II-2-5 商品開発に係る内部管理態勢"", ""source"": ""金融庁"", ""usage"": ""商品開発プロセス、内部管理、保険計理人・関連部門連携"", ""url"": ""https://www.fsa.go.jp/common/law/guide/ins/02b.html#:~:text=II%20%EF%BC%8D%EF%BC%92%EF%BC%8D%EF%BC%95%EF%BC%8D%EF%BC%91%20%E6%84%8F%E7%BE%A9"", ""type"": ""公式"", ""reason"": ""商品開発プロセス、内部管理、保険計理人・関連部門連携"", ""section_hint"": ""II－2－5 商品開発に係る内部管理態勢"", ""excerpt"": ""商品内容は普通保険約款・事業方法書に、料率は算出方法書に記載される。商品開発では、自己責任原則に基づき、リスク面・財務面・募集面・法制面等を検討する内部管理態勢が求められる。"", ""display_mode"": ""official_panel""}, {""id"": ""OFF-18"", ""category"": ""法令"", ""title"": ""保険業法 第3条（免許・引受範囲）"", ""source"": ""e-Gov法令検索"", ""usage"": ""生命保険業免許、第一分野・第三分野等の引受範囲"", ""url"": ""https://laws.e-gov.go.jp/law/407AC0000000105#Mp-At_3"", ""type"": ""公式"", ""reason"": ""生命保険業免許、第一分野・第三分野等の引受範囲"", ""section_hint"": ""保険業法 第3条（免許・引受範囲）"", ""excerpt"": ""生命保険業免許・損害保険業免許の範囲、第一分野・第三分野の引受範囲を確認する条文。"", ""display_mode"": ""official_panel""}, {""id"": ""OFF-19"", ""category"": ""法令"", ""title"": ""保険業法 第5条（免許審査基準）"", ""source"": ""e-Gov法令検索"", ""usage"": ""契約者保護、公序良俗、不当な差別的取扱い等"", ""url"": ""https://laws.e-gov.go.jp/law/407AC0000000105#Mp-At_5"", ""type"": ""公式"", ""reason"": ""契約者保護、公序良俗、不当な差別的取扱い等"", ""section_hint"": ""保険業法 第5条（免許審査基準）"", ""excerpt"": ""免許審査基準。保険契約者等の保護、公序良俗、不当な差別的取扱い等の観点を確認する条文。"", ""display_mode"": ""official_panel""}]",4,教科書：第4章 生命保険の商品開発 ＞ 4.4.10 法令等 ＞ 4.2 商品開発プロセス ／ 公式：II-2-5 商品開発に係る内部管理態勢 ／ 公式：保険業法 第3条（免許・引受範囲） ／ 公式：保険業法 第5条（免許審査基準）,II－2－5 商品開発に係る内部管理態勢,商品内容は普通保険約款・事業方法書に、料率は算出方法書に記載される。商品開発では、自己責任原則に基づき、リスク面・財務面・募集面・法制面等を検討する内部管理態勢が求められる。,
2023-Q1(6),2023,第Ⅰ部,問題1,(6),4,生保標準生命表2007年金開始後用の死亡率改善,計算・語句,自殺／老衰／年平均改善率／死因別将来死亡率／長寿化,計算型,死亡率・標準生命表,4,A,hoken1-seiho_01.pdf,第1章 営業保険料 ＞ 1.4.1 予定死亡率・予定給付発生率等,第7章 付録4 第三分野標準生命表2018の作成概要,死亡率改善の織込み方法を標準生命表の文脈で。,9,1-7,2023G.pdf,p.7-8,7,14,exams/2023G.pdf#page=7,textbooks/hoken1-seiho_01.pdf#page=9,exams/2023G.pdf#page=14,IV-4 第三分野,https://www.fsa.go.jp/common/law/guide/ins/04.html#:~:text=IV%20%EF%BC%8D%EF%BC%94%EF%BC%8D%EF%BC%91%20%E5%9F%BA%E7%A4%8E%E7%8E%87%E5%A4%89%E6%9B%B4%E6%A8%A9%E3%81%AE%E8%A8%AD%E5%AE%9A%E3%81%AB%E3%81%A4%E3%81%84%E3%81%A6,金融庁 報道発表資料（保険会社関係）,https://www.fsa.go.jp/news/r7/hoken/news_menu_h.html,2,"[{""type"": ""教科書"", ""category"": ""教科書"", ""title"": ""第1章 営業保険料 ＞ 1.4.1 予定死亡率・予定給付発生率等"", ""source"": ""hoken1-seiho_01.pdf"", ""usage"": ""第7章 付録4 第三分野標準生命表2018の作成概要"", ""url"": ""textbooks/hoken1-seiho_01.pdf#page=9"", ""reason"": ""死亡率改善の織込み方法を標準生命表の文脈で。"", ""pdf_page"": ""9"", ""internal_page"": ""1-7""}, {""id"": ""OFF-13"", ""category"": ""監督指針"", ""title"": ""IV-4 第三分野"", ""source"": ""金融庁"", ""usage"": ""第三分野商品の商品審査、基礎率変更権、契約者保護"", ""url"": ""https://www.fsa.go.jp/common/law/guide/ins/04.html#:~:text=IV%20%EF%BC%8D%EF%BC%94%EF%BC%8D%EF%BC%91%20%E5%9F%BA%E7%A4%8E%E7%8E%87%E5%A4%89%E6%9B%B4%E6%A8%A9%E3%81%AE%E8%A8%AD%E5%AE%9A%E3%81%AB%E3%81%A4%E3%81%84%E3%81%A6"", ""type"": ""公式"", ""reason"": ""第三分野商品の商品審査、基礎率変更権、契約者保護"", ""section_hint"": ""IV－4 第三分野／基礎率変更権"", ""excerpt"": ""第三分野保険の基礎率変更権、行使基準、実績発生率指標、契約者説明・情報開示、変更後予定発生率の合理性等を確認する箇所。"", ""display_mode"": ""official_panel""}, {""id"": ""OFF-29"", ""category"": ""パブコメ"", ""title"": ""金融庁 報道発表資料（保険会社関係）"", ""source"": ""金融庁"", ""usage"": ""監督指針・法令改正・標準生命表関連などの公表資料、パブリックコメント確認"", ""url"": ""https://www.fsa.go.jp/news/r7/hoken/news_menu_h.html"", ""type"": ""公式"", ""reason"": ""監督指針・法令改正・標準生命表関連などの公表資料、パブリックコメント確認"", ""section_hint"": ""金融庁 報道発表資料（保険会社関係）"", ""excerpt"": ""監督指針・法令改正・標準生命表関連などのパブリックコメント・公表資料の入口。個別案件の確認用。"", ""display_mode"": ""official_panel""}]",3,教科書：第1章 営業保険料 ＞ 1.4.1 予定死亡率・予定給付発生率等 ／ 公式：IV-4 第三分野 ／ 公式：金融庁 報道発表資料（保険会社関係）,IV－4 第三分野／基礎率変更権,第三分野保険の基礎率変更権、行使基準、実績発生率指標、契約者説明・情報開示、変更後予定発生率の合理性等を確認する箇所。,
2023-Q2(1),2023,第Ⅰ部,問題2,(1),7,養老保険と定期＋生存保険の営業保険料非一致,説明,十分性／安全割増／死亡・生存リスク相殺／件数比例費／収益性／価格競争力,複合型,営業保険料・基礎率,4,S,hoken1-seiho_01.pdf,第1章 営業保険料 ＞ 1.2 営業保険料決定の際に考慮すべき点 ＞ 1.4 計算基礎率,1.1 純保険料と営業保険料／1.3 計算方法,商品分解しても保険料が一致しない理由を基礎率・事業費で説明。,4,1-2,2023G.pdf,p.9,9,14,exams/2023G.pdf#page=9,textbooks/hoken1-seiho_01.pdf#page=4,exams/2023G.pdf#page=14,,,,,,"[{""type"": ""教科書"", ""category"": ""教科書"", ""title"": ""第1章 営業保険料 ＞ 1.2 営業保険料決定の際に考慮すべき点 ＞ 1.4 計算基礎率"", ""source"": ""hoken1-seiho_01.pdf"", ""usage"": ""1.1 純保険料と営業保険料／1.3 計算方法"", ""url"": ""textbooks/hoken1-seiho_01.pdf#page=4"", ""reason"": ""商品分解しても保険料が一致しない理由を基礎率・事業費で説明。"", ""pdf_page"": ""4"", ""internal_page"": ""1-2""}]",1,教科書：第1章 営業保険料 ＞ 1.2 営業保険料決定の際に考慮すべき点 ＞ 1.4 計算基礎率,,,
2023-Q2(2),2023,第Ⅰ部,問題2,(2),9,団体生命保険の危険選択・料率・配当率,説明,調和／大多数の団体／一定水準以上の団体／平均保険料率／優良団体割引／配当率,複合型,団体生命保険,4,S,hoken1-seiho_06.pdf,第6章 団体生命保険 ＞ 6.3 団体生命保険の危険選択 ＞ 6.6 団体生命保険の数理,6.6.3 経験料率／6.6.4 配当清算法,団体選択・料率・配当率のつながりを整理。,7,6-3,2023G.pdf,p.10,10,15,exams/2023G.pdf#page=10,textbooks/hoken1-seiho_06.pdf#page=7,exams/2023G.pdf#page=15,IV-1-4 危険選択,https://www.fsa.go.jp/common/law/guide/ins/04.html#:~:text=IV%20%EF%BC%8D%EF%BC%91%EF%BC%8D%EF%BC%94%20%E5%8D%B1%E9%99%BA%E9%81%B8%E6%8A%9E,,,1,"[{""type"": ""教科書"", ""category"": ""教科書"", ""title"": ""第6章 団体生命保険 ＞ 6.3 団体生命保険の危険選択 ＞ 6.6 団体生命保険の数理"", ""source"": ""hoken1-seiho_06.pdf"", ""usage"": ""6.6.3 経験料率／6.6.4 配当清算法"", ""url"": ""textbooks/hoken1-seiho_06.pdf#page=7"", ""reason"": ""団体選択・料率・配当率のつながりを整理。"", ""pdf_page"": ""7"", ""internal_page"": ""6-3""}, {""id"": ""OFF-08"", ""category"": ""監督指針"", ""title"": ""IV-1-4 危険選択"", ""source"": ""金融庁"", ""usage"": ""危険選択、告知項目、引受範囲に関する商品審査"", ""url"": ""https://www.fsa.go.jp/common/law/guide/ins/04.html#:~:text=IV%20%EF%BC%8D%EF%BC%91%EF%BC%8D%EF%BC%94%20%E5%8D%B1%E9%99%BA%E9%81%B8%E6%8A%9E"", ""type"": ""公式"", ""reason"": ""危険選択、告知項目、引受範囲に関する商品審査"", ""section_hint"": ""IV－1－4 危険選択"", ""excerpt"": ""被保険者の健康状態等に係る身体的危険、職業等に係る環境的危険を適切に選択する方策、モラルリスク排除、無選択型商品の逆選択対応を確認する箇所。"", ""display_mode"": ""official_panel""}]",2,教科書：第6章 団体生命保険 ＞ 6.3 団体生命保険の危険選択 ＞ 6.6 団体生命保険の数理 ／ 公式：IV-1-4 危険選択,IV－1－4 危険選択,被保険者の健康状態等に係る身体的危険、職業等に係る環境的危険を適切に選択する方策、モラルリスク排除、無選択型商品の逆選択対応を確認する箇所。,
2023-Q2(3),2023,第Ⅰ部,問題2,(3),8,医療保険の入院受療率と予定発生率設定,図表読解・説明,受療率／妊娠・分娩・産じょく／男女差／予定発生率／補整／公平性,複合型,第三分野・医療,4,S,hoken1-seiho_07.pdf,第7章 医療保険 ＞ 7.4.1.4 予定発生率および予定入院日数などの設定の留意点,7.3.1 入院給付／付録：医療保障の経済必要性,入院受療率から予定発生率を作る際の限界を確認。,20,7-16,2023G.pdf,p.11,11,16,exams/2023G.pdf#page=11,textbooks/hoken1-seiho_07.pdf#page=20,exams/2023G.pdf#page=16,,,,,,"[{""type"": ""教科書"", ""category"": ""教科書"", ""title"": ""第7章 医療保険 ＞ 7.4.1.4 予定発生率および予定入院日数などの設定の留意点"", ""source"": ""hoken1-seiho_07.pdf"", ""usage"": ""7.3.1 入院給付／付録：医療保障の経済必要性"", ""url"": ""textbooks/hoken1-seiho_07.pdf#page=20"", ""reason"": ""入院受療率から予定発生率を作る際の限界を確認。"", ""pdf_page"": ""20"", ""internal_page"": ""7-16""}]",1,教科書：第7章 医療保険 ＞ 7.4.1.4 予定発生率および予定入院日数などの設定の留意点,,,
2023-Q3(1ア),2023,第Ⅱ部,問題3,(1ア),4,予定利率設定の留意事項,説明,予定利率／保証利率／自社運用方針／新規投資利回り／保守性,知識型,営業保険料・基礎率,3,S,hoken1-seiho_01.pdf,第1章 営業保険料 ＞ 1.4.3 予定利率,1.2.3 その他（標準責任準備金制度との関係）,予定利率設定の留意点を金利・ALM・競争力で。,13,1-11,2023G.pdf,p.12,12,18,exams/2023G.pdf#page=12,textbooks/hoken1-seiho_01.pdf#page=13,exams/2023G.pdf#page=18,,,,,,"[{""type"": ""教科書"", ""category"": ""教科書"", ""title"": ""第1章 営業保険料 ＞ 1.4.3 予定利率"", ""source"": ""hoken1-seiho_01.pdf"", ""usage"": ""1.2.3 その他（標準責任準備金制度との関係）"", ""url"": ""textbooks/hoken1-seiho_01.pdf#page=13"", ""reason"": ""予定利率設定の留意点を金利・ALM・競争力で。"", ""pdf_page"": ""13"", ""internal_page"": ""1-11""}]",1,教科書：第1章 営業保険料 ＞ 1.4.3 予定利率,,,
2023-Q3(1イ),2023,第Ⅱ部,問題3,(1イ),6,金利上昇・物価上昇が終身保険の収益性に与える影響,説明,市中金利上昇／解約増加／含み損／再投資利回り／インフレ／事業費率,複合型,営業保険料・基礎率,4,A,hoken1-seiho_01.pdf,第1章 営業保険料 ＞ 1.4.3 予定利率 ＞ 1.4.4 予定事業費率,1.2.3 その他（収益性・価格競争力）,金利上昇・物価上昇の影響を利差・費差・解約で整理。,13,1-11,2023G.pdf,p.12,12,18,exams/2023G.pdf#page=12,textbooks/hoken1-seiho_01.pdf#page=13,exams/2023G.pdf#page=18,,,,,,"[{""type"": ""教科書"", ""category"": ""教科書"", ""title"": ""第1章 営業保険料 ＞ 1.4.3 予定利率 ＞ 1.4.4 予定事業費率"", ""source"": ""hoken1-seiho_01.pdf"", ""usage"": ""1.2.3 その他（収益性・価格競争力）"", ""url"": ""textbooks/hoken1-seiho_01.pdf#page=13"", ""reason"": ""金利上昇・物価上昇の影響を利差・費差・解約で整理。"", ""pdf_page"": ""13"", ""internal_page"": ""1-11""}]",1,教科書：第1章 営業保険料 ＞ 1.4.3 予定利率 ＞ 1.4.4 予定事業費率,,,
2023-Q3(1ウ),2023,第Ⅱ部,問題3,(1ウ),15,円貨建終身保険の保険料率改定,所見論述,保険料率改定／十分性／公平性／収益性／価格競争力／標準責任準備金／既契約との関係,所見型,営業保険料・基礎率,5,S,hoken1-seiho_01.pdf,第1章 営業保険料 ＞ 1.2 営業保険料決定の際に考慮すべき点 ＞ 1.4 計算基礎率,4.2 商品開発プロセス,料率改定は十分性・収益性・価格競争力・契約者影響で。,4,1-2,2023G.pdf,p.12,12,18,exams/2023G.pdf#page=12,textbooks/hoken1-seiho_01.pdf#page=4,exams/2023G.pdf#page=18,,,,,,"[{""type"": ""教科書"", ""category"": ""教科書"", ""title"": ""第1章 営業保険料 ＞ 1.2 営業保険料決定の際に考慮すべき点 ＞ 1.4 計算基礎率"", ""source"": ""hoken1-seiho_01.pdf"", ""usage"": ""4.2 商品開発プロセス"", ""url"": ""textbooks/hoken1-seiho_01.pdf#page=4"", ""reason"": ""料率改定は十分性・収益性・価格競争力・契約者影響で。"", ""pdf_page"": ""4"", ""internal_page"": ""1-2""}]",1,教科書：第1章 営業保険料 ＞ 1.2 営業保険料決定の際に考慮すべき点 ＞ 1.4 計算基礎率,,,
2023-Q3(2ア),2023,第Ⅱ部,問題3,(2ア),5,医療保険に複数給付を持たせる利点,説明,複数給付／顧客ニーズ／商品魅力／リスク分散／事務効率／危険選択,知識型,第三分野・医療,3,A,hoken1-seiho_07.pdf,第7章 医療保険 ＞ 7.3 医療保険の主な保障内容,7.4 医療保険の保険料計算,複数給付の利点を顧客価値・リスク分散・販売面で整理。,9,7-5,2023G.pdf,p.13,13,21,exams/2023G.pdf#page=13,textbooks/hoken1-seiho_07.pdf#page=9,exams/2023G.pdf#page=21,IV-1-4 危険選択,https://www.fsa.go.jp/common/law/guide/ins/04.html#:~:text=IV%20%EF%BC%8D%EF%BC%91%EF%BC%8D%EF%BC%94%20%E5%8D%B1%E9%99%BA%E9%81%B8%E6%8A%9E,,,1,"[{""type"": ""教科書"", ""category"": ""教科書"", ""title"": ""第7章 医療保険 ＞ 7.3 医療保険の主な保障内容"", ""source"": ""hoken1-seiho_07.pdf"", ""usage"": ""7.4 医療保険の保険料計算"", ""url"": ""textbooks/hoken1-seiho_07.pdf#page=9"", ""reason"": ""複数給付の利点を顧客価値・リスク分散・販売面で整理。"", ""pdf_page"": ""9"", ""internal_page"": ""7-5""}, {""id"": ""OFF-08"", ""category"": ""監督指針"", ""title"": ""IV-1-4 危険選択"", ""source"": ""金融庁"", ""usage"": ""危険選択、告知項目、引受範囲に関する商品審査"", ""url"": ""https://www.fsa.go.jp/common/law/guide/ins/04.html#:~:text=IV%20%EF%BC%8D%EF%BC%91%EF%BC%8D%EF%BC%94%20%E5%8D%B1%E9%99%BA%E9%81%B8%E6%8A%9E"", ""type"": ""公式"", ""reason"": ""危険選択、告知項目、引受範囲に関する商品審査"", ""section_hint"": ""IV－1－4 危険選択"", ""excerpt"": ""被保険者の健康状態等に係る身体的危険、職業等に係る環境的危険を適切に選択する方策、モラルリスク排除、無選択型商品の逆選択対応を確認する箇所。"", ""display_mode"": ""official_panel""}]",2,教科書：第7章 医療保険 ＞ 7.3 医療保険の主な保障内容 ／ 公式：IV-1-4 危険選択,IV－1－4 危険選択,被保険者の健康状態等に係る身体的危険、職業等に係る環境的危険を適切に選択する方策、モラルリスク排除、無選択型商品の逆選択対応を確認する箇所。,
2023-Q3(2イ),2023,第Ⅱ部,問題3,(2イ),20,医療保険の給付別単品化・商品開発,所見論述,入院給付金／入院一時金／手術給付金／選択効果／基礎率設定／クロスサブシディ／モニタリング,所見型,第三分野・医療,5,S,hoken1-seiho_07.pdf,第7章 医療保険 ＞ 7.3 医療保険の主な保障内容 ＞ 7.4 医療保険の保険料計算,7.7 保険計理人の機能強化／第4章 4.2 商品開発プロセス,単品化の影響を商品設計・基礎率・モラルリスクで。,9,7-5,2023G.pdf,p.13,13,22,exams/2023G.pdf#page=13,textbooks/hoken1-seiho_07.pdf#page=9,exams/2023G.pdf#page=22,,,,,,"[{""type"": ""教科書"", ""category"": ""教科書"", ""title"": ""第7章 医療保険 ＞ 7.3 医療保険の主な保障内容 ＞ 7.4 医療保険の保険料計算"", ""source"": ""hoken1-seiho_07.pdf"", ""usage"": ""7.7 保険計理人の機能強化／第4章 4.2 商品開発プロセス"", ""url"": ""textbooks/hoken1-seiho_07.pdf#page=9"", ""reason"": ""単品化の影響を商品設計・基礎率・モラルリスクで。"", ""pdf_page"": ""9"", ""internal_page"": ""7-5""}]",1,教科書：第7章 医療保険 ＞ 7.3 医療保険の主な保障内容 ＞ 7.4 医療保険の保険料計算,,,
2024-Q1(1),2024,第Ⅰ部,問題1,(1),4,変額年金最低保証の経済価値ヘッジ・会計価値ヘッジ,語句記入,ボラティリティ／ロー／動態ヘッジ／静態ヘッジ／負の値／デルタ・ガンマ・ベガ,知識型,変額年金,3,S,hoken1-seiho_05.pdf,第5章 変額年金保険 ＞ 5.5.4 ヘッジとモデルリスク,5.3 変額年金保険数理の基本的な考え方／5.2 最低保証リスク,経済価値ヘッジと会計価値ヘッジの違いを暗記。,36,5-32,2024G.pdf,p.1,1,15,exams/2024G.pdf#page=1,textbooks/hoken1-seiho_05.pdf#page=36,exams/2024G.pdf#page=15,,,,,,"[{""type"": ""教科書"", ""category"": ""教科書"", ""title"": ""第5章 変額年金保険 ＞ 5.5.4 ヘッジとモデルリスク"", ""source"": ""hoken1-seiho_05.pdf"", ""usage"": ""5.3 変額年金保険数理の基本的な考え方／5.2 最低保証リスク"", ""url"": ""textbooks/hoken1-seiho_05.pdf#page=36"", ""reason"": ""経済価値ヘッジと会計価値ヘッジの違いを暗記。"", ""pdf_page"": ""36"", ""internal_page"": ""5-32""}]",1,教科書：第5章 変額年金保険 ＞ 5.5.4 ヘッジとモデルリスク,,,
2024-Q1(2),2024,第Ⅰ部,問題1,(2),4,監督指針Ⅳ-1 共通事項（危険選択・告知・免責）,選択,身体的危険／環境的危険／危険選択／趣味／巨大リスク排除／契約者保護／公序良俗／モラルリスク排除,知識型,法令・基礎書類,2,A,hoken1-seiho_04.pdf,第4章 生命保険の商品開発 ＞ 4.4.4 危険選択（アンダーライティング） ＞ 4.4.10 法令等,4.3.3 モラルリスクおよび大災害への対応／監督指針Ⅳ-1,危険選択・告知・免責を監督指針の語句で。,42,4-39,2024G.pdf,p.2,2,15,exams/2024G.pdf#page=2,textbooks/hoken1-seiho_04.pdf#page=42,exams/2024G.pdf#page=15,IV-1 共通事項,https://www.fsa.go.jp/common/law/guide/ins/04.html#:~:text=IV%20%EF%BC%8D%EF%BC%91%20%E5%85%B1%E9%80%9A%E4%BA%8B%E9%A0%85,IV-1-4 危険選択 ／ IV-1-8 保険金額・保険期間・契約年齢範囲,https://www.fsa.go.jp/common/law/guide/ins/04.html#:~:text=IV%20%EF%BC%8D%EF%BC%91%EF%BC%8D%EF%BC%94%20%E5%8D%B1%E9%99%BA%E9%81%B8%E6%8A%9E,3,"[{""type"": ""教科書"", ""category"": ""教科書"", ""title"": ""第4章 生命保険の商品開発 ＞ 4.4.4 危険選択（アンダーライティング） ＞ 4.4.10 法令等"", ""source"": ""hoken1-seiho_04.pdf"", ""usage"": ""4.3.3 モラルリスクおよび大災害への対応／監督指針Ⅳ-1"", ""url"": ""textbooks/hoken1-seiho_04.pdf#page=42"", ""reason"": ""危険選択・告知・免責を監督指針の語句で。"", ""pdf_page"": ""42"", ""internal_page"": ""4-39""}, {""id"": ""OFF-07"", ""category"": ""監督指針"", ""title"": ""IV-1 共通事項"", ""source"": ""金融庁"", ""usage"": ""商品審査の共通事項、危険選択、告知項目、免責、団体保険等"", ""url"": ""https://www.fsa.go.jp/common/law/guide/ins/04.html#:~:text=IV%20%EF%BC%8D%EF%BC%91%20%E5%85%B1%E9%80%9A%E4%BA%8B%E9%A0%85"", ""type"": ""公式"", ""reason"": ""商品審査の共通事項、危険選択、告知項目、免責、団体保険等"", ""section_hint"": ""IV－1 共通事項"", ""excerpt"": ""第一分野・第二分野・第三分野の商品審査に共通する留意点。約款、保障内容、危険選択、告知、免責、保険金額等を含む。"", ""display_mode"": ""official_panel""}, {""id"": ""OFF-08"", ""category"": ""監督指針"", ""title"": ""IV-1-4 危険選択"", ""source"": ""金融庁"", ""usage"": ""危険選択、告知項目、引受範囲に関する商品審査"", ""url"": ""https://www.fsa.go.jp/common/law/guide/ins/04.html#:~:text=IV%20%EF%BC%8D%EF%BC%91%EF%BC%8D%EF%BC%94%20%E5%8D%B1%E9%99%BA%E9%81%B8%E6%8A%9E"", ""type"": ""公式"", ""reason"": ""危険選択、告知項目、引受範囲に関する商品審査"", ""section_hint"": ""IV－1－4 危険選択"", ""excerpt"": ""被保険者の健康状態等に係る身体的危険、職業等に係る環境的危険を適切に選択する方策、モラルリスク排除、無選択型商品の逆選択対応を確認する箇所。"", ""display_mode"": ""official_panel""}, {""id"": ""OFF-09"", ""category"": ""監督指針"", ""title"": ""IV-1-8 保険金額・保険期間・契約年齢範囲"", ""source"": ""金融庁"", ""usage"": ""保険金額・保険期間・契約年齢範囲の妥当性"", ""url"": ""https://www.fsa.go.jp/common/law/guide/ins/04.html#:~:text=IV%20%EF%BC%8D%EF%BC%91%EF%BC%8D%EF%BC%98%20%E4%BF%9D%E9%99%BA%E9%87%91%E9%A1%8D%E3%83%BB%E4%BF%9D%E9%99%BA%E6%9C%9F%E9%96%93%E3%83%BB%E5%A5%91%E7%B4%84%E5%B9%B4%E9%BD%A2%E7%AF%84%E5%9B%B2"", ""type"": ""公式"", ""reason"": ""保険金額・保険期間・契約年齢範囲の妥当性"", ""section_hint"": ""IV－1－8 保険金額・保険期間・契約年齢範囲"", ""excerpt"": ""保険金額・保険期間・契約年齢範囲が公序良俗の観点から問題ないか、保険金額等がモラルリスク排除の観点から適切かを確認する箇所。"", ""display_mode"": ""official_panel""}]",4,教科書：第4章 生命保険の商品開発 ＞ 4.4.4 危険選択（アンダーライティング） ＞ 4.4.10 法令等 ／ 公式：IV-1 共通事項 ／ 公式：IV-1-4 危険選択 ／ 公式：IV-1-8 保険金額・保険期間・契約年齢範囲,IV－1 共通事項,第一分野・第二分野・第三分野の商品審査に共通する留意点。約款、保障内容、危険選択、告知、免責、保険金額等を含む。,
2024-Q1(3),2024,第Ⅰ部,問題1,(3),4,団体保険（総合福祉団体定期・団信）,選択,総福団定／ヒューマン・ヴァリュー特約／死亡退職金規程／団体信用生命保険／賦払債権保全,知識型,団体生命保険,3,S,hoken1-seiho_06.pdf,第6章 団体生命保険 ＞ 6.5.1 総合福祉団体定期保険 ＞ 6.5.2 団体信用生命保険,6.1 はじめに／6.3 危険選択,総福・団信の契約者/被保険者/受取人/税務を区別。,12,6-8,2024G.pdf,p.3,3,15,exams/2024G.pdf#page=3,textbooks/hoken1-seiho_06.pdf#page=12,exams/2024G.pdf#page=15,IV-1-4 危険選択,https://www.fsa.go.jp/common/law/guide/ins/04.html#:~:text=IV%20%EF%BC%8D%EF%BC%91%EF%BC%8D%EF%BC%94%20%E5%8D%B1%E9%99%BA%E9%81%B8%E6%8A%9E,,,1,"[{""type"": ""教科書"", ""category"": ""教科書"", ""title"": ""第6章 団体生命保険 ＞ 6.5.1 総合福祉団体定期保険 ＞ 6.5.2 団体信用生命保険"", ""source"": ""hoken1-seiho_06.pdf"", ""usage"": ""6.1 はじめに／6.3 危険選択"", ""url"": ""textbooks/hoken1-seiho_06.pdf#page=12"", ""reason"": ""総福・団信の契約者/被保険者/受取人/税務を区別。"", ""pdf_page"": ""12"", ""internal_page"": ""6-8""}, {""id"": ""OFF-08"", ""category"": ""監督指針"", ""title"": ""IV-1-4 危険選択"", ""source"": ""金融庁"", ""usage"": ""危険選択、告知項目、引受範囲に関する商品審査"", ""url"": ""https://www.fsa.go.jp/common/law/guide/ins/04.html#:~:text=IV%20%EF%BC%8D%EF%BC%91%EF%BC%8D%EF%BC%94%20%E5%8D%B1%E9%99%BA%E9%81%B8%E6%8A%9E"", ""type"": ""公式"", ""reason"": ""危険選択、告知項目、引受範囲に関する商品審査"", ""section_hint"": ""IV－1－4 危険選択"", ""excerpt"": ""被保険者の健康状態等に係る身体的危険、職業等に係る環境的危険を適切に選択する方策、モラルリスク排除、無選択型商品の逆選択対応を確認する箇所。"", ""display_mode"": ""official_panel""}]",2,教科書：第6章 団体生命保険 ＞ 6.5.1 総合福祉団体定期保険 ＞ 6.5.2 団体信用生命保険 ／ 公式：IV-1-4 危険選択,IV－1－4 危険選択,被保険者の健康状態等に係る身体的危険、職業等に係る環境的危険を適切に選択する方策、モラルリスク排除、無選択型商品の逆選択対応を確認する箇所。,
2024-Q1(4),2024,第Ⅰ部,問題1,(4),4,MVAと解約返戻金計算,選択・計算,契約概要／市場金利／運用資産／損失／MVA計算／解約返戻金,計算型,解約・契約者価額,3,S,hoken1-seiho_02.pdf,第2章 解約および解約返戻金 ＞ 2.5.3 市場価格調整（Market Value Adjustment）,2.6.2 MVAの影響／監督指針の契約者価額,MVA計算式と契約概要/注意喚起情報の記載事項。,30,2-24,2024G.pdf,p.4,4,15,exams/2024G.pdf#page=4,textbooks/hoken1-seiho_02.pdf#page=30,exams/2024G.pdf#page=15,IV-5-3 契約者価額,https://www.fsa.go.jp/common/law/guide/ins/04.html#:~:text=IV%20%EF%BC%8D%EF%BC%95%EF%BC%8D%EF%BC%93%20%E5%A5%91%E7%B4%84%E8%80%85%E4%BE%A1%E9%A1%8D,II-4-2 保険募集管理態勢,https://www.fsa.go.jp/common/law/guide/ins/02d.html#:~:text=%E5%A5%91%E7%B4%84%E7%B7%A0%E7%B5%90%E5%89%8D%E4%BA%A4%E4%BB%98%E6%9B%B8%E9%9D%A2,2,"[{""type"": ""教科書"", ""category"": ""教科書"", ""title"": ""第2章 解約および解約返戻金 ＞ 2.5.3 市場価格調整（Market Value Adjustment）"", ""source"": ""hoken1-seiho_02.pdf"", ""usage"": ""2.6.2 MVAの影響／監督指針の契約者価額"", ""url"": ""textbooks/hoken1-seiho_02.pdf#page=30"", ""reason"": ""MVA計算式と契約概要/注意喚起情報の記載事項。"", ""pdf_page"": ""30"", ""internal_page"": ""2-24""}, {""id"": ""OFF-16"", ""category"": ""監督指針"", ""title"": ""IV-5-3 契約者価額"", ""source"": ""金融庁"", ""usage"": ""解約返戻金、契約者価額、MVA、市場価格調整"", ""url"": ""https://www.fsa.go.jp/common/law/guide/ins/04.html#:~:text=IV%20%EF%BC%8D%EF%BC%95%EF%BC%8D%EF%BC%93%20%E5%A5%91%E7%B4%84%E8%80%85%E4%BE%A1%E9%A1%8D"", ""type"": ""公式"", ""reason"": ""解約返戻金、契約者価額、MVA、市場価格調整"", ""section_hint"": ""IV－5－3 契約者価額"", ""excerpt"": ""解約返戻金は支出した事業費・投資上の損失・保険設計上の仕組み等に照らして合理的かつ妥当か、MVA係数はリスク管理や取引費用との整合性から妥当かを確認する箇所。"", ""display_mode"": ""official_panel""}, {""id"": ""OFF-06"", ""category"": ""監督指針"", ""title"": ""II-4-2 保険募集管理態勢"", ""source"": ""金融庁"", ""usage"": ""契約締結前交付書面、MVA等の商品説明関連"", ""url"": ""https://www.fsa.go.jp/common/law/guide/ins/02d.html#:~:text=%E5%A5%91%E7%B4%84%E7%B7%A0%E7%B5%90%E5%89%8D%E4%BA%A4%E4%BB%98%E6%9B%B8%E9%9D%A2"", ""type"": ""公式"", ""reason"": ""契約締結前交付書面、MVA等の商品説明関連"", ""section_hint"": ""II－4－2 保険募集管理態勢／契約締結前交付書面"", ""excerpt"": ""契約概要・注意喚起情報、特定保険契約の契約締結前交付書面、MVA等の商品説明に関する確認先。"", ""display_mode"": ""official_panel""}]",3,教科書：第2章 解約および解約返戻金 ＞ 2.5.3 市場価格調整（Market Value Adjustment） ／ 公式：IV-5-3 契約者価額 ／ 公式：II-4-2 保険募集管理態勢,IV－5－3 契約者価額,解約返戻金は支出した事業費・投資上の損失・保険設計上の仕組み等に照らして合理的かつ妥当か、MVA係数はリスク管理や取引費用との整合性から妥当かを確認する箇所。,
2024-Q1(5),2024,第Ⅰ部,問題1,(5),4,Profit・IRR・Profit Marginの計算,計算,利益計算／現在価値／内部収益率／プロフィット・マージン／責任準備金繰入,計算型,商品毎収益検証,4,S,hoken1-seiho_10.pdf,第10章 商品毎収益検証 ＞ 10.9 収益性・健全性の指標の例,10.2 目的／10.3 シナリオ設定／10.5 金利シナリオ,Profit・IRR・PMの計算を手で回す。,54,10-48,2024G.pdf,p.5-6,5,15,exams/2024G.pdf#page=5,textbooks/hoken1-seiho_10.pdf#page=54,exams/2024G.pdf#page=15,,,,,,"[{""type"": ""教科書"", ""category"": ""教科書"", ""title"": ""第10章 商品毎収益検証 ＞ 10.9 収益性・健全性の指標の例"", ""source"": ""hoken1-seiho_10.pdf"", ""usage"": ""10.2 目的／10.3 シナリオ設定／10.5 金利シナリオ"", ""url"": ""textbooks/hoken1-seiho_10.pdf#page=54"", ""reason"": ""Profit・IRR・PMの計算を手で回す。"", ""pdf_page"": ""54"", ""internal_page"": ""10-48""}]",1,教科書：第10章 商品毎収益検証 ＞ 10.9 収益性・健全性の指標の例,,,
2024-Q2(1),2024,第Ⅰ部,問題2,(1),6,再保険の伝統的目的,説明,保険金支払変動軽減／集積リスク軽減／競争的元受率提供／自己保有限度額／大数の法則,知識型,再保険,3,S,hoken1-seiho_08.pdf,第8章 再保険 ＞ 8.1.2 目的 ＞ 伝統的目的,8.2 再保険の方式／8.3 再保険の種類,再保険の目的は伝統的/非伝統的に分ける。,6,8-2,2024G.pdf,p.7,7,16,exams/2024G.pdf#page=7,textbooks/hoken1-seiho_08.pdf#page=6,exams/2024G.pdf#page=16,,,,,,"[{""type"": ""教科書"", ""category"": ""教科書"", ""title"": ""第8章 再保険 ＞ 8.1.2 目的 ＞ 伝統的目的"", ""source"": ""hoken1-seiho_08.pdf"", ""usage"": ""8.2 再保険の方式／8.3 再保険の種類"", ""url"": ""textbooks/hoken1-seiho_08.pdf#page=6"", ""reason"": ""再保険の目的は伝統的/非伝統的に分ける。"", ""pdf_page"": ""6"", ""internal_page"": ""8-2""}]",1,教科書：第8章 再保険 ＞ 8.1.2 目的 ＞ 伝統的目的,,,
2024-Q2(2),2024,第Ⅰ部,問題2,(2),8,予定死亡率・予定給付発生率等の設定,説明,基礎データ／信頼性／補整／選択効果／将来トレンド／安全割増／予定発生率,知識型,営業保険料・基礎率,3,S,hoken1-seiho_01.pdf,第1章 営業保険料 ＞ 1.4.1 予定死亡率・予定給付発生率等,1.4.2 予定解約率／1.4.3 予定利率／1.4.4 予定事業費率,予定基礎率設定の一般論を答案テンプレ化。,9,1-7,2024G.pdf,p.8,8,17,exams/2024G.pdf#page=8,textbooks/hoken1-seiho_01.pdf#page=9,exams/2024G.pdf#page=17,,,,,,"[{""type"": ""教科書"", ""category"": ""教科書"", ""title"": ""第1章 営業保険料 ＞ 1.4.1 予定死亡率・予定給付発生率等"", ""source"": ""hoken1-seiho_01.pdf"", ""usage"": ""1.4.2 予定解約率／1.4.3 予定利率／1.4.4 予定事業費率"", ""url"": ""textbooks/hoken1-seiho_01.pdf#page=9"", ""reason"": ""予定基礎率設定の一般論を答案テンプレ化。"", ""pdf_page"": ""9"", ""internal_page"": ""1-7""}]",1,教科書：第1章 営業保険料 ＞ 1.4.1 予定死亡率・予定給付発生率等,,,
2024-Q2(3),2024,第Ⅰ部,問題2,(3),8,保険料細分化・公平性,説明,保険技術的公平性／社会的公平性／データ入手可能性／客観性／社会的受容性／逆選択／事務負荷,知識型,営業保険料・基礎率,3,S,hoken1-seiho_01.pdf,第1章 営業保険料 ＞ 1.5 保険料の細分化,1.5.1 理念としての公平性原則／1.5.2 保険技術的公平性と社会的公平性／1.5.3 留意事項,公平性と差別的取扱いを区別。,23,1-21,2024G.pdf,p.9,9,18,exams/2024G.pdf#page=9,textbooks/hoken1-seiho_01.pdf#page=23,exams/2024G.pdf#page=18,,,,,,"[{""type"": ""教科書"", ""category"": ""教科書"", ""title"": ""第1章 営業保険料 ＞ 1.5 保険料の細分化"", ""source"": ""hoken1-seiho_01.pdf"", ""usage"": ""1.5.1 理念としての公平性原則／1.5.2 保険技術的公平性と社会的公平性／1.5.3 留意事項"", ""url"": ""textbooks/hoken1-seiho_01.pdf#page=23"", ""reason"": ""公平性と差別的取扱いを区別。"", ""pdf_page"": ""23"", ""internal_page"": ""1-21""}]",1,教科書：第1章 営業保険料 ＞ 1.5 保険料の細分化,,,
2024-Q2(4ア),2024,第Ⅰ部,問題2,(4ア),5,標準責任準備金の基礎率と異なる営業保険料基礎率,説明,標準基礎率／営業保険料基礎率／責任準備金積立負担／十分性／内部留保／初期投資,知識型,営業保険料・基礎率,4,S,hoken1-seiho_01.pdf,第1章 営業保険料 ＞ 1.2.3 その他 ＞ 標準責任準備金制度との関係,1.4 計算基礎率／4.2 商品開発プロセス,標準基礎率と営業基礎率の差を説明。,5,1-3,2024G.pdf,p.10,10,19,exams/2024G.pdf#page=10,textbooks/hoken1-seiho_01.pdf#page=5,exams/2024G.pdf#page=19,,,,,,"[{""type"": ""教科書"", ""category"": ""教科書"", ""title"": ""第1章 営業保険料 ＞ 1.2.3 その他 ＞ 標準責任準備金制度との関係"", ""source"": ""hoken1-seiho_01.pdf"", ""usage"": ""1.4 計算基礎率／4.2 商品開発プロセス"", ""url"": ""textbooks/hoken1-seiho_01.pdf#page=5"", ""reason"": ""標準基礎率と営業基礎率の差を説明。"", ""pdf_page"": ""5"", ""internal_page"": ""1-3""}]",1,教科書：第1章 営業保険料 ＞ 1.2.3 その他 ＞ 標準責任準備金制度との関係,,,
2024-Q2(4イ),2024,第Ⅰ部,問題2,(4イ),3,米ドル建一時払終身保険の標準利率グラフ,図表読解・説明,参照金利／安全率係数／標準利率／外貨建一時払終身／金利移動平均,計算型,営業保険料・基礎率,4,S,hoken1-seiho_01.pdf,第1章 営業保険料 ＞ 1.4.3 予定利率,1.2.3 標準責任準備金制度との関係／外貨建商品の標準利率,標準利率グラフを制度・予定利率設定に結び付ける。,13,1-11,2024G.pdf,p.11-12,11,19,exams/2024G.pdf#page=11,textbooks/hoken1-seiho_01.pdf#page=13,exams/2024G.pdf#page=19,,,,,,"[{""type"": ""教科書"", ""category"": ""教科書"", ""title"": ""第1章 営業保険料 ＞ 1.4.3 予定利率"", ""source"": ""hoken1-seiho_01.pdf"", ""usage"": ""1.2.3 標準責任準備金制度との関係／外貨建商品の標準利率"", ""url"": ""textbooks/hoken1-seiho_01.pdf#page=13"", ""reason"": ""標準利率グラフを制度・予定利率設定に結び付ける。"", ""pdf_page"": ""13"", ""internal_page"": ""1-11""}]",1,教科書：第1章 営業保険料 ＞ 1.4.3 予定利率,,,
2024-Q3(1ア/イ),2024,第Ⅱ部,問題3,(1ア/イ),6,予定事業費の設定と体系,説明,予定事業費／十分性／普遍性／公平性／件数比例／責任準備金比例／費用主義／効用主義,知識型,営業保険料・基礎率,3,S,hoken1-seiho_01.pdf,第1章 営業保険料 ＞ 1.4.4 予定事業費率,1.2.3 その他（収益性・価格競争力）,予定事業費体系と実際事業費モニタリングを確認。,16,1-14,2024G.pdf,p.13,13,21,exams/2024G.pdf#page=13,textbooks/hoken1-seiho_01.pdf#page=16,exams/2024G.pdf#page=21,,,,,,"[{""type"": ""教科書"", ""category"": ""教科書"", ""title"": ""第1章 営業保険料 ＞ 1.4.4 予定事業費率"", ""source"": ""hoken1-seiho_01.pdf"", ""usage"": ""1.2.3 その他（収益性・価格競争力）"", ""url"": ""textbooks/hoken1-seiho_01.pdf#page=16"", ""reason"": ""予定事業費体系と実際事業費モニタリングを確認。"", ""pdf_page"": ""16"", ""internal_page"": ""1-14""}]",1,教科書：第1章 営業保険料 ＞ 1.4.4 予定事業費率,,,
2024-Q3(1ウ),2024,第Ⅱ部,問題3,(1ウ),19,短期間で満期となる平準払積立保険の開発,所見論述,短期満期／若齢層／資産形成／給付設計／予定事業費体系／販売政策／収益性／金利・物価上昇,所見型,商品開発・モニタリング,5,S,hoken1-seiho_04.pdf,第4章 生命保険の商品開発 ＞ 4.1.1 不確実性の下での財務健全性・収益性 ＞ 4.2 商品開発プロセス,4.3 商品設計／4.4 商品設計以外,短満期積立は商品性・金利・解約・ALMで。,6,4-3,2024G.pdf,p.13,13,21,exams/2024G.pdf#page=13,textbooks/hoken1-seiho_04.pdf#page=6,exams/2024G.pdf#page=21,,,,,,"[{""type"": ""教科書"", ""category"": ""教科書"", ""title"": ""第4章 生命保険の商品開発 ＞ 4.1.1 不確実性の下での財務健全性・収益性 ＞ 4.2 商品開発プロセス"", ""source"": ""hoken1-seiho_04.pdf"", ""usage"": ""4.3 商品設計／4.4 商品設計以外"", ""url"": ""textbooks/hoken1-seiho_04.pdf#page=6"", ""reason"": ""短満期積立は商品性・金利・解約・ALMで。"", ""pdf_page"": ""6"", ""internal_page"": ""4-3""}]",1,教科書：第4章 生命保険の商品開発 ＞ 4.1.1 不確実性の下での財務健全性・収益性 ＞ 4.2 商品開発プロセス,,,
2024-Q3(2ア),2024,第Ⅱ部,問題3,(2ア),4,商品開発における収支変動制御方法,説明,商品設計／契約群団コントロール／商品ポートフォリオ／事後モニタリング／収支変動制御,知識型,商品開発・モニタリング,2,S,hoken1-seiho_04.pdf,第4章 生命保険の商品開発 ＞ 4.1.1 不確実性の下での財務健全性・収益性 ＞ 将来の不確実性の制御方法,4.3 商品設計／4.4.8 資産運用・ALM／4.4.9 再保険,収支変動制御の7分類を答案で使う。,6,4-3,2024G.pdf,p.14,14,26,exams/2024G.pdf#page=14,textbooks/hoken1-seiho_04.pdf#page=6,exams/2024G.pdf#page=26,,,,,,"[{""type"": ""教科書"", ""category"": ""教科書"", ""title"": ""第4章 生命保険の商品開発 ＞ 4.1.1 不確実性の下での財務健全性・収益性 ＞ 将来の不確実性の制御方法"", ""source"": ""hoken1-seiho_04.pdf"", ""usage"": ""4.3 商品設計／4.4.8 資産運用・ALM／4.4.9 再保険"", ""url"": ""textbooks/hoken1-seiho_04.pdf#page=6"", ""reason"": ""収支変動制御の7分類を答案で使う。"", ""pdf_page"": ""6"", ""internal_page"": ""4-3""}]",1,教科書：第4章 生命保険の商品開発 ＞ 4.1.1 不確実性の下での財務健全性・収益性 ＞ 将来の不確実性の制御方法,,,
2024-Q3(2イ),2024,第Ⅱ部,問題3,(2イ),21,がん一時金商品の環境変化とモニタリング・対応策,所見論述,がん罹患リスク推定／逆選択／早期発見／給付発生率／モニタリング／料率改定／給付事由見直し／販売政策,所見型,第三分野・医療,5,S,hoken1-seiho_07.pdf,第7章 医療保険 ＞ 7.3 医療保険の主な保障内容 ＞ 7.4 医療保険の保険料計算,7.7 保険計理人の機能強化／4.2.4 事後モニタリング,環境変化→発生率→給付設計→モニタリングを骨子化。,9,7-5,2024G.pdf,p.14,14,26,exams/2024G.pdf#page=14,textbooks/hoken1-seiho_07.pdf#page=9,exams/2024G.pdf#page=26,,,,,,"[{""type"": ""教科書"", ""category"": ""教科書"", ""title"": ""第7章 医療保険 ＞ 7.3 医療保険の主な保障内容 ＞ 7.4 医療保険の保険料計算"", ""source"": ""hoken1-seiho_07.pdf"", ""usage"": ""7.7 保険計理人の機能強化／4.2.4 事後モニタリング"", ""url"": ""textbooks/hoken1-seiho_07.pdf#page=9"", ""reason"": ""環境変化→発生率→給付設計→モニタリングを骨子化。"", ""pdf_page"": ""9"", ""internal_page"": ""7-5""}]",1,教科書：第7章 医療保険 ＞ 7.3 医療保険の主な保障内容 ＞ 7.4 医療保険の保険料計算,,,
2025-Q1(1),2025,第Ⅰ部,問題1,(1),4,生命保険の商品開発プロセス,語句選択,顧客・チャネル魅力度／市場規模／競合優位性／基本設計／実現可能性／財務収支見通し／危険選択／認可取得,知識型,商品開発・モニタリング,2,S,hoken1-seiho_04.pdf,第4章 生命保険の商品開発 ＞ 4.2.1 商品開発プロセスの概略,4.2.2 事前に準備すべき事項／4.2.3 事前に確認すべき事項／4.2.4 事後モニタリング,商品企画→包括的事業化分析→詳細設計→導入→モニタリングを暗記。,11,4-8,2025G.pdf,p.1,1,17,exams/2025G.pdf#page=1,textbooks/hoken1-seiho_04.pdf#page=11,exams/2025G.pdf#page=17,IV-1-4 危険選択,https://www.fsa.go.jp/common/law/guide/ins/04.html#:~:text=IV%20%EF%BC%8D%EF%BC%91%EF%BC%8D%EF%BC%94%20%E5%8D%B1%E9%99%BA%E9%81%B8%E6%8A%9E,,,1,"[{""type"": ""教科書"", ""category"": ""教科書"", ""title"": ""第4章 生命保険の商品開発 ＞ 4.2.1 商品開発プロセスの概略"", ""source"": ""hoken1-seiho_04.pdf"", ""usage"": ""4.2.2 事前に準備すべき事項／4.2.3 事前に確認すべき事項／4.2.4 事後モニタリング"", ""url"": ""textbooks/hoken1-seiho_04.pdf#page=11"", ""reason"": ""商品企画→包括的事業化分析→詳細設計→導入→モニタリングを暗記。"", ""pdf_page"": ""11"", ""internal_page"": ""4-8""}, {""id"": ""OFF-08"", ""category"": ""監督指針"", ""title"": ""IV-1-4 危険選択"", ""source"": ""金融庁"", ""usage"": ""危険選択、告知項目、引受範囲に関する商品審査"", ""url"": ""https://www.fsa.go.jp/common/law/guide/ins/04.html#:~:text=IV%20%EF%BC%8D%EF%BC%91%EF%BC%8D%EF%BC%94%20%E5%8D%B1%E9%99%BA%E9%81%B8%E6%8A%9E"", ""type"": ""公式"", ""reason"": ""危険選択、告知項目、引受範囲に関する商品審査"", ""section_hint"": ""IV－1－4 危険選択"", ""excerpt"": ""被保険者の健康状態等に係る身体的危険、職業等に係る環境的危険を適切に選択する方策、モラルリスク排除、無選択型商品の逆選択対応を確認する箇所。"", ""display_mode"": ""official_panel""}]",2,教科書：第4章 生命保険の商品開発 ＞ 4.2.1 商品開発プロセスの概略 ／ 公式：IV-1-4 危険選択,IV－1－4 危険選択,被保険者の健康状態等に係る身体的危険、職業等に係る環境的危険を適切に選択する方策、モラルリスク排除、無選択型商品の逆選択対応を確認する箇所。,
2025-Q1(2),2025,第Ⅰ部,問題1,(2),4,生保標準生命表2018（死亡保険用）の基礎データ,語句記入,選択効果／東日本大震災／10年截断／95%信頼区間／有診査／経過年数30年以下,知識型,死亡率・標準生命表,4,A,hoken1-seiho_01.pdf,第1章 営業保険料 ＞ 1.4.1 予定死亡率・予定給付発生率等,第7章 付録4 第三分野標準生命表2018の作成概要,標準生命表2018の基礎データ・截断・信頼区間。,9,1-7,2025G.pdf,p.2,2,17,exams/2025G.pdf#page=2,textbooks/hoken1-seiho_01.pdf#page=9,exams/2025G.pdf#page=17,IV-4 第三分野,https://www.fsa.go.jp/common/law/guide/ins/04.html#:~:text=IV%20%EF%BC%8D%EF%BC%94%EF%BC%8D%EF%BC%91%20%E5%9F%BA%E7%A4%8E%E7%8E%87%E5%A4%89%E6%9B%B4%E6%A8%A9%E3%81%AE%E8%A8%AD%E5%AE%9A%E3%81%AB%E3%81%A4%E3%81%84%E3%81%A6,金融庁 報道発表資料（保険会社関係）,https://www.fsa.go.jp/news/r7/hoken/news_menu_h.html,2,"[{""type"": ""教科書"", ""category"": ""教科書"", ""title"": ""第1章 営業保険料 ＞ 1.4.1 予定死亡率・予定給付発生率等"", ""source"": ""hoken1-seiho_01.pdf"", ""usage"": ""第7章 付録4 第三分野標準生命表2018の作成概要"", ""url"": ""textbooks/hoken1-seiho_01.pdf#page=9"", ""reason"": ""標準生命表2018の基礎データ・截断・信頼区間。"", ""pdf_page"": ""9"", ""internal_page"": ""1-7""}, {""id"": ""OFF-13"", ""category"": ""監督指針"", ""title"": ""IV-4 第三分野"", ""source"": ""金融庁"", ""usage"": ""第三分野商品の商品審査、基礎率変更権、契約者保護"", ""url"": ""https://www.fsa.go.jp/common/law/guide/ins/04.html#:~:text=IV%20%EF%BC%8D%EF%BC%94%EF%BC%8D%EF%BC%91%20%E5%9F%BA%E7%A4%8E%E7%8E%87%E5%A4%89%E6%9B%B4%E6%A8%A9%E3%81%AE%E8%A8%AD%E5%AE%9A%E3%81%AB%E3%81%A4%E3%81%84%E3%81%A6"", ""type"": ""公式"", ""reason"": ""第三分野商品の商品審査、基礎率変更権、契約者保護"", ""section_hint"": ""IV－4 第三分野／基礎率変更権"", ""excerpt"": ""第三分野保険の基礎率変更権、行使基準、実績発生率指標、契約者説明・情報開示、変更後予定発生率の合理性等を確認する箇所。"", ""display_mode"": ""official_panel""}, {""id"": ""OFF-29"", ""category"": ""パブコメ"", ""title"": ""金融庁 報道発表資料（保険会社関係）"", ""source"": ""金融庁"", ""usage"": ""監督指針・法令改正・標準生命表関連などの公表資料、パブリックコメント確認"", ""url"": ""https://www.fsa.go.jp/news/r7/hoken/news_menu_h.html"", ""type"": ""公式"", ""reason"": ""監督指針・法令改正・標準生命表関連などの公表資料、パブリックコメント確認"", ""section_hint"": ""金融庁 報道発表資料（保険会社関係）"", ""excerpt"": ""監督指針・法令改正・標準生命表関連などのパブリックコメント・公表資料の入口。個別案件の確認用。"", ""display_mode"": ""official_panel""}]",3,教科書：第1章 営業保険料 ＞ 1.4.1 予定死亡率・予定給付発生率等 ／ 公式：IV-4 第三分野 ／ 公式：金融庁 報道発表資料（保険会社関係）,IV－4 第三分野／基礎率変更権,第三分野保険の基礎率変更権、行使基準、実績発生率指標、契約者説明・情報開示、変更後予定発生率の合理性等を確認する箇所。,
2025-Q1(3),2025,第Ⅰ部,問題1,(3),4,商品開発に係る内部管理態勢,選択,普通保険約款／保険業法／取締役／経営計画／健全性維持／相互牽制／道徳的危険／保険計理人,知識型,法令・基礎書類,3,S,hoken1-seiho_04.pdf,第4章 生命保険の商品開発 ＞ 4.4.10 法令等 ＞ 商品開発に係る内部管理態勢,4.2 商品開発プロセス／参考：基礎書類,取締役会・相互牽制・保険計理人の役割を確認。,54,4-51,2025G.pdf,p.3-4,3,17,exams/2025G.pdf#page=3,textbooks/hoken1-seiho_04.pdf#page=54,exams/2025G.pdf#page=17,II-2-5 商品開発に係る内部管理態勢,https://www.fsa.go.jp/common/law/guide/ins/02b.html#:~:text=II%20%EF%BC%8D%EF%BC%92%EF%BC%8D%EF%BC%95%EF%BC%8D%EF%BC%91%20%E6%84%8F%E7%BE%A9,保険業法 第5条（免許審査基準）,https://laws.e-gov.go.jp/law/407AC0000000105#Mp-At_5,2,"[{""type"": ""教科書"", ""category"": ""教科書"", ""title"": ""第4章 生命保険の商品開発 ＞ 4.4.10 法令等 ＞ 商品開発に係る内部管理態勢"", ""source"": ""hoken1-seiho_04.pdf"", ""usage"": ""4.2 商品開発プロセス／参考：基礎書類"", ""url"": ""textbooks/hoken1-seiho_04.pdf#page=54"", ""reason"": ""取締役会・相互牽制・保険計理人の役割を確認。"", ""pdf_page"": ""54"", ""internal_page"": ""4-51""}, {""id"": ""OFF-02"", ""category"": ""監督指針"", ""title"": ""II-2-5 商品開発に係る内部管理態勢"", ""source"": ""金融庁"", ""usage"": ""商品開発プロセス、内部管理、保険計理人・関連部門連携"", ""url"": ""https://www.fsa.go.jp/common/law/guide/ins/02b.html#:~:text=II%20%EF%BC%8D%EF%BC%92%EF%BC%8D%EF%BC%95%EF%BC%8D%EF%BC%91%20%E6%84%8F%E7%BE%A9"", ""type"": ""公式"", ""reason"": ""商品開発プロセス、内部管理、保険計理人・関連部門連携"", ""section_hint"": ""II－2－5 商品開発に係る内部管理態勢"", ""excerpt"": ""商品内容は普通保険約款・事業方法書に、料率は算出方法書に記載される。商品開発では、自己責任原則に基づき、リスク面・財務面・募集面・法制面等を検討する内部管理態勢が求められる。"", ""display_mode"": ""official_panel""}, {""id"": ""OFF-19"", ""category"": ""法令"", ""title"": ""保険業法 第5条（免許審査基準）"", ""source"": ""e-Gov法令検索"", ""usage"": ""契約者保護、公序良俗、不当な差別的取扱い等"", ""url"": ""https://laws.e-gov.go.jp/law/407AC0000000105#Mp-At_5"", ""type"": ""公式"", ""reason"": ""契約者保護、公序良俗、不当な差別的取扱い等"", ""section_hint"": ""保険業法 第5条（免許審査基準）"", ""excerpt"": ""免許審査基準。保険契約者等の保護、公序良俗、不当な差別的取扱い等の観点を確認する条文。"", ""display_mode"": ""official_panel""}]",3,教科書：第4章 生命保険の商品開発 ＞ 4.4.10 法令等 ＞ 商品開発に係る内部管理態勢 ／ 公式：II-2-5 商品開発に係る内部管理態勢 ／ 公式：保険業法 第5条（免許審査基準）,II－2－5 商品開発に係る内部管理態勢,商品内容は普通保険約款・事業方法書に、料率は算出方法書に記載される。商品開発では、自己責任原則に基づき、リスク面・財務面・募集面・法制面等を検討する内部管理態勢が求められる。,
2025-Q1(4),2025,第Ⅰ部,問題1,(4),4,1999年以降の変額年金保険の概要,選択,投資信託／銀行窓販／プットオプション／解約時清算なし／保険関係費用／最低保証料／インザマネー／内部留保,知識型,変額年金,3,S,hoken1-seiho_05.pdf,第5章 変額年金保険 ＞ 5.1 変額年金保険の概要,5.2 最低保証リスクの基本的構造,投資信託＋生命保険・最低保証料・インザマネーを確認。,5,5-1,2025G.pdf,p.5,5,17,exams/2025G.pdf#page=5,textbooks/hoken1-seiho_05.pdf#page=5,exams/2025G.pdf#page=17,,,,,,"[{""type"": ""教科書"", ""category"": ""教科書"", ""title"": ""第5章 変額年金保険 ＞ 5.1 変額年金保険の概要"", ""source"": ""hoken1-seiho_05.pdf"", ""usage"": ""5.2 最低保証リスクの基本的構造"", ""url"": ""textbooks/hoken1-seiho_05.pdf#page=5"", ""reason"": ""投資信託＋生命保険・最低保証料・インザマネーを確認。"", ""pdf_page"": ""5"", ""internal_page"": ""5-1""}]",1,教科書：第5章 変額年金保険 ＞ 5.1 変額年金保険の概要,,,
2025-Q1(5),2025,第Ⅰ部,問題1,(5),4,非比例式再保険・ストップロスカバー純保険料,選択・計算,集積リスク／発生率関係／自己保有額／割高／ストップロスカバー／純保険料／エクセスポイント／支払限度,計算型,再保険,4,S,hoken1-seiho_08.pdf,第8章 再保険 ＞ 8.3.4 エクセスオブロス・カバー ＞ 8.3.5 ストップロス・カバー,8.2 再保険の方式／8.1.2 目的,非比例式再保険の純保険料計算を演習。,28,8-24,2025G.pdf,p.6-7,6,17,exams/2025G.pdf#page=6,textbooks/hoken1-seiho_08.pdf#page=28,exams/2025G.pdf#page=17,,,,,,"[{""type"": ""教科書"", ""category"": ""教科書"", ""title"": ""第8章 再保険 ＞ 8.3.4 エクセスオブロス・カバー ＞ 8.3.5 ストップロス・カバー"", ""source"": ""hoken1-seiho_08.pdf"", ""usage"": ""8.2 再保険の方式／8.1.2 目的"", ""url"": ""textbooks/hoken1-seiho_08.pdf#page=28"", ""reason"": ""非比例式再保険の純保険料計算を演習。"", ""pdf_page"": ""28"", ""internal_page"": ""8-24""}]",1,教科書：第8章 再保険 ＞ 8.3.4 エクセスオブロス・カバー ＞ 8.3.5 ストップロス・カバー,,,
2025-Q2(1),2025,第Ⅰ部,問題2,(1),6,アセット・シェアの活用目的と計算,説明・計算,保険料率計算／責任準備金十分性／配当率設定・確認／会社組織変更／AS／ネットAS,複合型,アセット・シェア,4,S,hoken1-seiho_03.pdf,第3章 アセット・シェア ＞ 3.1.2 アセット・シェア計算の目的 ＞ 3.2 アセット・シェア計算の原理,3.3 アセット・シェアの活用,目的・算式・計算要素の設定を横串で。,6,3-2,2025G.pdf,p.8-9,8,19,exams/2025G.pdf#page=8,textbooks/hoken1-seiho_03.pdf#page=6,exams/2025G.pdf#page=19,,,,,,"[{""type"": ""教科書"", ""category"": ""教科書"", ""title"": ""第3章 アセット・シェア ＞ 3.1.2 アセット・シェア計算の目的 ＞ 3.2 アセット・シェア計算の原理"", ""source"": ""hoken1-seiho_03.pdf"", ""usage"": ""3.3 アセット・シェアの活用"", ""url"": ""textbooks/hoken1-seiho_03.pdf#page=6"", ""reason"": ""目的・算式・計算要素の設定を横串で。"", ""pdf_page"": ""6"", ""internal_page"": ""3-2""}]",1,教科書：第3章 アセット・シェア ＞ 3.1.2 アセット・シェア計算の目的 ＞ 3.2 アセット・シェア計算の原理,,,
2025-Q2(2),2025,第Ⅰ部,問題2,(2),6,一律の予定発生率設定,説明,一律予定発生率／十分性／公平性／料率区分／低頻度給付／実務簡素化／社会的公平性,複合型,営業保険料・基礎率,4,S,hoken1-seiho_01.pdf,第1章 営業保険料 ＞ 1.4.1 予定死亡率・予定給付発生率等,1.5 保険料の細分化／1.2.2 公平性,一律発生率の長所短所を公平性・簡素性で。,9,1-7,2025G.pdf,p.10,10,20,exams/2025G.pdf#page=10,textbooks/hoken1-seiho_01.pdf#page=9,exams/2025G.pdf#page=20,IV-5-1 保険料,https://www.fsa.go.jp/common/law/guide/ins/04.html#:~:text=IV%20%EF%BC%8D%EF%BC%95%EF%BC%8D%EF%BC%91%20%E4%BF%9D%E9%99%BA%E6%96%99,,,1,"[{""type"": ""教科書"", ""category"": ""教科書"", ""title"": ""第1章 営業保険料 ＞ 1.4.1 予定死亡率・予定給付発生率等"", ""source"": ""hoken1-seiho_01.pdf"", ""usage"": ""1.5 保険料の細分化／1.2.2 公平性"", ""url"": ""textbooks/hoken1-seiho_01.pdf#page=9"", ""reason"": ""一律発生率の長所短所を公平性・簡素性で。"", ""pdf_page"": ""9"", ""internal_page"": ""1-7""}, {""id"": ""OFF-14"", ""category"": ""監督指針"", ""title"": ""IV-5-1 保険料"", ""source"": ""金融庁"", ""usage"": ""保険料・付加保険料・料率区分・割増引制度"", ""url"": ""https://www.fsa.go.jp/common/law/guide/ins/04.html#:~:text=IV%20%EF%BC%8D%EF%BC%95%EF%BC%8D%EF%BC%91%20%E4%BF%9D%E9%99%BA%E6%96%99"", ""type"": ""公式"", ""reason"": ""保険料・付加保険料・料率区分・割増引制度"", ""section_hint"": ""IV－5－1 保険料"", ""excerpt"": ""保険料の算出方法について、十分性・公平性等を考慮して合理的かつ妥当か、不当な差別的扱いがないか、予定発生率等が基礎データに基づくかを確認する箇所。"", ""display_mode"": ""official_panel""}]",2,教科書：第1章 営業保険料 ＞ 1.4.1 予定死亡率・予定給付発生率等 ／ 公式：IV-5-1 保険料,IV－5－1 保険料,保険料の算出方法について、十分性・公平性等を考慮して合理的かつ妥当か、不当な差別的扱いがないか、予定発生率等が基礎データに基づくかを確認する箇所。,
2025-Q2(3),2025,第Ⅰ部,問題2,(3),7,予定利率引下げ時の営業保険料改定（新興国S国）,説明,予定利率引下げ／養老保険／定期保険／元本割れ／価格整合性／苦情対応／料率調整,複合型,営業保険料・基礎率,5,S,hoken1-seiho_01.pdf,第1章 営業保険料 ＞ 1.4.3 予定利率 ＞ 1.3 営業保険料の計算方法,1.2.3 収益性・価格競争力,予定利率引下げの保険料・責任準備金・販売影響。,13,1-11,2025G.pdf,p.11-12,11,21,exams/2025G.pdf#page=11,textbooks/hoken1-seiho_01.pdf#page=13,exams/2025G.pdf#page=21,,,,,,"[{""type"": ""教科書"", ""category"": ""教科書"", ""title"": ""第1章 営業保険料 ＞ 1.4.3 予定利率 ＞ 1.3 営業保険料の計算方法"", ""source"": ""hoken1-seiho_01.pdf"", ""usage"": ""1.2.3 収益性・価格競争力"", ""url"": ""textbooks/hoken1-seiho_01.pdf#page=13"", ""reason"": ""予定利率引下げの保険料・責任準備金・販売影響。"", ""pdf_page"": ""13"", ""internal_page"": ""1-11""}]",1,教科書：第1章 営業保険料 ＞ 1.4.3 予定利率 ＞ 1.3 営業保険料の計算方法,,,
2025-Q2(4),2025,第Ⅰ部,問題2,(4),5,団体信用生命保険とグレッグの5原則,説明,団体加入目的／団体加入強制性／保険金客観的決定／団体一括性／管理簡便性／団信／住宅ローン,知識型,団体生命保険,4,S,hoken1-seiho_06.pdf,第6章 団体生命保険 ＞ 6.5.2 団体信用生命保険 ＞ 6.1 はじめに（グレッグの特質）,6.3 団体生命保険の危険選択,団信とグレッグ5原則の両方を確認。,13,6-9,2025G.pdf,p.13,13,22,exams/2025G.pdf#page=13,textbooks/hoken1-seiho_06.pdf#page=13,exams/2025G.pdf#page=22,IV-1-4 危険選択,https://www.fsa.go.jp/common/law/guide/ins/04.html#:~:text=IV%20%EF%BC%8D%EF%BC%91%EF%BC%8D%EF%BC%94%20%E5%8D%B1%E9%99%BA%E9%81%B8%E6%8A%9E,,,1,"[{""type"": ""教科書"", ""category"": ""教科書"", ""title"": ""第6章 団体生命保険 ＞ 6.5.2 団体信用生命保険 ＞ 6.1 はじめに（グレッグの特質）"", ""source"": ""hoken1-seiho_06.pdf"", ""usage"": ""6.3 団体生命保険の危険選択"", ""url"": ""textbooks/hoken1-seiho_06.pdf#page=13"", ""reason"": ""団信とグレッグ5原則の両方を確認。"", ""pdf_page"": ""13"", ""internal_page"": ""6-9""}, {""id"": ""OFF-08"", ""category"": ""監督指針"", ""title"": ""IV-1-4 危険選択"", ""source"": ""金融庁"", ""usage"": ""危険選択、告知項目、引受範囲に関する商品審査"", ""url"": ""https://www.fsa.go.jp/common/law/guide/ins/04.html#:~:text=IV%20%EF%BC%8D%EF%BC%91%EF%BC%8D%EF%BC%94%20%E5%8D%B1%E9%99%BA%E9%81%B8%E6%8A%9E"", ""type"": ""公式"", ""reason"": ""危険選択、告知項目、引受範囲に関する商品審査"", ""section_hint"": ""IV－1－4 危険選択"", ""excerpt"": ""被保険者の健康状態等に係る身体的危険、職業等に係る環境的危険を適切に選択する方策、モラルリスク排除、無選択型商品の逆選択対応を確認する箇所。"", ""display_mode"": ""official_panel""}]",2,教科書：第6章 団体生命保険 ＞ 6.5.2 団体信用生命保険 ＞ 6.1 はじめに（グレッグの特質） ／ 公式：IV-1-4 危険選択,IV－1－4 危険選択,被保険者の健康状態等に係る身体的危険、職業等に係る環境的危険を適切に選択する方策、モラルリスク排除、無選択型商品の逆選択対応を確認する箇所。,
2025-Q2(5),2025,第Ⅰ部,問題2,(5),6,医療保険の事後モニタリングと予定発生率見直し,説明,入院給付／手術給付／死亡給付／発生指数／危険差益・損／予定発生率見直し／給付間バランス,複合型,第三分野・医療,4,S,hoken1-seiho_07.pdf,第7章 医療保険 ＞ 7.4 医療保険の保険料計算 ＞ 7.7 保険計理人の機能強化,4.2.4 事後モニタリングと改善アクション,モニタリングから予定発生率見直しまでの流れを整理。,17,7-13,2025G.pdf,p.14,14,23,exams/2025G.pdf#page=14,textbooks/hoken1-seiho_07.pdf#page=17,exams/2025G.pdf#page=23,,,,,,"[{""type"": ""教科書"", ""category"": ""教科書"", ""title"": ""第7章 医療保険 ＞ 7.4 医療保険の保険料計算 ＞ 7.7 保険計理人の機能強化"", ""source"": ""hoken1-seiho_07.pdf"", ""usage"": ""4.2.4 事後モニタリングと改善アクション"", ""url"": ""textbooks/hoken1-seiho_07.pdf#page=17"", ""reason"": ""モニタリングから予定発生率見直しまでの流れを整理。"", ""pdf_page"": ""17"", ""internal_page"": ""7-13""}]",1,教科書：第7章 医療保険 ＞ 7.4 医療保険の保険料計算 ＞ 7.7 保険計理人の機能強化,,,
2025-Q3(1),2025,第Ⅱ部,問題3,(1),25,トンチン性のある個人年金商品開発,所見論述,トンチン性／死亡者持分の生存者移転／保証期間付終身年金／長寿リスク／死亡給付・解約返戻金／予定死亡率／金利変動／顧客理解,所見型,年金・長寿,5,S,hoken1-seiho_04.pdf,第4章 生命保険の商品開発 ＞ 4.3.1 保険給付等の詳細設計 ＞ 4.4.8 資産運用・ALM,1.4.3 予定利率／年金・長寿リスク,トンチン性・長寿リスク・公平性・説明責任を論述。,26,4-23,2025G.pdf,p.15-16,15,24,exams/2025G.pdf#page=15,textbooks/hoken1-seiho_04.pdf#page=26,exams/2025G.pdf#page=24,,,,,,"[{""type"": ""教科書"", ""category"": ""教科書"", ""title"": ""第4章 生命保険の商品開発 ＞ 4.3.1 保険給付等の詳細設計 ＞ 4.4.8 資産運用・ALM"", ""source"": ""hoken1-seiho_04.pdf"", ""usage"": ""1.4.3 予定利率／年金・長寿リスク"", ""url"": ""textbooks/hoken1-seiho_04.pdf#page=26"", ""reason"": ""トンチン性・長寿リスク・公平性・説明責任を論述。"", ""pdf_page"": ""26"", ""internal_page"": ""4-23""}]",1,教科書：第4章 生命保険の商品開発 ＞ 4.3.1 保険給付等の詳細設計 ＞ 4.4.8 資産運用・ALM,,,
2025-Q3(2ア),2025,第Ⅱ部,問題3,(2ア),3,第三分野予定発生率設定の困難性,説明,発生率定義／医療技術変化／査定基準／データ不足／トレンド／給付事由変更,知識型,第三分野・医療,3,S,hoken1-seiho_07.pdf,第7章 医療保険 ＞ 7.4.1.4 予定発生率および予定入院日数などの設定の留意点,7.6 基礎率変更権の取扱い／7.7 保険計理人の機能強化,第三分野の発生率設定困難性をデータ・トレンド・医療技術で。,20,7-16,2025G.pdf,p.16,16,29,exams/2025G.pdf#page=16,textbooks/hoken1-seiho_07.pdf#page=20,exams/2025G.pdf#page=29,保険業法施行規則 第11条（基礎率変更権等）,https://laws.e-gov.go.jp/law/408M50000040005#Mp-At_11,IV-4 第三分野,https://www.fsa.go.jp/common/law/guide/ins/04.html#:~:text=IV%20%EF%BC%8D%EF%BC%94%EF%BC%8D%EF%BC%91%20%E5%9F%BA%E7%A4%8E%E7%8E%87%E5%A4%89%E6%9B%B4%E6%A8%A9%E3%81%AE%E8%A8%AD%E5%AE%9A%E3%81%AB%E3%81%A4%E3%81%84%E3%81%A6,2,"[{""type"": ""教科書"", ""category"": ""教科書"", ""title"": ""第7章 医療保険 ＞ 7.4.1.4 予定発生率および予定入院日数などの設定の留意点"", ""source"": ""hoken1-seiho_07.pdf"", ""usage"": ""7.6 基礎率変更権の取扱い／7.7 保険計理人の機能強化"", ""url"": ""textbooks/hoken1-seiho_07.pdf#page=20"", ""reason"": ""第三分野の発生率設定困難性をデータ・トレンド・医療技術で。"", ""pdf_page"": ""20"", ""internal_page"": ""7-16""}, {""id"": ""OFF-26"", ""category"": ""法令"", ""title"": ""保険業法施行規則 第11条（基礎率変更権等）"", ""source"": ""e-Gov法令検索"", ""usage"": ""第三分野保険の基礎率変更権、認可申請の根拠"", ""url"": ""https://laws.e-gov.go.jp/law/408M50000040005#Mp-At_11"", ""type"": ""公式"", ""reason"": ""第三分野保険の基礎率変更権、認可申請の根拠"", ""section_hint"": ""保険業法施行規則 第11条（基礎率変更権等）"", ""excerpt"": ""基礎率変更権等の算出方法書記載事項・審査基準に関連する条文。第三分野保険の基礎率変更権問題で確認。"", ""display_mode"": ""official_panel""}, {""id"": ""OFF-13"", ""category"": ""監督指針"", ""title"": ""IV-4 第三分野"", ""source"": ""金融庁"", ""usage"": ""第三分野商品の商品審査、基礎率変更権、契約者保護"", ""url"": ""https://www.fsa.go.jp/common/law/guide/ins/04.html#:~:text=IV%20%EF%BC%8D%EF%BC%94%EF%BC%8D%EF%BC%91%20%E5%9F%BA%E7%A4%8E%E7%8E%87%E5%A4%89%E6%9B%B4%E6%A8%A9%E3%81%AE%E8%A8%AD%E5%AE%9A%E3%81%AB%E3%81%A4%E3%81%84%E3%81%A6"", ""type"": ""公式"", ""reason"": ""第三分野商品の商品審査、基礎率変更権、契約者保護"", ""section_hint"": ""IV－4 第三分野／基礎率変更権"", ""excerpt"": ""第三分野保険の基礎率変更権、行使基準、実績発生率指標、契約者説明・情報開示、変更後予定発生率の合理性等を確認する箇所。"", ""display_mode"": ""official_panel""}]",3,教科書：第7章 医療保険 ＞ 7.4.1.4 予定発生率および予定入院日数などの設定の留意点 ／ 公式：保険業法施行規則 第11条（基礎率変更権等） ／ 公式：IV-4 第三分野,保険業法施行規則 第11条（基礎率変更権等）,基礎率変更権等の算出方法書記載事項・審査基準に関連する条文。第三分野保険の基礎率変更権問題で確認。,
2025-Q3(2イ),2025,第Ⅱ部,問題3,(2イ),22,緩和型医療保険の収益性検証,所見論述,緩和型医療保険／既往症／保険料率差／契約初期給付制限／競争環境／発生指数悪化／商品A・B比較／収益性検証,所見型,商品毎収益検証,5,S,hoken1-seiho_10.pdf,第10章 商品毎収益検証 ＞ 10.2 商品毎収益検証の目的 ＞ 10.10 モデルの検証,10.3 シナリオ設定／10.8 契約内容の検証／7.4 医療保険の保険料計算,緩和型医療は商品比較・発生指数・収益検証の活用を整理。,10,10-4,2025G.pdf,p.16,16,29,exams/2025G.pdf#page=16,textbooks/hoken1-seiho_10.pdf#page=10,exams/2025G.pdf#page=29,,,,,,"[{""type"": ""教科書"", ""category"": ""教科書"", ""title"": ""第10章 商品毎収益検証 ＞ 10.2 商品毎収益検証の目的 ＞ 10.10 モデルの検証"", ""source"": ""hoken1-seiho_10.pdf"", ""usage"": ""10.3 シナリオ設定／10.8 契約内容の検証／7.4 医療保険の保険料計算"", ""url"": ""textbooks/hoken1-seiho_10.pdf#page=10"", ""reason"": ""緩和型医療は商品比較・発生指数・収益検証の活用を整理。"", ""pdf_page"": ""10"", ""internal_page"": ""10-4""}]",1,教科書：第10章 商品毎収益検証 ＞ 10.2 商品毎収益検証の目的 ＞ 10.10 モデルの検証,,,
